yyyymm,price,d12,e12,ret,retx,AAA,BAA,lty,ltr,corpr,tbl,Rfree,d/p,d/y,e/p,d/e,b/m,tms,dfy,dfr,infl,eqis,ntis,svar,cay,i/k,csp,pce,vp,impvar,vrp,govik,lzrt,skew,crdstd,ogap,wtexas,accrul,cfacc,sntm,ndrbl,skvw,tail,fbm,dtoy,dtoat,ygap,rdsp,rsvix,gpce,gip,tchi,house,avgcor,shtint,disag
187101,4.44,0.26,0.4,,,,,,,,,,0.05855855855855856,,0.09009009009009009,0.65,,,,,,,,,,,,,,,,,,,,,,,,,,,,,,,,,,,,,,,,
187102,4.5,0.26,0.4,,,,,,,,,0.004967421451620109,0.05777777777777778,0.05855855855855856,0.08888888888888889,0.65,,,,,,,,,,,,,,,,,,,,,,,,,,,,,,,,,,,,,,,,
187103,4.61,0.26,0.4,,,,,,,,,0.004524663161801005,0.05639913232104121,0.05777777777777778,0.08676789587852494,0.65,,,,,,,,,,,,,,,,,,,,,,,,,,,,,,,,,,,,,,,,
187104,4.74,0.26,0.4,,,,,,,,,0.004251628883079224,0.05485232067510548,0.05639913232104121,0.08438818565400844,0.65,,,,,,,,,,,,,,,,,,,,,,,,,,,,,,,,,,,,,,,,
187105,4.86,0.26,0.4,,,,,,,,,0.004642732039086099,0.053497942386831275,0.05485232067510548,0.0823045267489712,0.65,,,,,,,,,,,,,,,,,,,,,,,,,,,,,,,,,,,,,,,,
187106,4.82,0.26,0.4,,,,,,,,,0.003698181020805343,0.05394190871369294,0.053497942386831275,0.08298755186721991,0.65,,,,,,,,,,,,,,,,,,,,,,,,,,,,,,,,,,,,,,,,
187107,4.73,0.26,0.4,,,,,,,,,0.0033734916082713328,0.05496828752642706,0.05394190871369294,0.08456659619450317,0.65,,,,,,,,,,,,,,,,,,,,,,,,,,,,,,,,,,,,,,,,
187108,4.79,0.26,0.4,,,,,,,,,0.0032554227309862386,0.054279749478079335,0.05496828752642706,0.08350730688935282,0.65,,,,,,,,,,,,,,,,,,,,,,,,,,,,,,,,,,,,,,,,
187109,4.84,0.26,0.4,,,,,,,,,0.0037129396304659795,0.05371900826446281,0.054279749478079335,0.08264462809917356,0.65,,,,,,,,,,,,,,,,,,,,,,,,,,,,,,,,,,,,,,,,
187110,4.59,0.26,0.4,,,,,,,,,0.004554180381122278,0.056644880174291944,0.05371900826446281,0.08714596949891068,0.65,,,,,,,,,,,,,,,,,,,,,,,,,,,,,,,,,,,,,,,,
187111,4.64,0.26,0.4,,,,,,,,,0.00704100610893958,0.0560344827586207,0.056644880174291944,0.08620689655172414,0.65,,,,,,,,,,,,,,,,,,,,,,,,,,,,,,,,,,,,,,,,
187112,4.74,0.26,0.4,,,,,,,,,0.006487558246665701,0.05485232067510548,0.0560344827586207,0.08438818565400844,0.65,,,,,,,,,,,,,,,,,,,,,,,,,,,,,,,,,,,,,,,,
187201,4.86,0.2633,0.4025,,,,,,,,,0.006974592365466716,0.05417695473251028,0.05554852320675105,0.08281893004115226,0.6541614906832297,,,,,,,,,,,,,,,,,,,,,,,,,,,,,,,,,,,,,,,,
187202,4.88,0.2667,0.405,,,,,,,,,0.0057643863732944976,0.054651639344262294,0.05487654320987654,0.08299180327868853,0.6585185185185185,,,,,,,,,,,,,,,,,,,,,,,,,,,,,,,,,,,,,,,,
187203,5.04,0.27,0.4075,,,,,,,,,0.005218317815850935,0.053571428571428575,0.05532786885245902,0.0808531746031746,0.6625766871165645,,,,,,,,,,,,,,,,,,,,,,,,,,,,,,,,,,,,,,,,
187204,5.18,0.2733,0.41,,,,,,,,,0.006000524127864685,0.05276061776061776,0.054226190476190476,0.07915057915057915,0.6665853658536586,,,,,,,,,,,,,,,,,,,,,,,,,,,,,,,,,,,,,,,,
187205,5.18,0.2767,0.4125,,,,,,,,,0.00603004134718596,0.05341698841698842,0.05341698841698842,0.07963320463320463,0.6707878787878788,,,,,,,,,,,,,,,,,,,,,,,,,,,,,,,,,,,,,,,,
187206,5.13,0.28,0.415,,,,,,,,,0.004952662841959472,0.05458089668615985,0.054054054054054064,0.08089668615984405,0.674698795180723,,,,,,,,,,,,,,,,,,,,,,,,,,,,,,,,,,,,,,,,
187207,5.1,0.2833,0.4175,,,,,,,,,0.0040671462623212635,0.05554901960784314,0.055224171539961016,0.08186274509803922,0.678562874251497,,,,,,,,,,,,,,,,,,,,,,,,,,,,,,,,,,,,,,,,
187208,5.04,0.2867,0.42,,,,,,,,,0.0043992149796855924,0.056884920634920635,0.05621568627450981,0.08333333333333333,0.6826190476190477,,,,,,,,,,,,,,,,,,,,,,,,,,,,,,,,,,,,,,,,
187209,4.95,0.29,0.4225,,,,,,,,,0.005218317815850935,0.05858585858585858,0.057539682539682536,0.08535353535353535,0.6863905325443787,,,,,,,,,,,,,,,,,,,,,,,,,,,,,,,,,,,,,,,,
187210,4.97,0.2933,0.425,,,,,,,,,0.007018868194448627,0.05901408450704226,0.05925252525252525,0.08551307847082495,0.6901176470588236,,,,,,,,,,,,,,,,,,,,,,,,,,,,,,,,,,,,,,,,
187211,4.95,0.2967,0.4275,,,,,,,,,0.0076092125808741,0.05993939393939394,0.05969818913480886,0.08636363636363636,0.6940350877192983,,,,,,,,,,,,,,,,,,,,,,,,,,,,,,,,,,,,,,,,
187212,5.07,0.3,0.43,,,,,,,,,0.008214315576960209,0.05917159763313609,0.0606060606060606,0.08481262327416172,0.6976744186046512,,,,,,,,,,,,,,,,,,,,,,,,,,,,,,,,,,,,,,,,
187301,5.11,0.3025,0.4325,,,,,,,,,0.007631350495365054,0.059197651663405085,0.05966469428007889,0.08463796477495107,0.6994219653179191,,,,,,,,,,,,,,,,,,,,,,,,,,,,,,,,,,,,,,,,
187302,5.15,0.305,0.435,,,,,,,,,0.006487558246665701,0.059223300970873784,0.05968688845401174,0.08446601941747572,0.7011494252873564,,,,,,,,,,,,,,,,,,,,,,,,,,,,,,,,,,,,,,,,
187303,5.11,0.3075,0.4375,,,,,,,,,0.006561351294968885,0.06017612524461839,0.05970873786407767,0.08561643835616438,0.7028571428571428,,,,,,,,,,,,,,,,,,,,,,,,,,,,,,,,,,,,,,,,
187304,5.04,0.31,0.44,,,,,,,,,0.007107419852412446,0.061507936507936505,0.060665362035225046,0.0873015873015873,0.7045454545454546,,,,,,,,,,,,,,,,,,,,,,,,,,,,,,,,,,,,,,,,
187305,5.05,0.3125,0.4425,,,,,,,,,0.008051970870693204,0.06188118811881188,0.062003968253968256,0.08762376237623763,0.7062146892655368,,,,,,,,,,,,,,,,,,,,,,,,,,,,,,,,,,,,,,,,
187306,4.98,0.315,0.445,,,,,,,,,0.005631558886348765,0.06325301204819277,0.062376237623762376,0.08935742971887549,0.7078651685393258,,,,,,,,,,,,,,,,,,,,,,,,,,,,,,,,,,,,,,,,
187307,4.97,0.3175,0.4475,,,,,,,,,0.004679628563237692,0.06388329979879276,0.06375502008032129,0.09004024144869216,0.7094972067039106,,,,,,,,,,,,,,,,,,,,,,,,,,,,,,,,,,,,,,,,
187308,4.97,0.32,0.45,,,,,,,,,0.004391835674855273,0.06438631790744467,0.06438631790744467,0.09054325955734407,0.7111111111111111,,,,,,,,,,,,,,,,,,,,,,,,,,,,,,,,,,,,,,,,
187309,4.59,0.3225,0.4525,,,,,,,,,0.004849352574335015,0.07026143790849673,0.06488933601609659,0.09858387799564271,0.712707182320442,,,,,,,,,,,,,,,,,,,,,,,,,,,,,,,,,,,,,,,,
187310,4.19,0.325,0.455,,,,,,,,,0.010177210661824903,0.07756563245823389,0.07080610021786493,0.10859188544152744,0.7142857142857143,,,,,,,,,,,,,,,,,,,,,,,,,,,,,,,,,,,,,,,,
187311,4.04,0.3275,0.4575,,,,,,,,,0.01181541633415559,0.08106435643564357,0.07816229116945107,0.11324257425742575,0.7158469945355191,,,,,,,,,,,,,,,,,,,,,,,,,,,,,,,,,,,,,,,,
187312,4.42,0.33,0.46,,,,,,,,,0.01033955536809191,0.0746606334841629,0.08168316831683169,0.10407239819004525,0.717391304347826,,,,,,,,,,,,,,,,,,,,,,,,,,,,,,,,,,,,,,,,
187401,4.66,0.33,0.46,,,,,,,,,0.006871282097842258,0.07081545064377683,0.0746606334841629,0.09871244635193133,0.717391304347826,,,,,,,,,,,,,,,,,,,,,,,,,,,,,,,,,,,,,,,,
187402,4.8,0.33,0.46,,,,,,,,,0.005129766157887115,0.06875,0.07081545064377683,0.09583333333333334,0.717391304347826,,,,,,,,,,,,,,,,,,,,,,,,,,,,,,,,,,,,,,,,
187403,4.73,0.33,0.46,,,,,,,,,0.0040671462623212635,0.06976744186046512,0.06875,0.09725158562367864,0.717391304347826,,,,,,,,,,,,,,,,,,,,,,,,,,,,,,,,,,,,,,,,
187404,4.6,0.33,0.46,,,,,,,,,0.0041704565299457205,0.07173913043478261,0.06976744186046512,0.1,0.717391304347826,,,,,,,,,,,,,,,,,,,,,,,,,,,,,,,,,,,,,,,,
187405,4.48,0.33,0.46,,,,,,,,,0.004251628883079224,0.07366071428571429,0.07173913043478261,0.10267857142857142,0.717391304347826,,,,,,,,,,,,,,,,,,,,,,,,,,,,,,,,,,,,,,,,
187406,4.46,0.33,0.46,,,,,,,,,0.003816249898090438,0.07399103139013453,0.07366071428571429,0.1031390134529148,0.717391304347826,,,,,,,,,,,,,,,,,,,,,,,,,,,,,,,,,,,,,,,,
187407,4.46,0.33,0.46,,,,,,,,,0.003742456849787253,0.07399103139013453,0.07399103139013453,0.1031390134529148,0.717391304347826,,,,,,,,,,,,,,,,,,,,,,,,,,,,,,,,,,,,,,,,
187408,4.47,0.33,0.46,,,,,,,,,0.003779353373938846,0.0738255033557047,0.07399103139013453,0.10290827740492171,0.717391304347826,,,,,,,,,,,,,,,,,,,,,,,,,,,,,,,,,,,,,,,,
187409,4.54,0.33,0.46,,,,,,,,,0.003653905191823433,0.07268722466960353,0.0738255033557047,0.10132158590308371,0.717391304347826,,,,,,,,,,,,,,,,,,,,,,,,,,,,,,,,,,,,,,,,
187410,4.53,0.33,0.46,,,,,,,,,0.004251628883079224,0.0728476821192053,0.07268722466960353,0.10154525386313466,0.717391304347826,,,,,,,,,,,,,,,,,,,,,,,,,,,,,,,,,,,,,,,,
187411,4.57,0.33,0.46,,,,,,,,,0.003926939470545214,0.07221006564551422,0.0728476821192053,0.10065645514223194,0.717391304347826,,,,,,,,,,,,,,,,,,,,,,,,,,,,,,,,,,,,,,,,
187412,4.54,0.33,0.46,,,,,,,,,0.003786732678769164,0.07268722466960353,0.07221006564551422,0.10132158590308371,0.717391304347826,,,,,,,,,,,,,,,,,,,,,,,,,,,,,,,,,,,,,,,,
187501,4.54,0.3275,0.4517,,,,,,,,,0.0040671462623212635,0.07213656387665199,0.07213656387665199,0.09949339207048458,0.7250387425282268,,,,,,,,,,,,,,,,,,,,,,,,,,,,,,,,,,,,,,,,
187502,4.53,0.325,0.4433,,,,,,,,,0.0035136984000473824,0.07174392935982339,0.07158590308370044,0.09785871964679911,0.7331378299120235,,,,,,,,,,,,,,,,,,,,,,,,,,,,,,,,,,,,,,,,
187503,4.59,0.3225,0.435,,,,,,,,,0.0034694225710654725,0.07026143790849673,0.07119205298013245,0.09477124183006536,0.7413793103448276,,,,,,,,,,,,,,,,,,,,,,,,,,,,,,,,,,,,,,,,
187504,4.65,0.32,0.4267,,,,,,,,,0.00399335321401808,0.06881720430107527,0.06971677559912855,0.09176344086021505,0.749941410827279,,,,,,,,,,,,,,,,,,,,,,,,,,,,,,,,,,,,,,,,
187505,4.47,0.3175,0.4183,,,,,,,,,0.003653905191823433,0.07102908277404922,0.06827956989247311,0.09357941834451902,0.7590246234759742,,,,,,,,,,,,,,,,,,,,,,,,,,,,,,,,,,,,,,,,
187506,4.38,0.315,0.41,,,,,,,,,0.0030045263667554125,0.07191780821917808,0.07046979865771813,0.09360730593607305,0.7682926829268293,,,,,,,,,,,,,,,,,,,,,,,,,,,,,,,,,,,,,,,,
187507,4.39,0.3125,0.4017,,,,,,,,,0.002997147061925094,0.07118451025056947,0.07134703196347032,0.09150341685649203,0.7779437391087877,,,,,,,,,,,,,,,,,,,,,,,,,,,,,,,,,,,,,,,,
187508,4.41,0.31,0.3933,,,,,,,,,0.002820043745997452,0.07029478458049887,0.07061503416856492,0.08918367346938774,0.7882023900330537,,,,,,,,,,,,,,,,,,,,,,,,,,,,,,,,,,,,,,,,
187509,4.37,0.3075,0.385,,,,,,,,,0.0032849399503075125,0.07036613272311212,0.06972789115646258,0.08810068649885583,0.7987012987012987,,,,,,,,,,,,,,,,,,,,,,,,,,,,,,,,,,,,,,,,
187510,4.3,0.305,0.3767,,,,,,,,,0.003985973909187761,0.07093023255813953,0.06979405034324943,0.0876046511627907,0.8096628616936554,,,,,,,,,,,,,,,,,,,,,,,,,,,,,,,,,,,,,,,,
187511,4.37,0.3025,0.3683,,,,,,,,,0.004295904712061134,0.06922196796338673,0.07034883720930232,0.084279176201373,0.8213412978550094,,,,,,,,,,,,,,,,,,,,,,,,,,,,,,,,,,,,,,,,
187512,4.37,0.3,0.36,,,,,,,,,0.004354939150703682,0.06864988558352403,0.06864988558352403,0.08237986270022883,0.8333333333333334,,,,,,,,,,,,,,,,,,,,,,,,,,,,,,,,,,,,,,,,
187601,4.46,0.3,0.3533,,,,,,,,,0.004517283856970687,0.06726457399103139,0.06864988558352403,0.0792152466367713,0.8491367110104726,,,,,,,,,,,,,,,,,,,,,,,,,,,,,,,,,,,,,,,,
187602,4.52,0.3,0.3467,,,,,,,,,0.004391835674855273,0.06637168141592921,0.06726457399103139,0.07670353982300886,0.8653014133256417,,,,,,,,,,,,,,,,,,,,,,,,,,,,,,,,,,,,,,,,
187603,4.51,0.3,0.34,,,,,,,,,0.00357273283868993,0.06651884700665188,0.06637168141592921,0.07538802660753881,0.8823529411764705,,,,,,,,,,,,,,,,,,,,,,,,,,,,,,,,,,,,,,,,
187604,4.34,0.3,0.3333,,,,,,,,,0.0036170086676718402,0.06912442396313365,0.06651884700665188,0.07679723502304148,0.9000900090009001,,,,,,,,,,,,,,,,,,,,,,,,,,,,,,,,,,,,,,,,
187605,4.18,0.3,0.3267,,,,,,,,,0.003698181020805343,0.07177033492822966,0.06912442396313365,0.0781578947368421,0.9182736455463728,,,,,,,,,,,,,,,,,,,,,,,,,,,,,,,,,,,,,,,,
187606,4.15,0.3,0.32,,,,,,,,,0.003366112303441015,0.07228915662650602,0.07177033492822966,0.07710843373493975,0.9375,,,,,,,,,,,,,,,,,,,,,,,,,,,,,,,,,,,,,,,,
187607,4.1,0.3,0.3133,,,,,,,,,0.0031447331585314625,0.07317073170731708,0.07228915662650602,0.07641463414634148,0.957548675390999,,,,,,,,,,,,,,,,,,,,,,,,,,,,,,,,,,,,,,,,
187608,3.93,0.3,0.3067,,,,,,,,,0.0024510785044815323,0.07633587786259541,0.07317073170731708,0.07804071246819337,0.9781545484186502,,,,,,,,,,,,,,,,,,,,,,,,,,,,,,,,,,,,,,,,
187609,3.69,0.3,0.3,,,,,,,,,0.0022961131030448455,0.08130081300813008,0.07633587786259541,0.08130081300813008,1.0,,,,,,,,,,,,,,,,,,,,,,,,,,,,,,,,,,,,,,,,
187610,3.67,0.3,0.2933,,,,,,,,,0.0031447331585314625,0.08174386920980926,0.08130081300813008,0.07991825613079019,1.0228435049437437,,,,,,,,,,,,,,,,,,,,,,,,,,,,,,,,,,,,,,,,
187611,3.6,0.3,0.2867,,,,,,,,,0.003823629202920756,0.08333333333333333,0.08174386920980926,0.07963888888888888,1.0463899546564353,,,,,,,,,,,,,,,,,,,,,,,,,,,,,,,,,,,,,,,,
187612,3.58,0.3,0.28,,,,,,,,,0.003653905191823433,0.08379888268156424,0.08333333333333333,0.0782122905027933,1.0714285714285714,,,,,,,,,,,,,,,,,,,,,,,,,,,,,,,,,,,,,,,,
187701,3.55,0.2908,0.2817,,,,,,,,,0.003978594604357442,0.08191549295774649,0.08122905027932961,0.07935211267605634,1.0323038693645723,,,,,,,,,,,,,,,,,,,,,,,,,,,,,,,,,,,,,,,,
187702,3.34,0.2817,0.2833,,,,,,,,,0.0037350775449569353,0.08434131736526947,0.07935211267605634,0.08482035928143712,0.9943522767384398,,,,,,,,,,,,,,,,,,,,,,,,,,,,,,,,,,,,,,,,
187703,3.17,0.2725,0.285,,,,,,,,,0.002960250537773502,0.0859621451104101,0.0815868263473054,0.08990536277602523,0.9561403508771932,,,,,,,,,,,,,,,,,,,,,,,,,,,,,,,,,,,,,,,,
187704,2.94,0.2633,0.2867,,,,,,,,,0.0029159747087915923,0.0895578231292517,0.08305993690851735,0.09751700680272109,0.9183815835367979,,,,,,,,,,,,,,,,,,,,,,,,,,,,,,,,,,,,,,,,
187705,2.94,0.2542,0.2883,,,,,,,,,0.0028716988798096815,0.0864625850340136,0.0864625850340136,0.09806122448979591,0.8817204301075268,,,,,,,,,,,,,,,,,,,,,,,,,,,,,,,,,,,,,,,,
187706,2.73,0.245,0.29,,,,,,,,,0.002591285296257582,0.08974358974358974,0.08333333333333333,0.10622710622710622,0.8448275862068966,,,,,,,,,,,,,,,,,,,,,,,,,,,,,,,,,,,,,,,,
187707,2.85,0.2358,0.2917,,,,,,,,,0.002635561125239492,0.08273684210526316,0.08637362637362637,0.10235087719298246,0.8083647583133357,,,,,,,,,,,,,,,,,,,,,,,,,,,,,,,,,,,,,,,,
187708,3.05,0.2267,0.2933,,,,,,,,,0.0026945955638820397,0.07432786885245903,0.0795438596491228,0.09616393442622952,0.772928741902489,,,,,,,,,,,,,,,,,,,,,,,,,,,,,,,,,,,,,,,,
187709,3.24,0.2175,0.295,,,,,,,,,0.0038014912884298006,0.06712962962962962,0.07131147540983607,0.09104938271604937,0.7372881355932204,,,,,,,,,,,,,,,,,,,,,,,,,,,,,,,,,,,,,,,,
187710,3.31,0.2083,0.2967,,,,,,,,,0.004347559845873363,0.06293051359516616,0.06429012345679012,0.08963746223564956,0.7020559487698012,,,,,,,,,,,,,,,,,,,,,,,,,,,,,,,,,,,,,,,,
187711,3.26,0.1992,0.2983,,,,,,,,,0.004989559366111064,0.06110429447852761,0.060181268882175225,0.09150306748466258,0.6677841099564197,,,,,,,,,,,,,,,,,,,,,,,,,,,,,,,,,,,,,,,,
187712,3.25,0.19,0.3,,,,,,,,,0.004207353054097314,0.05846153846153846,0.05828220858895706,0.0923076923076923,0.6333333333333334,,,,,,,,,,,,,,,,,,,,,,,,,,,,,,,,,,,,,,,,
187801,3.25,0.1892,0.3008,,,,,,,,,0.003786732678769164,0.05821538461538462,0.05821538461538462,0.09255384615384615,0.6289893617021276,,,,,,,,,,,,,,,,,,,,,,,,,,,,,,,,,,,,,,,,
187802,3.18,0.1883,0.3017,,,,,,,,,0.0039564566898664865,0.05921383647798742,0.057938461538461536,0.094874213836478,0.6241299303944315,,,,,,,,,,,,,,,,,,,,,,,,,,,,,,,,,,,,,,,,
187803,3.24,0.1875,0.3025,,,,,,,,,0.0035579742290292936,0.057870370370370364,0.05896226415094339,0.09336419753086418,0.6198347107438017,,,,,,,,,,,,,,,,,,,,,,,,,,,,,,,,,,,,,,,,
187804,3.33,0.1867,0.3033,,,,,,,,,0.0034177674372532435,0.05606606606606607,0.057623456790123456,0.09108108108108108,0.6155621496867788,,,,,,,,,,,,,,,,,,,,,,,,,,,,,,,,,,,,,,,,
187805,3.34,0.1858,0.3042,,,,,,,,,0.0035948707531808853,0.05562874251497006,0.05579579579579579,0.09107784431137726,0.6107823800131492,,,,,,,,,,,,,,,,,,,,,,,,,,,,,,,,,,,,,,,,
187806,3.41,0.185,0.305,,,,,,,,,0.002982388452264458,0.054252199413489736,0.05538922155688623,0.08944281524926685,0.6065573770491803,,,,,,,,,,,,,,,,,,,,,,,,,,,,,,,,,,,,,,,,
187807,3.48,0.1842,0.3058,,,,,,,,,0.0024510785044815323,0.05293103448275862,0.05401759530791789,0.08787356321839081,0.6023544800523217,,,,,,,,,,,,,,,,,,,,,,,,,,,,,,,,,,,,,,,,
187808,3.45,0.1833,0.3067,,,,,,,,,0.0022961131030448455,0.05313043478260869,0.052672413793103445,0.08889855072463766,0.5976524290837952,,,,,,,,,,,,,,,,,,,,,,,,,,,,,,,,,,,,,,,,
187809,3.52,0.1825,0.3075,,,,,,,,,0.0024510785044815323,0.051846590909090905,0.05289855072463768,0.08735795454545454,0.5934959349593496,,,,,,,,,,,,,,,,,,,,,,,,,,,,,,,,,,,,,,,,
187810,3.48,0.1817,0.3083,,,,,,,,,0.0030488021957373237,0.05221264367816092,0.05161931818181818,0.08859195402298851,0.5893610120012974,,,,,,,,,,,,,,,,,,,,,,,,,,,,,,,,,,,,,,,,
187811,3.47,0.1808,0.3092,,,,,,,,,0.003661284496653751,0.052103746397694516,0.051954022988505745,0.08910662824207491,0.5847347994825356,,,,,,,,,,,,,,,,,,,,,,,,,,,,,,,,,,,,,,,,
187812,3.45,0.18,0.31,,,,,,,,,0.0034177674372532435,0.05217391304347826,0.05187319884726224,0.08985507246376812,0.5806451612903225,,,,,,,,,,,,,,,,,,,,,,,,,,,,,,,,,,,,,,,,
187901,3.58,0.1817,0.3158,,,,,,,,,0.0033734916082713328,0.050754189944134075,0.05266666666666667,0.0882122905027933,0.5753641545281823,,,,,,,,,,,,,,,,,,,,,,,,,,,,,,,,,,,,,,,,
187902,3.71,0.1833,0.3217,,,,,,,,,0.0028348023556580898,0.04940700808625337,0.05120111731843575,0.08671159029649596,0.5697855144544607,,,,,,,,,,,,,,,,,,,,,,,,,,,,,,,,,,,,,,,,
187903,3.65,0.185,0.3275,,,,,,,,,0.0024510785044815323,0.050684931506849315,0.04986522911051213,0.08972602739726028,0.564885496183206,,,,,,,,,,,,,,,,,,,,,,,,,,,,,,,,,,,,,,,,
187904,3.77,0.1867,0.3333,,,,,,,,,0.0033734916082713328,0.049522546419098146,0.05115068493150685,0.08840848806366047,0.5601560156015601,,,,,,,,,,,,,,,,,,,,,,,,,,,,,,,,,,,,,,,,
187905,3.94,0.1883,0.3392,,,,,,,,,0.003661284496653751,0.047791878172588835,0.049946949602122016,0.08609137055837564,0.555129716981132,,,,,,,,,,,,,,,,,,,,,,,,,,,,,,,,,,,,,,,,
187906,3.96,0.19,0.345,,,,,,,,,0.0029159747087915923,0.04797979797979798,0.048223350253807105,0.08712121212121211,0.5507246376811594,,,,,,,,,,,,,,,,,,,,,,,,,,,,,,,,,,,,,,,,
187907,4.04,0.1917,0.3508,,,,,,,,,0.0027757679170155422,0.04745049504950495,0.04840909090909091,0.08683168316831683,0.5464652223489168,,,,,,,,,,,,,,,,,,,,,,,,,,,,,,,,,,,,,,,,
187908,4.07,0.1933,0.3567,,,,,,,,,0.002517492247954398,0.04749385749385749,0.04784653465346535,0.08764127764127765,0.5419119708438463,,,,,,,,,,,,,,,,,,,,,,,,,,,,,,,,,,,,,,,,
187909,4.22,0.195,0.3625,,,,,,,,,0.003742456849787253,0.04620853080568721,0.04791154791154791,0.08590047393364929,0.5379310344827587,,,,,,,,,,,,,,,,,,,,,,,,,,,,,,,,,,,,,,,,
187910,4.68,0.1967,0.3683,,,,,,,,,0.003904801556054259,0.04202991452991454,0.046611374407582944,0.07869658119658121,0.5340754819440674,,,,,,,,,,,,,,,,,,,,,,,,,,,,,,,,,,,,,,,,
187911,4.93,0.1983,0.3742,,,,,,,,,0.0040228704333393536,0.04022312373225152,0.04237179487179488,0.0759026369168357,0.5299305184393373,,,,,,,,,,,,,,,,,,,,,,,,,,,,,,,,,,,,,,,,
187912,4.92,0.2,0.38,,,,,,,,,0.004251628883079224,0.04065040650406505,0.040567951318458424,0.07723577235772358,0.5263157894736842,,,,,,,,,,,,,,,,,,,,,,,,,,,,,,,,,,,,,,,,
188001,5.11,0.205,0.3892,,,,,,,,,0.004030249738169672,0.040117416829745595,0.041666666666666664,0.07616438356164383,0.52672147995889,,,,,,,,,,,,,,,,,,,,,,,,,,,,,,,,,,,,,,,,
188002,5.2,0.21,0.3983,,,,,,,,,0.003609629362841522,0.04038461538461538,0.0410958904109589,0.07659615384615384,0.5272407732864675,,,,,,,,,,,,,,,,,,,,,,,,,,,,,,,,,,,,,,,,
188003,5.3,0.215,0.4075,,,,,,,,,0.0035579742290292936,0.040566037735849055,0.041346153846153845,0.07688679245283019,0.5276073619631902,,,,,,,,,,,,,,,,,,,,,,,,,,,,,,,,,,,,,,,,
188004,5.18,0.22,0.4167,,,,,,,,,0.003698181020805343,0.042471042471042476,0.041509433962264156,0.08044401544401546,0.5279577633789296,,,,,,,,,,,,,,,,,,,,,,,,,,,,,,,,,,,,,,,,
188005,4.77,0.225,0.4258,,,,,,,,,0.003698181020805343,0.04716981132075472,0.04343629343629344,0.08926624737945493,0.5284170972287459,,,,,,,,,,,,,,,,,,,,,,,,,,,,,,,,,,,,,,,,
188006,4.79,0.23,0.435,,,,,,,,,0.0034694225710654725,0.048016701461377875,0.04821802935010483,0.09081419624217119,0.5287356321839081,,,,,,,,,,,,,,,,,,,,,,,,,,,,,,,,,,,,,,,,
188007,5.01,0.235,0.4442,,,,,,,,,0.002997147061925094,0.046906187624750496,0.04906054279749478,0.0886626746506986,0.5290409725348941,,,,,,,,,,,,,,,,,,,,,,,,,,,,,,,,,,,,,,,,
188008,5.19,0.24,0.4533,,,,,,,,,0.0029159747087915923,0.046242774566473986,0.04790419161676647,0.08734104046242773,0.5294506949040371,,,,,,,,,,,,,,,,,,,,,,,,,,,,,,,,,,,,,,,,
188009,5.18,0.245,0.4625,,,,,,,,,0.0033513536937803783,0.0472972972972973,0.04720616570327552,0.0892857142857143,0.5297297297297296,,,,,,,,,,,,,,,,,,,,,,,,,,,,,,,,,,,,,,,,
188010,5.33,0.25,0.4717,,,,,,,,,0.0035136984000473824,0.04690431519699812,0.04826254826254826,0.08849906191369607,0.5299978800084799,,,,,,,,,,,,,,,,,,,,,,,,,,,,,,,,,,,,,,,,
188011,5.61,0.255,0.4808,,,,,,,,,0.0034177674372532435,0.045454545454545456,0.04784240150093809,0.08570409982174687,0.5303660565723793,,,,,,,,,,,,,,,,,,,,,,,,,,,,,,,,,,,,,,,,
188012,5.84,0.26,0.49,,,,,,,,,0.003653905191823433,0.044520547945205484,0.0463458110516934,0.0839041095890411,0.5306122448979592,,,,,,,,,,,,,,,,,,,,,,,,,,,,,,,,,,,,,,,,
188101,6.19,0.265,0.4858,,,,,,,,,0.0040671462623212635,0.04281098546042003,0.045376712328767124,0.07848142164781906,0.5454919720049404,,,,,,,,,,,,,,,,,,,,,,,,,,,,,,,,,,,,,,,,
188102,6.17,0.27,0.4817,,,,,,,,,0.0035136984000473824,0.04376012965964344,0.04361873990306947,0.07807131280388979,0.560514843263442,,,,,,,,,,,,,,,,,,,,,,,,,,,,,,,,,,,,,,,,
188103,6.24,0.275,0.4775,,,,,,,,,0.003609629362841522,0.044070512820512824,0.04457050243111832,0.07652243589743589,0.5759162303664922,,,,,,,,,,,,,,,,,,,,,,,,,,,,,,,,,,,,,,,,
188104,6.22,0.28,0.4733,,,,,,,,,0.0037350775449569353,0.045016077170418015,0.04487179487179487,0.07609324758842444,0.5915909571096557,,,,,,,,,,,,,,,,,,,,,,,,,,,,,,,,,,,,,,,,
188105,6.5,0.285,0.4692,,,,,,,,,0.0034694225710654725,0.04384615384615384,0.04581993569131833,0.07218461538461539,0.6074168797953964,,,,,,,,,,,,,,,,,,,,,,,,,,,,,,,,,,,,,,,,
188106,6.58,0.29,0.465,,,,,,,,,0.002635561125239492,0.044072948328267476,0.04461538461538461,0.07066869300911854,0.6236559139784945,,,,,,,,,,,,,,,,,,,,,,,,,,,,,,,,,,,,,,,,
188107,6.35,0.295,0.4608,,,,,,,,,0.002222320054741662,0.046456692913385826,0.044832826747720364,0.07256692913385827,0.6401909722222222,,,,,,,,,,,,,,,,,,,,,,,,,,,,,,,,,,,,,,,,
188108,6.2,0.3,0.4567,,,,,,,,,0.002591285296257582,0.04838709677419355,0.047244094488188976,0.07366129032258065,0.6568863586599518,,,,,,,,,,,,,,,,,,,,,,,,,,,,,,,,,,,,,,,,
188109,6.25,0.305,0.4525,,,,,,,,,0.0032923192551378307,0.048799999999999996,0.049193548387096775,0.0724,0.6740331491712707,,,,,,,,,,,,,,,,,,,,,,,,,,,,,,,,,,,,,,,,
188110,6.15,0.31,0.4483,,,,,,,,,0.0038383878125813936,0.050406504065040644,0.0496,0.07289430894308942,0.6915012268570154,,,,,,,,,,,,,,,,,,,,,,,,,,,,,,,,,,,,,,,,
188111,6.19,0.315,0.4442,,,,,,,,,0.004251628883079224,0.05088852988691438,0.05121951219512195,0.07176090468497576,0.7091400270148582,,,,,,,,,,,,,,,,,,,,,,,,,,,,,,,,,,,,,,,,
188112,6.01,0.32,0.44,,,,,,,,,0.0042885254072308155,0.05324459234608985,0.05169628432956381,0.07321131447587355,0.7272727272727273,,,,,,,,,,,,,,,,,,,,,,,,,,,,,,,,,,,,,,,,
188201,5.92,0.32,0.4392,,,,,,,,,0.004251628883079224,0.05405405405405406,0.05324459234608985,0.07418918918918918,0.7285974499089254,,,,,,,,,,,,,,,,,,,,,,,,,,,,,,,,,,,,,,,,
188202,5.79,0.32,0.4383,,,,,,,,,0.003698181020805343,0.055267702936096716,0.05405405405405406,0.07569948186528498,0.730093543235227,,,,,,,,,,,,,,,,,,,,,,,,,,,,,,,,,,,,,,,,
188203,5.78,0.32,0.4375,,,,,,,,,0.0036760431063143878,0.05536332179930796,0.055267702936096716,0.07569204152249134,0.7314285714285714,,,,,,,,,,,,,,,,,,,,,,,,,,,,,,,,,,,,,,,,
188204,5.78,0.32,0.4367,,,,,,,,,0.0038014912884298006,0.05536332179930796,0.05536332179930796,0.07555363321799308,0.7327684909548889,,,,,,,,,,,,,,,,,,,,,,,,,,,,,,,,,,,,,,,,
188205,5.71,0.32,0.4358,,,,,,,,,0.0033734916082713328,0.05604203152364273,0.05536332179930796,0.07632224168126095,0.7342817806333181,,,,,,,,,,,,,,,,,,,,,,,,,,,,,,,,,,,,,,,,
188206,5.68,0.32,0.435,,,,,,,,,0.0032185262068346464,0.056338028169014086,0.05604203152364273,0.07658450704225353,0.735632183908046,,,,,,,,,,,,,,,,,,,,,,,,,,,,,,,,,,,,,,,,
188207,6.0,0.32,0.4342,,,,,,,,,0.0034177674372532435,0.05333333333333334,0.056338028169014086,0.07236666666666666,0.7369875633348688,,,,,,,,,,,,,,,,,,,,,,,,,,,,,,,,,,,,,,,,
188208,6.18,0.32,0.4333,,,,,,,,,0.0030488021957373237,0.05177993527508091,0.05333333333333334,0.07011326860841424,0.7385183475651973,,,,,,,,,,,,,,,,,,,,,,,,,,,,,,,,,,,,,,,,
188209,6.24,0.32,0.4325,,,,,,,,,0.003808870593260119,0.05128205128205128,0.05177993527508091,0.06931089743589744,0.7398843930635839,,,,,,,,,,,,,,,,,,,,,,,,,,,,,,,,,,,,,,,,
188210,6.07,0.32,0.4317,,,,,,,,,0.004620594124595144,0.05271828665568369,0.05128205128205128,0.07112026359143327,0.7412555015056753,,,,,,,,,,,,,,,,,,,,,,,,,,,,,,,,,,,,,,,,
188211,5.81,0.32,0.4308,,,,,,,,,0.0045615596859525966,0.055077452667814115,0.05271828665568369,0.07414802065404476,0.7428040854224698,,,,,,,,,,,,,,,,,,,,,,,,,,,,,,,,,,,,,,,,
188212,5.84,0.32,0.43,,,,,,,,,0.004436111503837183,0.05479452054794521,0.055077452667814115,0.07363013698630137,0.7441860465116279,,,,,,,,,,,,,,,,,,,,,,,,,,,,,,,,,,,,,,,,
188301,5.81,0.3208,0.4275,,,,,,,,,0.003978594604357442,0.055215146299483646,0.05493150684931507,0.07358003442340792,0.7504093567251462,,,,,,,,,,,,,,,,,,,,,,,,,,,,,,,,,,,,,,,,
188302,5.68,0.3217,0.425,,,,,,,,,0.003698181020805343,0.05663732394366197,0.055370051635111876,0.07482394366197183,0.7569411764705882,,,,,,,,,,,,,,,,,,,,,,,,,,,,,,,,,,,,,,,,
188303,5.75,0.3225,0.4225,,,,,,,,,0.003609629362841522,0.05608695652173913,0.056778169014084515,0.07347826086956522,0.7633136094674556,,,,,,,,,,,,,,,,,,,,,,,,,,,,,,,,,,,,,,,,
188304,5.87,0.3233,0.42,,,,,,,,,0.004347559845873363,0.055076660988074955,0.05622608695652174,0.07155025553662692,0.7697619047619048,,,,,,,,,,,,,,,,,,,,,,,,,,,,,,,,,,,,,,,,
188305,5.77,0.3242,0.4175,,,,,,,,,0.003926939470545214,0.056187175043327556,0.05522998296422487,0.07235701906412478,0.7765269461077844,,,,,,,,,,,,,,,,,,,,,,,,,,,,,,,,,,,,,,,,
188306,5.82,0.325,0.415,,,,,,,,,0.0035874914483505667,0.055841924398625425,0.056325823223570194,0.07130584192439862,0.783132530120482,,,,,,,,,,,,,,,,,,,,,,,,,,,,,,,,,,,,,,,,
188307,5.73,0.3258,0.4125,,,,,,,,,0.003698181020805343,0.05685863874345549,0.05597938144329896,0.07198952879581151,0.7898181818181819,,,,,,,,,,,,,,,,,,,,,,,,,,,,,,,,,,,,,,,,
188308,5.47,0.3267,0.41,,,,,,,,,0.003166871073022418,0.059725776965265084,0.057015706806282714,0.07495429616087751,0.796829268292683,,,,,,,,,,,,,,,,,,,,,,,,,,,,,,,,,,,,,,,,
188309,5.53,0.3275,0.4075,,,,,,,,,0.003779353373938846,0.05922242314647378,0.059872029250457044,0.0736889692585895,0.8036809815950922,,,,,,,,,,,,,,,,,,,,,,,,,,,,,,,,,,,,,,,,
188310,5.38,0.3283,0.405,,,,,,,,,0.0040671462623212635,0.06102230483271375,0.05936708860759493,0.07527881040892194,0.8106172839506172,,,,,,,,,,,,,,,,,,,,,,,,,,,,,,,,,,,,,,,,
188311,5.46,0.3292,0.4025,,,,,,,,,0.0040671462623212635,0.06029304029304029,0.061189591078066916,0.07371794871794872,0.8178881987577639,,,,,,,,,,,,,,,,,,,,,,,,,,,,,,,,,,,,,,,,
188312,5.34,0.33,0.4,,,,,,,,,0.0038383878125813936,0.06179775280898877,0.06043956043956044,0.0749063670411985,0.825,,,,,,,,,,,,,,,,,,,,,,,,,,,,,,,,,,,,,,,,
188401,5.18,0.3283,0.3925,,,,,,,,,0.003698181020805343,0.06337837837837838,0.06147940074906367,0.07577220077220077,0.8364331210191082,,,,,,,,,,,,,,,,,,,,,,,,,,,,,,,,,,,,,,,,
188402,5.32,0.3267,0.385,,,,,,,,,0.00324804342615592,0.06140977443609022,0.06306949806949808,0.07236842105263158,0.8485714285714285,,,,,,,,,,,,,,,,,,,,,,,,,,,,,,,,,,,,,,,,
188403,5.3,0.325,0.3775,,,,,,,,,0.0031447331585314625,0.06132075471698114,0.06109022556390977,0.07122641509433962,0.8609271523178809,,,,,,,,,,,,,,,,,,,,,,,,,,,,,,,,,,,,,,,,
188404,5.06,0.3233,0.37,,,,,,,,,0.0030488021957373237,0.06389328063241106,0.061,0.07312252964426878,0.8737837837837837,,,,,,,,,,,,,,,,,,,,,,,,,,,,,,,,,,,,,,,,
188405,4.65,0.3217,0.3625,,,,,,,,,0.003122595244040507,0.06918279569892473,0.06357707509881423,0.07795698924731181,0.887448275862069,,,,,,,,,,,,,,,,,,,,,,,,,,,,,,,,,,,,,,,,
188406,4.46,0.32,0.355,,,,,,,,,0.0033734916082713328,0.07174887892376682,0.06881720430107527,0.0795964125560538,0.9014084507042254,,,,,,,,,,,,,,,,,,,,,,,,,,,,,,,,,,,,,,,,
188407,4.46,0.3183,0.3475,,,,,,,,,0.0038826636415633035,0.07136771300448431,0.07136771300448431,0.07791479820627802,0.9159712230215828,,,,,,,,,,,,,,,,,,,,,,,,,,,,,,,,,,,,,,,,
188408,4.74,0.3167,0.34,,,,,,,,,0.004030249738169672,0.06681434599156118,0.07100896860986547,0.07172995780590717,0.931470588235294,,,,,,,,,,,,,,,,,,,,,,,,,,,,,,,,,,,,,,,,
188409,4.59,0.315,0.3325,,,,,,,,,0.003698181020805343,0.06862745098039216,0.06645569620253164,0.0724400871459695,0.9473684210526315,,,,,,,,,,,,,,,,,,,,,,,,,,,,,,,,,,,,,,,,
188410,4.44,0.3133,0.325,,,,,,,,,0.003698181020805343,0.07056306306306306,0.0682570806100218,0.0731981981981982,0.9640000000000001,,,,,,,,,,,,,,,,,,,,,,,,,,,,,,,,,,,,,,,,
188411,4.35,0.3117,0.3175,,,,,,,,,0.003698181020805343,0.0716551724137931,0.0702027027027027,0.07298850574712644,0.9817322834645669,,,,,,,,,,,,,,,,,,,,,,,,,,,,,,,,,,,,,,,,
188412,4.34,0.31,0.31,,,,,,,,,0.0034694225710654725,0.07142857142857142,0.07126436781609195,0.07142857142857142,1.0,,,,,,,,,,,,,,,,,,,,,,,,,,,,,,,,,,,,,,,,
188501,4.24,0.3042,0.3067,,,,,,,,,0.003329215779289423,0.07174528301886793,0.07009216589861753,0.07233490566037735,0.9918487120965114,,,,,,,,,,,,,,,,,,,,,,,,,,,,,,,,,,,,,,,,
188502,4.37,0.2983,0.3033,,,,,,,,,0.003100457329549552,0.06826086956521739,0.07035377358490566,0.0694050343249428,0.9835146719419716,,,,,,,,0.0015390211011499998,,,,,,,,,,,,,,,,,,,,,,,,,,,,,,,,
188503,4.38,0.2925,0.3,,,,,,,,,0.002960250537773502,0.06678082191780822,0.06693363844393592,0.0684931506849315,0.975,,,,,,,,0.00154455831889,,,,,,,,,,,,,,,,,,,,,,,,,,,,,,,,
188504,4.37,0.2867,0.2967,,,,,,,,,0.0029381126232825468,0.06560640732265446,0.06545662100456622,0.06789473684210527,0.9662959218065386,,,,,,,,0.0017984027286599997,,,,,,,,,,,,,,,,,,,,,,,,,,,,,,,,
188505,4.32,0.2808,0.2933,,,,,,,,,0.002569147381766627,0.06499999999999999,0.06425629290617849,0.06789351851851852,0.9573815206273439,,,,,,,,0.00180538015384,,,,,,,,,,,,,,,,,,,,,,,,,,,,,,,,
188506,4.3,0.275,0.29,,,,,,,,,0.002355147541687393,0.06395348837209303,0.06365740740740741,0.06744186046511627,0.9482758620689656,,,,,,,,0.00109683952669,,,,,,,,,,,,,,,,,,,,,,,,,,,,,,,,
188507,4.46,0.2692,0.2867,,,,,,,,,0.0022592165788932537,0.060358744394618837,0.0626046511627907,0.06428251121076234,0.9389605859783745,,,,,,,,0.00293605277401,,,,,,,,,,,,,,,,,,,,,,,,,,,,,,,,
188508,4.71,0.2633,0.2833,,,,,,,,,0.002222320054741662,0.05590233545647558,0.05903587443946188,0.060148619957537154,0.9294034592304976,,,,,,,,0.00245023467977,,,,,,,,,,,,,,,,,,,,,,,,,,,,,,,,
188509,4.65,0.2575,0.28,,,,,,,,,0.002355147541687393,0.0553763440860215,0.05467091295116773,0.060215053763440864,0.9196428571428571,,,,,,,,0.0017322995852200004,,,,,,,,,,,,,,,,,,,,,,,,,,,,,,,,
188510,4.92,0.2517,0.2767,,,,,,,,,0.002406802675499622,0.05115853658536585,0.05412903225806451,0.05623983739837399,0.9096494398265268,,,,,,,,0.0029958515659,,,,,,,,,,,,,,,,,,,,,,,,,,,,,,,,
188511,5.24,0.2458,0.2733,,,,,,,,,0.002591285296257582,0.04690839694656488,0.04995934959349593,0.05215648854961832,0.8993779729235273,,,,,,,,0.0028138302875499997,,,,,,,,,,,,,,,,,,,,,,,,,,,,,,,,
188512,5.2,0.24,0.27,,,,,,,,,0.0029159747087915923,0.04615384615384615,0.045801526717557245,0.051923076923076926,0.8888888888888888,,,,,,,,0.0030264325657900003,,,,,,,,,,,,,,,,,,,,,,,,,,,,,,,,
188601,5.2,0.2383,0.275,,,,,,,,,0.002960250537773502,0.04582692307692308,0.04582692307692308,0.052884615384615384,0.8665454545454545,,,,,,,,0.0017293802337599998,,,,,,,,,,,,,,,,,,,,,,,,,,,,,,,,
188602,5.3,0.2367,0.28,,,,,,,,,0.002820043745997452,0.044660377358490565,0.04551923076923076,0.05283018867924529,0.8453571428571428,,,,,,,,0.00154742344004,,,,,,,,,,,,,,,,,,,,,,,,,,,,,,,,
188603,5.19,0.235,0.285,,,,,,,,,0.002517492247954398,0.04527938342967244,0.04433962264150943,0.054913294797687855,0.8245614035087719,,,,,,,,0.00183210700671,,,,,,,,,,,,,,,,,,,,,,,,,,,,,,,,
188604,5.12,0.2333,0.29,,,,,,,,,0.0024953543334634426,0.045566406250000004,0.044951830443159924,0.05664062499999999,0.8044827586206897,,,,,,,,0.0012226228835799996,,,,,,,,,,,,,,,,,,,,,,,,,,,,,,,,
188605,5.02,0.2317,0.295,,,,,,,,,0.0027757679170155422,0.046155378486055776,0.045253906249999996,0.05876494023904383,0.7854237288135594,,,,,,,,0.00190911175609,,,,,,,,,,,,,,,,,,,,,,,,,,,,,,,,
188606,5.25,0.23,0.3,,,,,,,,,0.002635561125239492,0.04380952380952381,0.04581673306772909,0.05714285714285714,0.7666666666666667,,,,,,,,0.0012828001728399999,,,,,,,,,,,,,,,,,,,,,,,,,,,,,,,,
188607,5.33,0.2283,0.305,,,,,,,,,0.0024805957238028063,0.042833020637898685,0.04348571428571429,0.05722326454033771,0.7485245901639345,,,,,,,,0.00103529069963,,,,,,,,,,,,,,,,,,,,,,,,,,,,,,,,
188608,5.37,0.2267,0.31,,,,,,,,,0.0025470094672756715,0.042216014897579146,0.0425328330206379,0.05772811918063315,0.7312903225806452,,,,,,,,0.00094963135784,,,,,,,,,,,,,,,,,,,,,,,,,,,,,,,,
188609,5.51,0.225,0.315,,,,,,,,,0.0034694225710654725,0.04083484573502723,0.04189944134078212,0.05716878402903811,0.7142857142857143,,,,,,,,0.0008519433189599999,,,,,,,,,,,,,,,,,,,,,,,,,,,,,,,,
188610,5.65,0.2233,0.32,,,,,,,,,0.003926939470545214,0.03952212389380531,0.04052631578947369,0.05663716814159292,0.6978125,,,,,,,,0.0008899615284800001,,,,,,,,,,,,,,,,,,,,,,,,,,,,,,,,
188611,5.79,0.2217,0.325,,,,,,,,,0.004111422091303173,0.03829015544041451,0.03923893805309735,0.05613126079447323,0.6821538461538461,,,,,,,,0.0003930133864099999,,,,,,,,,,,,,,,,,,,,,,,,,,,,,,,,
188612,5.64,0.22,0.33,,,,,,,,,0.004008111823678716,0.03900709219858156,0.037996545768566495,0.05851063829787235,0.6666666666666666,,,,,,,,0.0028153163558,,,,,,,,,,,,,,,,,,,,,,,,,,,,,,,,
188701,5.58,0.2225,0.3325,,,,,,,,,0.004045008347830308,0.039874551971326166,0.03945035460992908,0.059587813620071685,0.6691729323308271,,,,,,,,0.0018256316205,,,,,,,,,,,,,,,,,,,,,,,,,,,,,,,,
188702,5.54,0.225,0.335,,,,,,,,,0.003698181020805343,0.04061371841155235,0.04032258064516129,0.06046931407942239,0.6716417910447761,,,,,,,,0.0020424079653800003,,,,,,,,,,,,,,,,,,,,,,,,,,,,,,,,
188703,5.67,0.2275,0.3375,,,,,,,,,0.0031890089875133724,0.04012345679012346,0.041064981949458484,0.05952380952380953,0.674074074074074,,,,,,,,0.00062206862955,,,,,,,,,,,,,,,,,,,,,,,,,,,,,,,,
188704,5.8,0.23,0.34,,,,,,,,,0.0035874914483505667,0.039655172413793106,0.040564373897707236,0.05862068965517242,0.676470588235294,,,,,,,,0.00035313943921000006,,,,,,,,,,,,,,,,,,,,,,,,,,,,,,,,
188705,5.9,0.2325,0.3425,,,,,,,,,0.003609629362841522,0.039406779661016945,0.04008620689655173,0.05805084745762712,0.6788321167883211,,,,,,,,0.00038575574653000003,,,,,,,,,,,,,,,,,,,,,,,,,,,,,,,,
188706,5.73,0.235,0.345,,,,,,,,,0.0034841811807261092,0.04101221640488656,0.03983050847457627,0.06020942408376963,0.6811594202898551,,,,,,,,0.00145796028357,,,,,,,,,,,,,,,,,,,,,,,,,,,,,,,,
188707,5.59,0.2375,0.3475,,,,,,,,,0.0034251467420835617,0.042486583184257604,0.041448516579406625,0.06216457960644007,0.6834532374100719,,,,,,,,0.0017047236472700004,,,,,,,,,,,,,,,,,,,,,,,,,,,,,,,,
188708,5.45,0.24,0.35,,,,,,,,,0.004207353054097314,0.04403669724770642,0.04293381037567084,0.06422018348623852,0.6857142857142857,,,,,,,,0.0023355684540300003,,,,,,,,,,,,,,,,,,,,,,,,,,,,,,,,
188709,5.38,0.2425,0.3525,,,,,,,,,0.004325421931382407,0.04507434944237918,0.04449541284403669,0.06552044609665428,0.6879432624113475,,,,,,,,0.00199516120146,,,,,,,,,,,,,,,,,,,,,,,,,,,,,,,,
188710,5.2,0.245,0.355,,,,,,,,,0.004760800916371194,0.047115384615384615,0.04553903345724907,0.06826923076923076,0.6901408450704225,,,,,,,,0.0029552460153199995,,,,,,,,,,,,,,,,,,,,,,,,,,,,,,,,
188711,5.3,0.2475,0.3575,,,,,,,,,0.004347559845873363,0.04669811320754717,0.047596153846153844,0.06745283018867924,0.6923076923076923,,,,,,,,0.0016079857759500001,,,,,,,,,,,,,,,,,,,,,,,,,,,,,,,,
188712,5.27,0.25,0.36,,,,,,,,,0.0038826636415633035,0.04743833017077799,0.04716981132075472,0.0683111954459203,0.6944444444444444,,,,,,,,0.00101281104582,,,,,,,,,,,,,,,,,,,,,,,,,,,,,,,,
188801,5.31,0.2483,0.3517,,,,,,,,,0.0040671462623212635,0.04676082862523541,0.0471157495256167,0.06623352165725048,0.7059994313335228,,,,,,,,0.0005819192204599999,,,,,,,,,,,,,,,,,,,,,,,,,,,,,,,,
188802,5.28,0.2467,0.3433,,,,,,,,,0.003771974069108527,0.04672348484848485,0.046459510357815446,0.06501893939393939,0.7186134576172444,,,,,,,,0.00044391742001999995,,,,,,,,,,,,,,,,,,,,,,,,,,,,,,,,
188803,5.08,0.245,0.335,,,,,,,,,0.0032185262068346464,0.04822834645669291,0.04640151515151515,0.06594488188976379,0.7313432835820894,,,,,,,,0.00132949988865,,,,,,,,,,,,,,,,,,,,,,,,,,,,,,,,
188804,5.1,0.2433,0.3267,,,,,,,,,0.003491560485556427,0.047705882352941174,0.04789370078740157,0.06405882352941177,0.7447199265381084,,,,,,,,0.0014588102727700002,,,,,,,,,,,,,,,,,,,,,,,,,,,,,,,,
188805,5.17,0.2417,0.3183,,,,,,,,,0.0036243879725021597,0.0467504835589942,0.0473921568627451,0.06156673114119923,0.7593465284322966,,,,,,,,0.00108159776409,,,,,,,,,,,,,,,,,,,,,,,,,,,,,,,,
188806,5.01,0.24,0.31,,,,,,,,,0.003196388292343692,0.04790419161676647,0.04642166344294004,0.061876247504990024,0.7741935483870968,,,,,,,,0.0007697690477499999,,,,,,,,,,,,,,,,,,,,,,,,,,,,,,,,
188807,5.14,0.2383,0.3017,,,,,,,,,0.0027757679170155422,0.04636186770428016,0.04756487025948104,0.058696498054474716,0.7898574743122306,,,,,,,,0.0019251105284199999,,,,,,,,,,,,,,,,,,,,,,,,,,,,,,,,
188808,5.25,0.2367,0.2933,,,,,,,,,0.002650319734900129,0.045085714285714285,0.04605058365758755,0.05586666666666667,0.8070235254006136,,,,,,,,0.0008984656383,,,,,,,,,,,,,,,,,,,,,,,,,,,,,,,,
188809,5.38,0.235,0.285,,,,,,,,,0.002856940270149045,0.04368029739776952,0.04476190476190476,0.05297397769516728,0.8245614035087719,,,,,,,,0.0012635537901900002,,,,,,,,,,,,,,,,,,,,,,,,,,,,,,,,
188810,5.35,0.2333,0.2767,,,,,,,,,0.0035358363145383378,0.04360747663551402,0.043364312267657995,0.0517196261682243,0.8431514275388508,,,,,,,,0.00070849456871,,,,,,,,,,,,,,,,,,,,,,,,,,,,,,,,
188811,5.24,0.2317,0.2683,,,,,,,,,0.0033808709131016514,0.044217557251908395,0.04330841121495327,0.05120229007633587,0.8635855385762207,,,,,,,,0.00093632291355,,,,,,,,,,,,,,,,,,,,,,,,,,,,,,,,
188812,5.14,0.23,0.26,,,,,,,,,0.0031447331585314625,0.044747081712062264,0.04389312977099236,0.050583657587548646,0.8846153846153846,,,,,,,,0.0014531408948100003,,,,,,,,,,,,,,,,,,,,,,,,,,,,,,,,
188901,5.24,0.2292,0.2633,,,,,,,,,0.0033070778647984675,0.04374045801526717,0.044591439688715956,0.05024809160305343,0.8704899354348652,,,,,,,,0.00046829985239,,,,,,,,,,,,,,,,,,,,,,,,,,,,,,,,
188902,5.3,0.2283,0.2667,,,,,,,,,0.003070940110228279,0.04307547169811321,0.04356870229007633,0.05032075471698113,0.8560179977502812,,,,,,,,0.00039789155199000003,,,,,,,,,,,,,,,,,,,,,,,,,,,,,,,,
188903,5.19,0.2275,0.27,,,,,,,,,0.0027757679170155422,0.04383429672447013,0.0429245283018868,0.05202312138728324,0.8425925925925926,,,,,,,,0.00083284901693,,,,,,,,,,,,,,,,,,,,,,,,,,,,,,,,
188904,5.18,0.2267,0.2733,,,,,,,,,0.002960250537773502,0.04376447876447877,0.04368015414258189,0.05276061776061776,0.8294914013904136,,,,,,,,0.00042655150621999995,,,,,,,,,,,,,,,,,,,,,,,,,,,,,,,,
188905,5.32,0.2258,0.2767,,,,,,,,,0.0028052851363368158,0.04244360902255639,0.043590733590733594,0.05201127819548872,0.8160462594868089,,,,,,,,0.00035649112657,,,,,,,,,,,,,,,,,,,,,,,,,,,,,,,,
188906,5.41,0.225,0.28,,,,,,,,,0.0024805957238028063,0.041589648798521256,0.042293233082706765,0.051756007393715345,0.8035714285714285,,,,,,,,0.00024672067652,,,,,,,,,,,,,,,,,,,,,,,,,,,,,,,,
188907,5.3,0.2242,0.2833,,,,,,,,,0.002502733638293761,0.042301886792452836,0.04144177449168207,0.053452830188679246,0.7913872220261208,,,,,,,,0.0007961597411100003,,,,,,,,,,,,,,,,,,,,,,,,,,,,,,,,
188908,5.37,0.2233,0.2867,,,,,,,,,0.0028864574894703183,0.0415828677839851,0.042132075471698116,0.05338919925512104,0.77886292291594,,,,,,,,0.0005355928995299998,,,,,,,,,,,,,,,,,,,,,,,,,,,,,,,,
188909,5.5,0.2225,0.29,,,,,,,,,0.003447284656574517,0.04045454545454546,0.04143389199255121,0.05272727272727273,0.7672413793103449,,,,,,,,0.0004371140151,,,,,,,,,,,,,,,,,,,,,,,,,,,,,,,,
188910,5.4,0.2217,0.2933,,,,,,,,,0.0035358363145383378,0.041055555555555553,0.04030909090909091,0.05431481481481481,0.7558813501534265,,,,,,,,0.00082174093336,,,,,,,,,,,,,,,,,,,,,,,,,,,,,,,,
188911,5.35,0.2208,0.2967,,,,,,,,,0.0040671462623212635,0.04127102803738318,0.040888888888888884,0.05545794392523365,0.7441860465116279,,,,,,,,0.0008281586149599999,,,,,,,,,,,,,,,,,,,,,,,,,,,,,,,,
188912,5.32,0.22,0.3,,,,,,,,,0.0040671462623212635,0.041353383458646614,0.041121495327102804,0.05639097744360902,0.7333333333333334,,,,,,,,0.00072646759043,,,,,,,,,,,,,,,,,,,,,,,,,,,,,,,,
189001,5.38,0.22,0.2992,,,,,,,,,0.004133560005794129,0.040892193308550186,0.041353383458646614,0.05561338289962826,0.7352941176470588,,,,,,,,0.00031253112736,,,,,,,,,,,,,,,,,,,,,,,,,,,,,,,,
189002,5.32,0.22,0.2983,,,,,,,,,0.0035874914483505667,0.041353383458646614,0.040892193308550186,0.05607142857142857,0.7375125712370098,,,,,,,,0.00023740718781999995,,,,,,,,,,,,,,,,,,,,,,,,,,,,,,,,
189003,5.28,0.22,0.2975,,,,,,,,,0.0033513536937803783,0.041666666666666664,0.041353383458646614,0.05634469696969696,0.7394957983193278,,,,,,,,0.00027285767456,,,,,,,,,,,,,,,,,,,,,,,,,,,,,,,,
189004,5.39,0.22,0.2967,,,,,,,,,0.003698181020805343,0.04081632653061225,0.041666666666666664,0.05504638218923934,0.7414897202561509,,,,,,,,0.00041254761549000004,,,,,,,,,,,,,,,,,,,,,,,,,,,,,,,,
189005,5.62,0.22,0.2958,,,,,,,,,0.003410388132422926,0.03914590747330961,0.04081632653061225,0.05263345195729537,0.7437457741717376,,,,,,,,0.00074820204711,,,,,,,,,,,,,,,,,,,,,,,,,,,,,,,,
189006,5.58,0.22,0.295,,,,,,,,,0.0033734916082713328,0.03942652329749104,0.03914590747330961,0.0528673835125448,0.7457627118644068,,,,,,,,0.0008752802386799999,,,,,,,,,,,,,,,,,,,,,,,,,,,,,,,,
189007,5.54,0.22,0.2942,,,,,,,,,0.003329215779289423,0.039711191335740074,0.03942652329749104,0.053104693140794225,0.7477906186267844,,,,,,,,0.0004360968086,,,,,,,,,,,,,,,,,,,,,,,,,,,,,,,,
189008,5.41,0.22,0.2933,,,,,,,,,0.003366112303441015,0.04066543438077634,0.039711191335740074,0.054214417744916824,0.7500852369587453,,,,,,,,0.00195919901011,,,,,,,,,,,,,,,,,,,,,,,,,,,,,,,,
189009,5.32,0.22,0.2925,,,,,,,,,0.0037645947642782084,0.041353383458646614,0.04066543438077634,0.05498120300751879,0.7521367521367522,,,,,,,,0.00102159000374,,,,,,,,,,,,,,,,,,,,,,,,,,,,,,,,
189010,5.08,0.22,0.2917,,,,,,,,,0.0038826636415633035,0.04330708661417323,0.041353383458646614,0.05742125984251969,0.7541995200548508,,,,,,,,0.0018990477396500004,,,,,,,,,,,,,,,,,,,,,,,,,,,,,,,,
189011,4.71,0.22,0.2908,,,,,,,,,0.00399335321401808,0.046709129511677286,0.04330708661417323,0.06174097664543524,0.7565337001375516,,,,,,,,0.00850158962332,,,,,,,,,,,,,,,,,,,,,,,,,,,,,,,,
189012,4.6,0.22,0.29,,,,,,,,,0.004620594124595144,0.04782608695652174,0.046709129511677286,0.06304347826086956,0.7586206896551725,,,,,,,,0.00594470978532,,,,,,,,,,,,,,,,,,,,,,,,,,,,,,,,
189101,4.84,0.22,0.2942,,,,,,,,,0.0050485938047536115,0.045454545454545456,0.04782608695652174,0.060785123966942155,0.7477906186267844,,,,,,,,0.0016956909908800001,,,,,,,,,,,,,,,,,,,,,,,,,,,,,,,,
189102,4.9,0.22,0.2983,,,,,,,,,0.00394169808020585,0.044897959183673466,0.045454545454545456,0.06087755102040816,0.7375125712370098,,,,,,,,0.0008054941681799997,,,,,,,,,,,,,,,,,,,,,,,,,,,,,,,,
189103,4.81,0.22,0.3025,,,,,,,,,0.003329215779289423,0.04573804573804574,0.044897959183673466,0.0628898128898129,0.7272727272727273,,,,,,,,0.00100661346107,,,,,,,,,,,,,,,,,,,,,,,,,,,,,,,,
189104,4.97,0.22,0.3067,,,,,,,,,0.0035136984000473824,0.044265593561368215,0.04573804573804574,0.061710261569416495,0.7173133355070102,,,,,,,,0.00135693891499,,,,,,,,,,,,,,,,,,,,,,,,,,,,,,,,
189105,4.95,0.22,0.3108,,,,,,,,,0.0033882502179319704,0.044444444444444446,0.044265593561368215,0.0627878787878788,0.7078507078507078,,,,,,,,0.0019748725754999996,,,,,,,,,,,,,,,,,,,,,,,,,,,,,,,,
189106,4.85,0.22,0.315,,,,,,,,,0.003609629362841522,0.04536082474226805,0.044444444444444446,0.06494845360824743,0.6984126984126984,,,,,,,,0.00099157056344,,,,,,,,,,,,,,,,,,,,,,,,,,,,,,,,
189107,4.77,0.22,0.3192,,,,,,,,,0.003698181020805343,0.04612159329140462,0.04536082474226805,0.06691823899371069,0.6892230576441103,,,,,,,,0.0007849770098600001,,,,,,,,,,,,,,,,,,,,,,,,,,,,,,,,
189108,4.93,0.22,0.3233,,,,,,,,,0.003771974069108527,0.04462474645030426,0.04612159329140462,0.06557809330628803,0.6804825239715435,,,,,,,,0.0017710528431600001,,,,,,,,,,,,,,,,,,,,,,,,,,,,,,,,
189109,5.33,0.22,0.3275,,,,,,,,,0.0038826636415633035,0.04127579737335835,0.04462474645030426,0.06144465290806755,0.6717557251908397,,,,,,,,0.00211040526493,,,,,,,,,,,,,,,,,,,,,,,,,,,,,,,,
189110,5.33,0.22,0.3317,,,,,,,,,0.003904801556054259,0.04127579737335835,0.04127579737335835,0.062232645403377106,0.6632499246306904,,,,,,,,0.0016616208021099999,,,,,,,,,,,,,,,,,,,,,,,,,,,,,,,,
189111,5.25,0.22,0.3358,,,,,,,,,0.0037572154594478907,0.0419047619047619,0.04127579737335835,0.06396190476190476,0.6551518761167362,,,,,,,,0.0014091129198699997,,,,,,,,,,,,,,,,,,,,,,,,,,,,,,,,
189112,5.41,0.22,0.34,,,,,,,,,0.0033734916082713328,0.04066543438077634,0.0419047619047619,0.06284658040665435,0.6470588235294117,,,,,,,,0.00055518218628,,,,,,,,,,,,,,,,,,,,,,,,,,,,,,,,
189201,5.51,0.2217,0.3425,,,,,,,,,0.0032037675971740096,0.040235934664246825,0.04097966728280961,0.06215970961887478,0.6472992700729927,,,,,,,,0.0015107813068,,,,,,,,,,,,,,,,,,,,,,,,,,,,,,,,
189202,5.52,0.2233,0.345,,,,,,,,,0.0027093541735426765,0.04045289855072464,0.04052631578947369,0.0625,0.6472463768115942,,,,,,,,0.0013500143837099998,,,,,,,,,,,,,,,,,,,,,,,,,,,,,,,,
189203,5.58,0.225,0.3475,,,,,,,,,0.0023625268465177116,0.04032258064516129,0.0407608695652174,0.062275985663082435,0.6474820143884893,,,,,,,,0.00103022156419,,,,,,,,,,,,,,,,,,,,,,,,,,,,,,,,
189204,5.57,0.2267,0.35,,,,,,,,,0.0025765266865969455,0.04070017953321364,0.04062724014336918,0.06283662477558348,0.6477142857142858,,,,,,,,0.00070600765535,,,,,,,,,,,,,,,,,,,,,,,,,,,,,,,,
189205,5.57,0.2283,0.3525,,,,,,,,,0.0022001821402507066,0.04098743267504488,0.04098743267504488,0.06328545780969479,0.6476595744680852,,,,,,,,0.00071005264923,,,,,,,,,,,,,,,,,,,,,,,,,,,,,,,,
189206,5.54,0.23,0.355,,,,,,,,,0.001971423690510836,0.04151624548736462,0.04129263913824057,0.06407942238267147,0.647887323943662,,,,,,,,0.0007011436979,,,,,,,,,,,,,,,,,,,,,,,,,,,,,,,,
189207,5.54,0.2317,0.3575,,,,,,,,,0.0018164582890741496,0.041823104693140795,0.041823104693140795,0.06453068592057762,0.6481118881118881,,,,,,,,0.0008278846176300001,,,,,,,,,,,,,,,,,,,,,,,,,,,,,,,,
189208,5.62,0.2333,0.36,,,,,,,,,0.0022001821402507066,0.041512455516014235,0.04211191335740072,0.06405693950177936,0.6480555555555556,,,,,,,,0.0009315347338000001,,,,,,,,,,,,,,,,,,,,,,,,,,,,,,,,
189209,5.48,0.235,0.3625,,,,,,,,,0.0025617680769363083,0.04288321167883211,0.04181494661921708,0.06614963503649635,0.6482758620689655,,,,,,,,0.00102379904271,,,,,,,,,,,,,,,,,,,,,,,,,,,,,,,,
189210,5.59,0.2367,0.365,,,,,,,,,0.003115215939210189,0.042343470483005366,0.043193430656934304,0.06529516994633273,0.6484931506849315,,,,,,,,0.00035982150817,,,,,,,,,,,,,,,,,,,,,,,,,,,,,,,,
189211,5.57,0.2383,0.3675,,,,,,,,,0.003447284656574517,0.042782764811490126,0.04262969588550984,0.06597845601436265,0.6484353741496599,,,,,,,,0.0007783807987400001,,,,,,,,,,,,,,,,,,,,,,,,,,,,,,,,
189212,5.51,0.24,0.37,,,,,,,,,0.0034325260469138803,0.043557168784029036,0.04308797127468581,0.06715063520871144,0.6486486486486487,,,,,,,,0.0009565177994000002,,,,,,,,,,,,,,,,,,,,,,,,,,,,,,,,
189301,5.61,0.2408,0.3608,,,,,,,,,0.003698181020805343,0.04292335115864527,0.04370235934664247,0.06431372549019608,0.6674057649667405,,,,,,,,0.00090231873422,,,,,,,,,,,,,,,,,,,,,,,,,,,,,,,,
189302,5.51,0.2417,0.3517,,,,,,,,,0.0034030088275926063,0.043865698729582576,0.04308377896613191,0.06382940108892922,0.6872334375888541,,,,,,,,0.0017157775737399997,,,,,,,,,,,,,,,,,,,,,,,,,,,,,,,,
189303,5.31,0.2425,0.3425,,,,,,,,,0.0033070778647984675,0.045668549905838046,0.04401088929219601,0.0645009416195857,0.7080291970802919,,,,,,,,0.0012405728899900002,,,,,,,,,,,,,,,,,,,,,,,,,,,,,,,,
189304,5.31,0.2433,0.3333,,,,,,,,,0.004657490648746736,0.045819209039548024,0.045819209039548024,0.06276836158192091,0.72997299729973,,,,,,,,0.0016310348374,,,,,,,,,,,,,,,,,,,,,,,,,,,,,,,,
189305,4.84,0.2442,0.3242,,,,,,,,,0.0038826636415633035,0.05045454545454545,0.04598870056497176,0.06698347107438017,0.7532387415175817,,,,,,,,0.00606550180242,,,,,,,,,,,,,,,,,,,,,,,,,,,,,,,,
189306,4.61,0.245,0.315,,,,,,,,,0.004576318295613234,0.05314533622559652,0.0506198347107438,0.06832971800433839,0.7777777777777778,,,,,,,,0.00297078730668,,,,,,,,,,,,,,,,,,,,,,,,,,,,,,,,
189307,4.18,0.2458,0.3058,,,,,,,,,0.00588983455540991,0.05880382775119617,0.05331887201735357,0.07315789473684212,0.803793328973185,,,,,,,,0.017438716553730003,,,,,,,,,,,,,,,,,,,,,,,,,,,,,,,,
189308,4.08,0.2467,0.2967,,,,,,,,,0.0076682470195166465,0.0604656862745098,0.05901913875598087,0.07272058823529412,0.8314796090326929,,,,,,,,0.009677558594620004,,,,,,,,,,,,,,,,,,,,,,,,,,,,,,,,
189309,4.37,0.2475,0.2875,,,,,,,,,0.00746162648426773,0.05663615560640732,0.06066176470588235,0.06578947368421052,0.8608695652173913,,,,,,,,0.00445303798236,,,,,,,,,,,,,,,,,,,,,,,,,,,,,,,,
189310,4.5,0.2483,0.2783,,,,,,,,,0.00574962776363386,0.05517777777777778,0.056819221967963386,0.061844444444444445,0.892202659001078,,,,,,,,0.00459421537435,,,,,,,,,,,,,,,,,,,,,,,,,,,,,,,,
189311,4.57,0.2492,0.2692,,,,,,,,,0.004000732518848398,0.054529540481400435,0.055377777777777776,0.05890590809628008,0.9257057949479941,,,,,,,,0.00222444766309,,,,,,,,,,,,,,,,,,,,,,,,,,,,,,,,
189312,4.41,0.25,0.26,,,,,,,,,0.0028716988798096815,0.056689342403628114,0.05470459518599562,0.05895691609977324,0.9615384615384615,,,,,,,,0.00167042106537,,,,,,,,,,,,,,,,,,,,,,,,,,,,,,,,
189401,4.32,0.2467,0.2517,,,,,,,,,0.0023403889320267562,0.05710648148148148,0.05594104308390022,0.05826388888888888,0.9801350814461661,,,,,,,,0.00306115464023,,,,,,,,,,,,,,,,,,,,,,,,,,,,,,,,
189402,4.38,0.2433,0.2433,,,,,,,,,0.002207561445081025,0.055547945205479454,0.056319444444444436,0.055547945205479454,1.0,,,,,,,,0.0004687629289799999,,,,,,,,,,,,,,,,,,,,,,,,,,,,,,,,
189403,4.51,0.24,0.235,,,,,,,,,0.0020747339581352934,0.05321507760532151,0.0547945205479452,0.052106430155210645,1.0212765957446808,,,,,,,,0.0011852547163700002,,,,,,,,,,,,,,,,,,,,,,,,,,,,,,,,
189404,4.57,0.2367,0.2267,,,,,,,,,0.0018754927277166962,0.05179431072210065,0.052483370288248336,0.049606126914660834,1.0441111601235111,,,,,,,,0.0007072681766399998,,,,,,,,,,,,,,,,,,,,,,,,,,,,,,,,
189405,4.4,0.2333,0.2183,,,,,,,,,0.0019271478615289254,0.05302272727272727,0.051050328227571114,0.04961363636363636,1.0687127805771874,,,,,,,,0.0016138179001000002,,,,,,,,,,,,,,,,,,,,,,,,,,,,,,,,
189406,4.34,0.23,0.21,,,,,,,,,0.0018016996794135124,0.05299539170506913,0.05227272727272727,0.04838709677419355,1.0952380952380953,,,,,,,,0.0010679601930600002,,,,,,,,,,,,,,,,,,,,,,,,,,,,,,,,
189407,4.25,0.2267,0.2017,,,,,,,,,0.0017869410697528758,0.05334117647058824,0.052235023041474656,0.04745882352941176,1.1239464551313834,,,,,,,,0.0006023603871,,,,,,,,,,,,,,,,,,,,,,,,,,,,,,,,
189408,4.41,0.2233,0.1933,,,,,,,,,0.0018533548132257413,0.05063492063492063,0.05254117647058824,0.04383219954648526,1.1551991722710813,,,,,,,,0.00245405041055,,,,,,,,,,,,,,,,,,,,,,,,,,,,,,,,
189409,4.48,0.22,0.185,,,,,,,,,0.00190500994703797,0.049107142857142856,0.04988662131519274,0.041294642857142856,1.1891891891891893,,,,,,,,0.0011129513181900002,,,,,,,,,,,,,,,,,,,,,,,,,,,,,,,,
189410,4.34,0.2167,0.1767,,,,,,,,,0.0020599753484746566,0.04993087557603687,0.04837053571428571,0.04071428571428572,1.2263723825693267,,,,,,,,0.0012013283347,,,,,,,,,,,,,,,,,,,,,,,,,,,,,,,,
189411,4.34,0.2133,0.1683,,,,,,,,,0.0016762514972980995,0.049147465437788015,0.049147465437788015,0.03877880184331797,1.267379679144385,,,,,,,,0.0019034742784299996,,,,,,,,,,,,,,,,,,,,,,,,,,,,,,,,
189412,4.3,0.21,0.16,,,,,,,,,0.001698389411789055,0.04883720930232558,0.04838709677419355,0.037209302325581395,1.3125,,,,,,,,0.0013603550609700003,,,,,,,,,,,,,,,,,,,,,,,,,,,,,,,,
189501,4.25,0.2083,0.1675,,,,,,,,,0.0017648031552619204,0.04901176470588236,0.04844186046511628,0.039411764705882354,1.2435820895522387,,,,,,,,0.0009261423531399998,,,,,,,,,,,,,,,,,,,,,,,,,,,,,,,,
189502,4.19,0.2067,0.175,,,,,,,,,0.0019271478615289254,0.04933174224343675,0.048635294117647054,0.04176610978520286,1.1811428571428573,,,,,,,,0.0008998998400100002,,,,,,,,,,,,,,,,,,,,,,,,,,,,,,,,
189503,4.19,0.205,0.1825,,,,,,,,,0.0023108717127054827,0.048926014319809065,0.048926014319809065,0.04355608591885441,1.1232876712328768,,,,,,,,0.0016711344353499999,,,,,,,,,,,,,,,,,,,,,,,,,,,,,,,,
189504,4.37,0.2033,0.19,,,,,,,,,0.0025248715527847166,0.04652173913043478,0.04852028639618138,0.043478260869565216,1.07,,,,,,,,0.0008847499432299999,,,,,,,,,,,,,,,,,,,,,,,,,,,,,,,,
189505,4.61,0.2017,0.1975,,,,,,,,,0.002569147381766627,0.0437527114967462,0.04615560640732265,0.042841648590021694,1.02126582278481,,,,,,,,0.00301111228207,,,,,,,,,,,,,,,,,,,,,,,,,,,,,,,,
189506,4.7,0.2,0.205,,,,,,,,,0.0016836308021284177,0.0425531914893617,0.04338394793926247,0.04361702127659574,0.9756097560975611,,,,,,,,0.0009137186126399999,,,,,,,,,,,,,,,,,,,,,,,,,,,,,,,,
189507,4.72,0.1983,0.2125,,,,,,,,,0.0015729412296736419,0.04201271186440678,0.042191489361702125,0.045021186440677964,0.9331764705882354,,,,,,,,0.0008380014036699999,,,,,,,,,,,,,,,,,,,,,,,,,,,,,,,,
189508,4.79,0.1967,0.22,,,,,,,,,0.0018090789842438307,0.04106471816283925,0.041673728813559324,0.04592901878914405,0.8940909090909092,,,,,,,,0.00058099419716,,,,,,,,,,,,,,,,,,,,,,,,,,,,,,,,
189509,4.82,0.195,0.2275,,,,,,,,,0.0022001821402507066,0.04045643153526971,0.0407098121085595,0.04719917012448133,0.8571428571428571,,,,,,,,0.0020191395568599996,,,,,,,,,,,,,,,,,,,,,,,,,,,,,,,,
189510,4.75,0.1933,0.235,,,,,,,,,0.0026134232107485372,0.04069473684210526,0.040103734439834025,0.049473684210526316,0.8225531914893618,,,,,,,,0.00090026137978,,,,,,,,,,,,,,,,,,,,,,,,,,,,,,,,
189511,4.59,0.1917,0.2425,,,,,,,,,0.003166871073022418,0.04176470588235295,0.040357894736842106,0.0528322440087146,0.7905154639175258,,,,,,,,0.0015394193937999998,,,,,,,,,,,,,,,,,,,,,,,,,,,,,,,,
189512,4.32,0.19,0.25,,,,,,,,,0.002687216259051721,0.04398148148148148,0.04139433551198257,0.057870370370370364,0.76,,,,,,,,0.01450513233317,,,,,,,,,,,,,,,,,,,,,,,,,,,,,,,,
189601,4.27,0.1892,0.2467,,,,,,,,,0.0031447331585314625,0.04430913348946137,0.0437962962962963,0.05777517564402811,0.7669233887312525,,,,,,,,0.0034854131703400005,,,,,,,,,,,,,,,,,,,,,,,,,,,,,,,,
189602,4.45,0.1883,0.2433,,,,,,,,,0.0040671462623212635,0.04231460674157303,0.04409836065573771,0.05467415730337078,0.7739416358405261,,,,,,,,0.0017888724857999998,,,,,,,,,,,,,,,,,,,,,,,,,,,,,,,,
189603,4.38,0.1875,0.24,,,,,,,,,0.003926939470545214,0.04280821917808219,0.042134831460674156,0.0547945205479452,0.78125,,,,,,,,0.00145664339319,,,,,,,,,,,,,,,,,,,,,,,,,,,,,,,,
189604,4.42,0.1867,0.2367,,,,,,,,,0.003491560485556427,0.042239819004524885,0.04262557077625571,0.05355203619909502,0.7887621461765949,,,,,,,,0.00065320044587,,,,,,,,,,,,,,,,,,,,,,,,,,,,,,,,
189605,4.4,0.1858,0.2333,,,,,,,,,0.003528457009708019,0.042227272727272724,0.042036199095022625,0.05302272727272727,0.7963994856408058,,,,,,,,0.0010398273912300001,,,,,,,,,,,,,,,,,,,,,,,,,,,,,,,,
189606,4.32,0.185,0.23,,,,,,,,,0.002982388452264458,0.04282407407407407,0.04204545454545454,0.05324074074074074,0.8043478260869564,,,,,,,,0.00435875046137,,,,,,,,,,,,,,,,,,,,,,,,,,,,,,,,
189607,4.04,0.1842,0.2267,,,,,,,,,0.0027757679170155422,0.04559405940594059,0.042638888888888886,0.056113861386138615,0.8125275694750772,,,,,,,,0.00768569378864,,,,,,,,,,,,,,,,,,,,,,,,,,,,,,,,
189608,3.81,0.1833,0.2233,,,,,,,,,0.003366112303441015,0.04811023622047244,0.04537128712871287,0.058608923884514434,0.8208687863860278,,,,,,,,0.007965637272079999,,,,,,,,,,,,,,,,,,,,,,,,,,,,,,,,
189609,4.01,0.1825,0.22,,,,,,,,,0.005402800436608895,0.04551122194513716,0.0479002624671916,0.054862842892768084,0.8295454545454545,,,,,,,,0.00430887702949,,,,,,,,,,,,,,,,,,,,,,,,,,,,,,,,
189610,4.1,0.1817,0.2167,,,,,,,,,0.0057643863732944976,0.04431707317073171,0.045311720698254364,0.05285365853658537,0.838486386709737,,,,,,,,0.00451481334689,,,,,,,,,,,,,,,,,,,,,,,,,,,,,,,,
189611,4.38,0.1808,0.2133,,,,,,,,,0.005808662202276407,0.041278538812785384,0.04409756097560976,0.0486986301369863,0.8476324425691514,,,,,,,,0.0042137166294300005,,,,,,,,,,,,,,,,,,,,,,,,,,,,,,,,
189612,4.22,0.18,0.21,,,,,,,,,0.003580112143520249,0.04265402843601896,0.0410958904109589,0.04976303317535545,0.8571428571428571,,,,,,,,0.004961789094190002,,,,,,,,,,,,,,,,,,,,,,,,,,,,,,,,
189701,4.22,0.18,0.2183,,,,,,,,,0.0023920440658389847,0.04265402843601896,0.04265402843601896,0.05172985781990522,0.8245533669262483,,,,,,,,0.001418686168,,,,,,,,,,,,,,,,,,,,,,,,,,,,,,,,
189702,4.18,0.18,0.2267,,,,,,,,,0.002082113262965612,0.0430622009569378,0.04265402843601896,0.05423444976076556,0.7940008822232024,,,,,,,,0.0010347079022399999,,,,,,,,,,,,,,,,,,,,,,,,,,,,,,,,
189703,4.19,0.18,0.235,,,,,,,,,0.0018533548132257413,0.04295942720763723,0.0430622009569378,0.056085918854415266,0.7659574468085106,,,,,,,,0.0019187940886100001,,,,,,,,,,,,,,,,,,,,,,,,,,,,,,,,
189704,4.06,0.18,0.2433,,,,,,,,,0.0020968718726262488,0.04433497536945813,0.04295942720763723,0.05992610837438424,0.7398273736128237,,,,,,,,0.0020920643889600003,,,,,,,,,,,,,,,,,,,,,,,,,,,,,,,,
189705,4.08,0.18,0.2517,,,,,,,,,0.002244457969232617,0.044117647058823525,0.04433497536945813,0.06169117647058823,0.7151370679380215,,,,,,,,0.00108580797058,,,,,,,,,,,,,,,,,,,,,,,,,,,,,,,,
189706,4.27,0.18,0.26,,,,,,,,,0.002244457969232617,0.042154566744730684,0.044117647058823525,0.060889929742388764,0.6923076923076923,,,,,,,,0.00116497594726,,,,,,,,,,,,,,,,,,,,,,,,,,,,,,,,
189707,4.46,0.18,0.2683,,,,,,,,,0.0019419064711895622,0.04035874439461883,0.042154566744730684,0.06015695067264574,0.6708907938874394,,,,,,,,0.00099829650323,,,,,,,,,,,,,,,,,,,,,,,,,,,,,,,,
189708,4.75,0.18,0.2767,,,,,,,,,0.0021485270064384777,0.03789473684210526,0.04035874439461883,0.05825263157894737,0.6505240332490061,,,,,,,,0.00202352904359,,,,,,,,,,,,,,,,,,,,,,,,,,,,,,,,
189709,4.98,0.18,0.285,,,,,,,,,0.002384664761008667,0.03614457831325301,0.03789473684210526,0.05722891566265059,0.6315789473684211,,,,,,,,0.0031743871818300006,,,,,,,,,,,,,,,,,,,,,,,,,,,,,,,,
189710,4.82,0.18,0.2933,,,,,,,,,0.0026650783445607657,0.03734439834024896,0.03614457831325301,0.060850622406639,0.6137061029662462,,,,,,,,0.0034575288158699997,,,,,,,,,,,,,,,,,,,,,,,,,,,,,,,,
189711,4.65,0.18,0.3017,,,,,,,,,0.002731492088033632,0.038709677419354833,0.03734439834024896,0.06488172043010752,0.5966191581040768,,,,,,,,0.0031859507793299997,,,,,,,,,,,,,,,,,,,,,,,,,,,,,,,,
189712,4.75,0.18,0.31,,,,,,,,,0.0021337683967778405,0.03789473684210526,0.038709677419354833,0.06526315789473684,0.5806451612903225,,,,,,,,0.0011967886542,,,,,,,,,,,,,,,,,,,,,,,,,,,,,,,,
189801,4.88,0.1817,0.3133,,,,,,,,,0.0021632856160991145,0.03723360655737705,0.03825263157894737,0.06420081967213115,0.5799553143951484,,,,,,,,0.0020065062407999996,,,,,,,,,,,,,,,,,,,,,,,,,,,,,,,,
189802,4.87,0.1833,0.3167,,,,,,,,,0.002037837433983701,0.03763860369609856,0.037561475409836065,0.06503080082135523,0.5787811809283233,,,,,,,,0.0028627302331999996,,,,,,,,,,,,,,,,,,,,,,,,,,,,,,,,
189803,4.65,0.185,0.32,,,,,,,,,0.0019419064711895622,0.039784946236559135,0.037987679671457907,0.06881720430107527,0.578125,,,,,,,,0.0109767556163,,,,,,,,,,,,,,,,,,,,,,,,,,,,,,,,
189804,4.57,0.1867,0.3233,,,,,,,,,0.003070940110228279,0.04085339168490153,0.0401505376344086,0.07074398249452953,0.5774822146613053,,,,,,,,0.00434880346519,,,,,,,,,,,,,,,,,,,,,,,,,,,,,,,,
189805,4.87,0.1883,0.3267,,,,,,,,,0.0038826636415633035,0.0386652977412731,0.0412035010940919,0.06708418891170431,0.57636975818794,,,,,,,,0.004697023752509999,,,,,,,,,,,,,,,,,,,,,,,,,,,,,,,,
189806,5.06,0.19,0.33,,,,,,,,,0.003070940110228279,0.03754940711462451,0.039014373716632446,0.06521739130434784,0.5757575757575757,,,,,,,,0.0012237441496299997,,,,,,,,,,,,,,,,,,,,,,,,,,,,,,,,
189807,5.08,0.1917,0.3333,,,,,,,,,0.0020304581291533835,0.03773622047244095,0.03788537549407115,0.06561023622047243,0.5751575157515753,,,,,,,,0.0008520288983100001,,,,,,,,,,,,,,,,,,,,,,,,,,,,,,,,
189808,5.27,0.1933,0.3367,,,,,,,,,0.0023403889320267562,0.03667931688804554,0.038051181102362205,0.0638899430740038,0.5741015741015741,,,,,,,,0.00130103494249,,,,,,,,,,,,,,,,,,,,,,,,,,,,,,,,
189809,5.26,0.195,0.34,,,,,,,,,0.0023256303223661194,0.03707224334600761,0.03700189753320684,0.06463878326996199,0.5735294117647058,,,,,,,,0.0014933782417000001,,,,,,,,,,,,,,,,,,,,,,,,,,,,,,,,
189810,5.15,0.1967,0.3433,,,,,,,,,0.0026724576493910844,0.038194174757281554,0.03739543726235742,0.06666019417475727,0.5729682493445966,,,,,,,,0.0010858962639800002,,,,,,,,,,,,,,,,,,,,,,,,,,,,,,,,
189811,5.32,0.1983,0.3467,,,,,,,,,0.002155906311268796,0.037274436090225564,0.038504854368932036,0.06516917293233082,0.5719642342082492,,,,,,,,0.0007460238470999999,,,,,,,,,,,,,,,,,,,,,,,,,,,,,,,,
189812,5.65,0.2,0.35,,,,,,,,,0.0020747339581352934,0.035398230088495575,0.03759398496240601,0.06194690265486725,0.5714285714285715,,,,,,,,0.00083048220604,,,,,,,,,,,,,,,,,,,,,,,,,,,,,,,,
189901,6.08,0.2008,0.3608,,,,,,,,,0.0018754927277166962,0.03302631578947368,0.03553982300884956,0.0593421052631579,0.5565410199556541,,,,,,,,0.0017113599129200002,,,,,,,,,,,,,,,,,,,,,,,,,,,,,,,,
189902,6.31,0.2017,0.3717,,,,,,,,,0.001779561764922557,0.03196513470681458,0.033174342105263155,0.05890649762282092,0.5426419155232715,,,,,,,,0.0008945259139299999,,,,,,,,,,,,,,,,,,,,,,,,,,,,,,,,
189903,6.4,0.2025,0.3825,,,,,,,,,0.0018902513373773332,0.031640625,0.0320919175911252,0.059765624999999996,0.5294117647058824,,,,,,,,0.00129131018011,,,,,,,,,,,,,,,,,,,,,,,,,,,,,,,,
189904,6.48,0.2033,0.3933,,,,,,,,,0.002487975028633124,0.031373456790123454,0.031765625,0.06069444444444444,0.5169082125603865,,,,,,,,0.0012558573274300002,,,,,,,,,,,,,,,,,,,,,,,,,,,,,,,,
189905,6.21,0.2042,0.4042,,,,,,,,,0.0023625268465177116,0.03288244766505636,0.031512345679012344,0.06508856682769726,0.5051954477981198,,,,,,,,0.00503154949487,,,,,,,,,,,,,,,,,,,,,,,,,,,,,,,,
189906,6.07,0.205,0.415,,,,,,,,,0.0022961131030448455,0.03377265238879736,0.033011272141706925,0.06836902800658978,0.4939759036144578,,,,,,,,0.0015474261675,,,,,,,,,,,,,,,,,,,,,,,,,,,,,,,,
189907,6.28,0.2058,0.4258,,,,,,,,,0.002082113262965612,0.03277070063694268,0.03390444810543657,0.06780254777070063,0.4833255049318929,,,,,,,,0.0008671236610700003,,,,,,,,,,,,,,,,,,,,,,,,,,,,,,,,
189908,6.44,0.2067,0.4367,,,,,,,,,0.0023403889320267562,0.032096273291925465,0.0329140127388535,0.06781055900621118,0.4733226471261736,,,,,,,,0.0005065934002900001,,,,,,,,,,,,,,,,,,,,,,,,,,,,,,,,
189909,6.37,0.2075,0.4475,,,,,,,,,0.002849560965318726,0.032574568288854,0.032220496894409936,0.07025117739403454,0.4636871508379888,,,,,,,,0.0019000421185799998,,,,,,,,,,,,,,,,,,,,,,,,,,,,,,,,
189910,6.34,0.2083,0.4583,,,,,,,,,0.0032849399503075125,0.032854889589905366,0.032700156985871275,0.07228706624605678,0.4545057822387083,,,,,,,,0.0012869480558600002,,,,,,,,,,,,,,,,,,,,,,,,,,,,,,,,
189911,6.46,0.2092,0.4692,,,,,,,,,0.0034694225710654725,0.03238390092879257,0.032996845425867505,0.07263157894736842,0.4458653026427962,,,,,,,,0.00091893481556,,,,,,,,,,,,,,,,,,,,,,,,,,,,,,,,
189912,6.02,0.21,0.48,,,,,,,,,0.0036391465821627956,0.03488372093023256,0.032507739938080496,0.079734219269103,0.4375,,,,,,,,0.009884870853499999,,,,,,,,,,,,,,,,,,,,,,,,,,,,,,,,
190001,6.1,0.2175,0.48,,,,,,,,,0.003978594604357442,0.035655737704918034,0.03612956810631229,0.07868852459016394,0.453125,,,,,,,,0.00243246237464,,,,,,,,,,,,,,,,,,,,,,,,,,,,,,,,
190002,6.21,0.225,0.48,,,,,,,,,0.003277560645477194,0.036231884057971016,0.03688524590163935,0.07729468599033816,0.46875000000000006,,,,,,,,0.0008380406958400001,,,,,,,,,,,,,,,,,,,,,,,,,,,,,,,,
190003,6.26,0.2325,0.48,,,,,,,,,0.0028864574894703183,0.03714057507987221,0.03743961352657005,0.07667731629392971,0.48437500000000006,,,,,,,,0.00122170330853,,,,,,,,,,,,,,,,,,,,,,,,,,,,,,,,
190004,6.34,0.24,0.48,,,,,,,,,0.0032406641213256018,0.03785488958990536,0.038338658146964855,0.07570977917981073,0.5,,,,,,,,0.0014254608784100005,,,,,,,,,,,,,,,,,,,,,,,,,,,,,,,,
190005,6.04,0.2475,0.48,,,,,,,,,0.0027757679170155422,0.04097682119205298,0.039037854889589906,0.07947019867549669,0.515625,,,,,,,,0.0016912917175700003,,,,,,,,,,,,,,,,,,,,,,,,,,,,,,,,
190006,5.86,0.255,0.48,,,,,,,,,0.0023699061513480298,0.04351535836177474,0.042218543046357616,0.08191126279863481,0.53125,,,,,,,,0.00157149506332,,,,,,,,,,,,,,,,,,,,,,,,,,,,,,,,
190007,5.86,0.2625,0.48,,,,,,,,,0.002355147541687393,0.04479522184300341,0.04479522184300341,0.08191126279863481,0.546875,,,,,,,,0.0012871560902099999,,,,,,,,,,,,,,,,,,,,,,,,,,,,,,,,
190008,5.94,0.27,0.48,,,,,,,,,0.0026134232107485372,0.045454545454545456,0.04607508532423208,0.0808080808080808,0.5625000000000001,,,,,,,,0.00030482126537000005,,,,,,,,,,,,,,,,,,,,,,,,,,,,,,,,
190009,5.8,0.2775,0.48,,,,,,,,,0.002731492088033632,0.0478448275862069,0.04671717171717172,0.08275862068965517,0.5781250000000001,,,,,,,,0.00144585376423,,,,,,,,,,,,,,,,,,,,,,,,,,,,,,,,
190010,6.01,0.285,0.48,,,,,,,,,0.0028421816604884075,0.04742096505823627,0.04913793103448275,0.07986688851913477,0.59375,,,,,,,,0.0012551926920699996,,,,,,,,,,,,,,,,,,,,,,,,,,,,,,,,
190011,6.48,0.2925,0.48,,,,,,,,,0.003366112303441015,0.04513888888888888,0.04866888519134775,0.07407407407407407,0.609375,,,,,,,,0.0024582298407699993,,,,,,,,,,,,,,,,,,,,,,,,,,,,,,,,
190012,6.87,0.3,0.48,,,,,,,,,0.0028864574894703183,0.043668122270742356,0.046296296296296294,0.06986899563318777,0.625,,,,,,,,0.00122840670803,,,,,,,,,,,,,,,,,,,,,,,,,,,,,,,,
190101,7.07,0.3017,0.4817,,,,,,,,,0.0031447331585314625,0.042673267326732676,0.0439155749636099,0.06813295615275813,0.626323437824372,,,,,,,,0.00252925166323,,,,,,,,,,,,,,,,,,,,,,,,,,,,,,,,
190102,7.25,0.3033,0.4833,,,,,,,,,0.0026134232107485372,0.04183448275862069,0.0428995756718529,0.06666206896551724,0.6275605214152701,,,,,,,,0.00094355734881,,,,,,,,,,,,,,,,,,,,,,,,,,,,,,,,
190103,7.51,0.305,0.485,,,,,,,,,0.0023625268465177116,0.04061251664447404,0.04206896551724138,0.06458055925432757,0.6288659793814433,,,,,,,,0.00044761178193,,,,,,,,,,,,,,,,,,,,,,,,,,,,,,,,
190104,8.14,0.3067,0.4867,,,,,,,,,0.002406802675499622,0.03767813267813267,0.04083888149134487,0.05979115479115479,0.630162317649476,,,,,,,,0.00180414523207,,,,,,,,,,,,,,,,,,,,,,,,,,,,,,,,
190105,7.73,0.3083,0.4883,,,,,,,,,0.002569147381766627,0.039883570504527815,0.037874692874692875,0.06316946959896506,0.6313741552324391,,,,,,,,0.01512932512595,,,,,,,,,,,,,,,,,,,,,,,,,,,,,,,,
190106,8.5,0.31,0.49,,,,,,,,,0.002569147381766627,0.036470588235294116,0.040103492884864166,0.05764705882352941,0.6326530612244898,,,,,,,,0.0011166339779400002,,,,,,,,,,,,,,,,,,,,,,,,,,,,,,,,
190107,7.93,0.3117,0.4917,,,,,,,,,0.0025470094672756715,0.03930643127364439,0.036670588235294115,0.062005044136191685,0.6339231238560097,,,,,,,,0.004989022595969998,,,,,,,,,,,,,,,,,,,,,,,,,,,,,,,,
190108,8.04,0.3133,0.4933,,,,,,,,,0.0028126644411671344,0.038967661691542296,0.03950819672131148,0.061355721393034836,0.6351104804378674,,,,,,,,0.00136838119369,,,,,,,,,,,,,,,,,,,,,,,,,,,,,,,,
190109,8.0,0.315,0.495,,,,,,,,,0.002960250537773502,0.039375,0.03917910447761194,0.061875,0.6363636363636364,,,,,,,,0.00591299925142,,,,,,,,,,,,,,,,,,,,,,,,,,,,,,,,
190110,7.91,0.3167,0.4967,,,,,,,,,0.0032849399503075125,0.040037926675094815,0.0395875,0.06279393173198483,0.6376082142138112,,,,,,,,0.0009998370502000001,,,,,,,,,,,,,,,,,,,,,,,,,,,,,,,,
190111,8.08,0.3183,0.4983,,,,,,,,,0.003070940110228279,0.039393564356435644,0.04024020227560051,0.06167079207920792,0.6387718242022878,,,,,,,,0.00082189612633,,,,,,,,,,,,,,,,,,,,,,,,,,,,,,,,
190112,7.95,0.32,0.5,,,,,,,,,0.003122595244040507,0.04025157232704402,0.039603960396039604,0.06289308176100629,0.64,,,,,,,,0.0012303252240400003,,,,,,,,,,,,,,,,,,,,,,,,,,,,,,,,
190201,8.12,0.3208,0.5108,,,,,,,,,0.0032849399503075125,0.03950738916256158,0.04035220125786163,0.06290640394088672,0.6280344557556773,,,,,,,,0.00084182236003,,,,,,,,,,,,,,,,,,,,,,,,,,,,,,,,
190202,8.19,0.3217,0.5217,,,,,,,,,0.002960250537773502,0.03927960927960928,0.039618226600985226,0.0636996336996337,0.6166379145102548,,,,,,,,0.00050690323225,,,,,,,,,,,,,,,,,,,,,,,,,,,,,,,,
190203,8.2,0.3225,0.5325,,,,,,,,,0.002591285296257582,0.039329268292682934,0.03937728937728938,0.0649390243902439,0.6056338028169015,,,,,,,,0.00035371375003,,,,,,,,,,,,,,,,,,,,,,,,,,,,,,,,
190204,8.48,0.3233,0.5433,,,,,,,,,0.0028421816604884075,0.03812499999999999,0.03942682926829268,0.0640683962264151,0.5950671820357076,,,,,,,,0.00062107308082,,,,,,,,,,,,,,,,,,,,,,,,,,,,,,,,
190205,8.46,0.3242,0.5542,,,,,,,,,0.002945491928112866,0.03832151300236406,0.03823113207547169,0.06550827423167849,0.5849873691808011,,,,,,,,0.0012370248515099999,,,,,,,,,,,,,,,,,,,,,,,,,,,,,,,,
190206,8.41,0.325,0.565,,,,,,,,,0.002982388452264458,0.03864447086801427,0.0384160756501182,0.06718192627824018,0.5752212389380532,,,,,,,,0.00026097644547,,,,,,,,,,,,,,,,,,,,,,,,,,,,,,,,
190207,8.6,0.3258,0.5758,,,,,,,,,0.0029159747087915923,0.03788372093023256,0.03873959571938169,0.06695348837209303,0.5658214657867315,,,,,,,,0.0003693229253,,,,,,,,,,,,,,,,,,,,,,,,,,,,,,,,
190208,8.83,0.3267,0.5867,,,,,,,,,0.0030488021957373237,0.03699886749716874,0.037988372093023255,0.06644394110985277,0.5568433611726606,,,,,,,,0.00033637332765999994,,,,,,,,,,,,,,,,,,,,,,,,,,,,,,,,
190209,8.85,0.3275,0.5975,,,,,,,,,0.003211146902004328,0.037005649717514126,0.03708946772366931,0.06751412429378531,0.5481171548117155,,,,,,,,0.00337887854199,,,,,,,,,,,,,,,,,,,,,,,,,,,,,,,,
190210,8.57,0.3283,0.6083,,,,,,,,,0.003779353373938846,0.03830805134189031,0.03709604519774011,0.07098016336056008,0.5397008055235903,,,,,,,,0.0016801434301400003,,,,,,,,,,,,,,,,,,,,,,,,,,,,,,,,
190211,8.24,0.3292,0.6192,,,,,,,,,0.0040228704333393536,0.03995145631067961,0.03841306884480747,0.07514563106796115,0.5316537467700259,,,,,,,,0.0021199081092500003,,,,,,,,,,,,,,,,,,,,,,,,,,,,,,,,
190212,8.05,0.33,0.63,,,,,,,,,0.0038826636415633035,0.040993788819875775,0.04004854368932039,0.07826086956521738,0.5238095238095238,,,,,,,,0.0016868876587499998,,,,,,,,,,,,,,,,,,,,,,,,,,,,,,,,
190301,8.46,0.3317,0.6217,,,,,,,,,0.0040671462623212635,0.0392080378250591,0.04120496894409938,0.0734869976359338,0.5335370757600129,,,,,,,,0.0006760278921600001,,,,,,,,,,,,,,,,,,,,,,,,,,,,,,,,
190302,8.41,0.3333,0.6133,,,,,,,,,0.0034177674372532435,0.039631391200951244,0.03939716312056737,0.07292508917954815,0.5434534485569869,,,,,,,,0.0004724461984799999,,,,,,,,,,,,,,,,,,,,,,,,,,,,,,,,
190303,8.08,0.335,0.605,,,,,,,,,0.003211146902004328,0.04146039603960396,0.03983353151010702,0.07487623762376237,0.5537190082644629,,,,,,,,0.0017076352862499997,,,,,,,,,,,,,,,,,,,,,,,,,,,,,,,,
190304,7.75,0.3367,0.5967,,,,,,,,,0.003779353373938846,0.04344516129032258,0.04167079207920792,0.07699354838709678,0.5642701525054467,,,,,,,,0.0016186946951,,,,,,,,,,,,,,,,,,,,,,,,,,,,,,,,
190305,7.6,0.3383,0.5883,,,,,,,,,0.003491560485556427,0.044513157894736845,0.043651612903225806,0.07740789473684212,0.5750467448580655,,,,,,,,0.0013952706652299999,,,,,,,,,,,,,,,,,,,,,,,,,,,,,,,,
190306,7.18,0.34,0.58,,,,,,,,,0.0031447331585314625,0.04735376044568246,0.044736842105263165,0.0807799442896936,0.5862068965517242,,,,,,,,0.0025605328882199988,,,,,,,,,,,,,,,,,,,,,,,,,,,,,,,,
190307,6.85,0.3417,0.5717,,,,,,,,,0.0033882502179319704,0.04988321167883212,0.047590529247910865,0.08345985401459854,0.5976910967290537,,,,,,,,0.00259745885641,,,,,,,,,,,,,,,,,,,,,,,,,,,,,,,,
190308,6.63,0.3433,0.5633,,,,,,,,,0.003653905191823433,0.05177978883861237,0.050116788321167886,0.08496229260935144,0.6094443458192792,,,,,,,,0.0046120563661600006,,,,,,,,,,,,,,,,,,,,,,,,,,,,,,,,
190309,6.47,0.345,0.555,,,,,,,,,0.0040228704333393536,0.05332302936630603,0.05203619909502262,0.0857805255023184,0.6216216216216215,,,,,,,,0.00294319769352,,,,,,,,,,,,,,,,,,,,,,,,,,,,,,,,
190310,6.26,0.3467,0.5467,,,,,,,,,0.0040671462623212635,0.05538338658146965,0.05358578052550232,0.08733226837060702,0.6341686482531553,,,,,,,,0.0036398171592,,,,,,,,,,,,,,,,,,,,,,,,,,,,,,,,
190311,6.28,0.3483,0.5383,,,,,,,,,0.003949077385036169,0.055461783439490445,0.05563897763578275,0.08571656050955413,0.6470369682333271,,,,,,,,0.00127812305135,,,,,,,,,,,,,,,,,,,,,,,,,,,,,,,,
190312,6.57,0.35,0.53,,,,,,,,,0.004045008347830308,0.0532724505327245,0.055732484076433116,0.0806697108066971,0.660377358490566,,,,,,,,0.00124432114833,,,,,,,,,,,,,,,,,,,,,,,,,,,,,,,,
190401,6.68,0.3467,0.5267,,,,,,,,,0.0039564566898664865,0.05190119760479042,0.05277016742770167,0.07884730538922155,0.6582494778811468,,,,,,,,0.0017781549866799997,,,,,,,,,,,,,,,,,,,,,,,,,,,,,,,,
190402,6.5,0.3433,0.5233,,,,,,,,,0.0032406641213256018,0.05281538461538461,0.051392215568862275,0.08050769230769231,0.6560290464360787,,,,,,,,0.00071103726431,,,,,,,,,,,,,,,,,,,,,,,,,,,,,,,,
190403,6.48,0.34,0.52,,,,,,,,,0.003166871073022418,0.05246913580246913,0.05230769230769231,0.08024691358024691,0.6538461538461539,,,,,,,,0.0014626396627299995,,,,,,,,,,,,,,,,,,,,,,,,,,,,,,,,
190404,6.64,0.3367,0.5167,,,,,,,,,0.0030930780247192336,0.050707831325301204,0.051959876543209875,0.07781626506024097,0.6516353783626863,,,,,,,,0.00043687836406000006,,,,,,,,,,,,,,,,,,,,,,,,,,,,,,,,
190405,6.5,0.3333,0.5133,,,,,,,,,0.002635561125239492,0.051276923076923074,0.05019578313253012,0.07896923076923076,0.6493278784336646,,,,,,,,0.00034317244150000007,,,,,,,,,,,,,,,,,,,,,,,,,,,,,,,,
190406,6.51,0.33,0.51,,,,,,,,,0.0025322508576150348,0.05069124423963134,0.050769230769230775,0.0783410138248848,0.6470588235294118,,,,,,,,0.00023818810262,,,,,,,,,,,,,,,,,,,,,,,,,,,,,,,,
190407,6.78,0.3267,0.5067,,,,,,,,,0.002303492407875164,0.0481858407079646,0.05018433179723502,0.07473451327433629,0.644760213143872,,,,,,,,0.0009055554753500001,,,,,,,,,,,,,,,,,,,,,,,,,,,,,,,,
190408,7.01,0.3233,0.5033,,,,,,,,,0.002244457969232617,0.046119828815977176,0.04768436578171091,0.07179743223965764,0.6423604212199483,,,,,,,,0.00048822878966999996,,,,,,,,,,,,,,,,,,,,,,,,,,,,,,,,
190409,7.32,0.32,0.5,,,,,,,,,0.002502733638293761,0.04371584699453552,0.0456490727532097,0.06830601092896174,0.64,,,,,,,,0.0008812463282699999,,,,,,,,,,,,,,,,,,,,,,,,,,,,,,,,
190410,7.75,0.3167,0.4967,,,,,,,,,0.002820043745997452,0.040864516129032254,0.043265027322404365,0.06409032258064516,0.6376082142138112,,,,,,,,0.00129763692347,,,,,,,,,,,,,,,,,,,,,,,,,,,,,,,,
190411,8.17,0.3133,0.4933,,,,,,,,,0.0028864574894703183,0.03834761321909425,0.04042580645161291,0.060379436964504284,0.6351104804378674,,,,,,,,0.0007777411033099999,,,,,,,,,,,,,,,,,,,,,,,,,,,,,,,,
190412,8.25,0.31,0.49,,,,,,,,,0.002687216259051721,0.037575757575757575,0.037943696450428395,0.059393939393939395,0.6326530612244898,,,,,,,,0.0033483606058600005,,,,,,,,,,,,,,,,,,,,,,,,,,,,,,,,
190501,8.43,0.3117,0.505,,,,,,,,,0.0027979058315064976,0.036975088967971526,0.03778181818181818,0.059905100830367736,0.6172277227722772,,,,,,,,0.00081676579183,,,,,,,,,,,,,,,,,,,,,,,,,,,,,,,,
190502,8.8,0.3133,0.52,,,,,,,,,0.002569147381766627,0.035602272727272725,0.037164887307236064,0.05909090909090909,0.6025,,,,,,,,0.0005484349145199999,,,,,,,,,,,,,,,,,,,,,,,,,,,,,,,,
190503,9.05,0.315,0.535,,,,,,,,,0.002465837114142169,0.034806629834254144,0.03579545454545454,0.05911602209944751,0.5887850467289719,,,,,,,,0.00107032300451,,,,,,,,,,,,,,,,,,,,,,,,,,,,,,,,
190504,8.94,0.3167,0.55,,,,,,,,,0.0025396301624453534,0.035425055928411636,0.03499447513812154,0.06152125279642059,0.5758181818181818,,,,,,,,0.00240712287276,,,,,,,,,,,,,,,,,,,,,,,,,,,,,,,,
190505,8.5,0.3183,0.565,,,,,,,,,0.002569147381766627,0.03744705882352942,0.03560402684563759,0.06647058823529411,0.5633628318584072,,,,,,,,0.0032256777976300004,,,,,,,,,,,,,,,,,,,,,,,,,,,,,,,,
190506,8.6,0.32,0.58,,,,,,,,,0.0025765266865969455,0.037209302325581395,0.037647058823529415,0.06744186046511627,0.5517241379310346,,,,,,,,0.0013950785247699995,,,,,,,,,,,,,,,,,,,,,,,,,,,,,,,,
190507,8.87,0.3217,0.595,,,,,,,,,0.002406802675499622,0.03626832018038332,0.03740697674418605,0.06708004509582864,0.540672268907563,,,,,,,,0.0010987717737000002,,,,,,,,,,,,,,,,,,,,,,,,,,,,,,,,
190508,9.2,0.3233,0.61,,,,,,,,,0.002679836954221403,0.035141304347826086,0.03644870349492672,0.06630434782608696,0.53,,,,,,,,0.00087564102492,,,,,,,,,,,,,,,,,,,,,,,,,,,,,,,,
190509,9.23,0.325,0.625,,,,,,,,,0.0027388713928639505,0.035211267605633804,0.03532608695652174,0.06771397616468039,0.52,,,,,,,,0.0013945243478600004,,,,,,,,,,,,,,,,,,,,,,,,,,,,,,,,
190510,9.36,0.3267,0.64,,,,,,,,,0.003122595244040507,0.03490384615384615,0.03539544962080173,0.06837606837606838,0.51046875,,,,,,,,0.0006928260049899999,,,,,,,,,,,,,,,,,,,,,,,,,,,,,,,,
190511,9.31,0.3283,0.655,,,,,,,,,0.0032923192551378307,0.03526315789473684,0.035074786324786326,0.07035445757250268,0.5012213740458015,,,,,,,,0.0012021160887099999,,,,,,,,,,,,,,,,,,,,,,,,,,,,,,,,
190512,9.54,0.33,0.67,,,,,,,,,0.0037572154594478907,0.034591194968553465,0.03544575725026853,0.07023060796645704,0.4925373134328358,,,,,,,,0.00090972326071,,,,,,,,,,,,,,,,,,,,,,,,,,,,,,,,
190601,9.87,0.3358,0.6775,,,,,,,,,0.003926939470545214,0.034022289766970616,0.035199161425576525,0.06864235055724417,0.4956457564575646,,,,,,,,0.00139491907386,,,,,,,,,,,,,,,,,,,,,,,,,,,,,,,,
190602,9.8,0.3417,0.685,,,,,,,,,0.003366112303441015,0.03486734693877551,0.034620060790273556,0.06989795918367347,0.4988321167883211,,,,,,,,0.0013124867663800001,,,,,,,,,,,,,,,,,,,,,,,,,,,,,,,,
190603,9.56,0.3475,0.6925,,,,,,,,,0.0033513536937803783,0.03634937238493723,0.03545918367346938,0.07243723849372384,0.5018050541516245,,,,,,,,0.0011252854718799999,,,,,,,,,,,,,,,,,,,,,,,,,,,,,,,,
190604,9.43,0.3533,0.7,,,,,,,,,0.0035358363145383378,0.03746553552492047,0.03695606694560669,0.07423117709437964,0.5047142857142858,,,,,,,,0.0024018046092300002,,,,,,,,,,,,,,,,,,,,,,,,,,,,,,,,
190605,9.18,0.3592,0.7075,,,,,,,,,0.003653905191823433,0.039128540305010895,0.03809119830328738,0.07706971677559914,0.5077031802120141,,,,,,,,0.0021175439256200007,,,,,,,,,,,,,,,,,,,,,,,,,,,,,,,,
190606,9.3,0.365,0.715,,,,,,,,,0.003565353533859612,0.03924731182795699,0.039760348583877995,0.07688172043010752,0.5104895104895105,,,,,,,,0.0016463420975200002,,,,,,,,,,,,,,,,,,,,,,,,,,,,,,,,
190607,9.06,0.3708,0.7225,,,,,,,,,0.0035136984000473824,0.04092715231788079,0.039870967741935485,0.07974613686534217,0.5132179930795848,,,,,,,,0.0012790847500599998,,,,,,,,,,,,,,,,,,,,,,,,,,,,,,,,
190608,9.73,0.3767,0.73,,,,,,,,,0.0036686638014840696,0.0387153134635149,0.04157836644591611,0.0750256937307297,0.5160273972602739,,,,,,,,0.00148739183618,,,,,,,,,,,,,,,,,,,,,,,,,,,,,,,,
190609,10.03,0.3825,0.7375,,,,,,,,,0.00403762904299999,0.038135593220338986,0.039311408016443984,0.07352941176470588,0.5186440677966101,,,,,,,,0.0008314321158399999,,,,,,,,,,,,,,,,,,,,,,,,,,,,,,,,
190610,9.73,0.3883,0.745,,,,,,,,,0.004480387332819094,0.03990750256937307,0.03871385842472582,0.07656731757451181,0.5212080536912751,,,,,,,,0.0012371143456499998,,,,,,,,,,,,,,,,,,,,,,,,,,,,,,,,
190611,9.93,0.3942,0.7525,,,,,,,,,0.0042885254072308155,0.03969788519637462,0.040513874614594034,0.0757804632426989,0.5238538205980067,,,,,,,,0.0006876635987900001,,,,,,,,,,,,,,,,,,,,,,,,,,,,,,,,
190612,9.84,0.4,0.76,,,,,,,,,0.004251628883079224,0.04065040650406505,0.04028197381671702,0.07723577235772358,0.5263157894736842,,,,,,,,0.00157085530257,,,,,,,,,,,,,,,,,,,,,,,,,,,,,,,,
190701,9.56,0.4033,0.7517,,,,,,,,,0.004251628883079224,0.042186192468619245,0.04098577235772358,0.07862970711297071,0.5365172276174005,,,,,,,,0.00130455478506,,,,,,,,,,,,,,,,,,,,,,,,,,,,,,,,
190702,9.26,0.4067,0.7433,,,,,,,,,0.0041778358347760395,0.04392008639308855,0.0425418410041841,0.08026997840172787,0.5471545809229114,,,,,,,,0.0014456296762899996,,,,,,,,,,,,,,,,,,,,,,,,,,,,,,,,
190703,8.35,0.41,0.735,,,,,,,,,0.0040228704333393536,0.04910179640718563,0.04427645788336933,0.08802395209580839,0.5578231292517006,,,,,,,,0.018452098115000003,,,,,,,,,,,,,,,,,,,,,,,,,,,,,,,,
190704,8.39,0.4133,0.7267,,,,,,,,,0.004199973749266994,0.04926102502979737,0.04949700598802395,0.0866150178784267,0.56873537911105,,,,,,,,0.00227326732368,,,,,,,,,,,,,,,,,,,,,,,,,,,,,,,,
190705,8.1,0.4167,0.7183,,,,,,,,,0.0040228704333393536,0.051444444444444445,0.04966626936829559,0.08867901234567903,0.5801197271335097,,,,,,,,0.00199566598612,,,,,,,,,,,,,,,,,,,,,,,,,,,,,,,,
190706,7.84,0.42,0.71,,,,,,,,,0.0036760431063143878,0.05357142857142857,0.05185185185185185,0.09056122448979592,0.5915492957746479,,,,,,,,0.0014013008057699998,,,,,,,,,,,,,,,,,,,,,,,,,,,,,,,,
190707,8.14,0.4233,0.7017,,,,,,,,,0.003653905191823433,0.052002457002457,0.05399234693877551,0.0862039312039312,0.6032492518170158,,,,,,,,0.0013252396581000003,,,,,,,,,,,,,,,,,,,,,,,,,,,,,,,,
190708,7.53,0.4267,0.6933,,,,,,,,,0.0038826636415633035,0.05666666666666667,0.05242014742014742,0.09207171314741036,0.6154622818404731,,,,,,,,0.00419964244391,,,,,,,,,,,,,,,,,,,,,,,,,,,,,,,,
190709,7.45,0.43,0.685,,,,,,,,,0.004251628883079224,0.05771812080536912,0.057104913678618856,0.09194630872483223,0.6277372262773722,,,,,,,,0.0018824117186,,,,,,,,,,,,,,,,,,,,,,,,,,,,,,,,
190710,6.64,0.4333,0.6767,,,,,,,,,0.0046648699535770536,0.06525602409638555,0.058161073825503354,0.10191265060240964,0.6403132850598493,,,,,,,,0.005553425608559999,,,,,,,,,,,,,,,,,,,,,,,,,,,,,,,,
190711,6.25,0.4367,0.6683,,,,,,,,,0.0048788697936562875,0.06987199999999999,0.06576807228915663,0.106928,0.6534490498279215,,,,,,,,0.00513087488265,,,,,,,,,,,,,,,,,,,,,,,,,,,,,,,,
190712,6.57,0.44,0.66,,,,,,,,,0.004989559366111064,0.0669710806697108,0.0704,0.1004566210045662,0.6666666666666666,,,,,,,,0.00301494627011,,,,,,,,,,,,,,,,,,,,,,,,,,,,,,,,
190801,6.85,0.4367,0.6533,,,,,,,,,0.005417559046269532,0.06375182481751825,0.06646879756468797,0.09537226277372263,0.6684524720649012,,,,,,,,0.0023219900749,,,,,,,,,,,,,,,,,,,,,,,,,,,,,,,,
190802,6.6,0.4333,0.6467,,,,,,,,,0.004413973589346228,0.06565151515151516,0.06325547445255475,0.0979848484848485,0.6700170094325034,,,,,,,,0.0018728863379599997,,,,,,,,,,,,,,,,,,,,,,,,,,,,,,,,
190803,6.87,0.43,0.64,,,,,,,,,0.0033734916082713328,0.06259097525473072,0.06515151515151515,0.09315866084425037,0.671875,,,,,,,,0.0023091473530199996,,,,,,,,,,,,,,,,,,,,,,,,,,,,,,,,
190804,7.24,0.4267,0.6333,,,,,,,,,0.003831008507751074,0.05893646408839779,0.06211062590975255,0.08747237569060773,0.6737723038054635,,,,,,,,0.0009914097876100002,,,,,,,,,,,,,,,,,,,,,,,,,,,,,,,,
190805,7.63,0.4233,0.6267,,,,,,,,,0.002930733318452229,0.055478374836173,0.05846685082872928,0.08213630406290957,0.6754427955959789,,,,,,,,0.00198640804568,,,,,,,,,,,,,,,,,,,,,,,,,,,,,,,,
190806,7.64,0.42,0.62,,,,,,,,,0.0025470094672756715,0.0549738219895288,0.055045871559633024,0.08115183246073299,0.6774193548387096,,,,,,,,0.0019133323029200003,,,,,,,,,,,,,,,,,,,,,,,,,,,,,,,,
190807,7.92,0.4167,0.6133,,,,,,,,,0.0023256303223661194,0.05261363636363637,0.054541884816753934,0.07743686868686868,0.6794390999510844,,,,,,,,0.00163102096584,,,,,,,,,,,,,,,,,,,,,,,,,,,,,,,,
190808,8.26,0.4133,0.6067,,,,,,,,,0.002406802675499622,0.0500363196125908,0.05218434343434344,0.07345036319612591,0.6812263062469095,,,,,,,,0.0012737565139599998,,,,,,,,,,,,,,,,,,,,,,,,,,,,,,,,
190809,8.17,0.41,0.6,,,,,,,,,0.0022961131030448455,0.05018359853121175,0.04963680387409201,0.07343941248470012,0.6833333333333333,,,,,,,,0.0021491418521799996,,,,,,,,,,,,,,,,,,,,,,,,,,,,,,,,
190810,8.27,0.4067,0.5933,,,,,,,,,0.0025396301624453534,0.04917775090689239,0.0497796817625459,0.07174123337363968,0.6854879487611664,,,,,,,,0.0009554508752599999,,,,,,,,,,,,,,,,,,,,,,,,,,,,,,,,
190811,8.83,0.4033,0.5867,,,,,,,,,0.002635561125239492,0.04567383918459796,0.04876662636033857,0.06644394110985277,0.6874041247656383,,,,,,,,0.00145357553072,,,,,,,,,,,,,,,,,,,,,,,,,,,,,,,,
190812,9.03,0.4,0.58,,,,,,,,,0.0026134232107485372,0.044296788482835,0.04530011325028313,0.06423034330011074,0.6896551724137931,,,,,,,,0.0011939897339899998,,,,,,,,,,,,,,,,,,,,,,,,,,,,,,,,
190901,9.06,0.4033,0.595,,,,,,,,,0.0024805957238028063,0.04451434878587196,0.044662236987818384,0.06567328918322295,0.6778151260504202,,,,,,,,0.0008793069352700001,,,,,,,,,,,,,,,,,,,,,,,,,,,,,,,,
190902,8.8,0.4067,0.61,,,,,,,,,0.002384664761008667,0.046215909090909085,0.04488962472406181,0.0693181818181818,0.6667213114754098,,,,,,,,0.0017954094610400002,,,,,,,,,,,,,,,,,,,,,,,,,,,,,,,,
190903,8.92,0.41,0.625,,,,,,,,,0.002244457969232617,0.04596412556053812,0.046590909090909086,0.07006726457399103,0.6559999999999999,,,,,,,,0.00072734341634,,,,,,,,,,,,,,,,,,,,,,,,,,,,,,,,
190904,9.32,0.4133,0.64,,,,,,,,,0.002222320054741662,0.04434549356223176,0.04633408071748879,0.06866952789699571,0.64578125,,,,,,,,0.00065625333542,,,,,,,,,,,,,,,,,,,,,,,,,,,,,,,,
190905,9.63,0.4167,0.655,,,,,,,,,0.002222320054741662,0.043271028037383176,0.04471030042918455,0.0680166147455867,0.6361832061068702,,,,,,,,0.0003213450534699999,,,,,,,,,,,,,,,,,,,,,,,,,,,,,,,,
190906,9.8,0.42,0.67,,,,,,,,,0.0021780442257597512,0.04285714285714285,0.04361370716510903,0.06836734693877551,0.626865671641791,,,,,,,,0.0008699496426700001,,,,,,,,,,,,,,,,,,,,,,,,,,,,,,,,
190907,9.94,0.4233,0.685,,,,,,,,,0.002037837433983701,0.042585513078470826,0.04319387755102041,0.06891348088531188,0.617956204379562,,,,,,,,0.00027885204611999997,,,,,,,,,,,,,,,,,,,,,,,,,,,,,,,,
190908,10.18,0.4267,0.7,,,,,,,,,0.0021337683967778405,0.0419155206286837,0.04292756539235413,0.06876227897838899,0.6095714285714287,,,,,,,,0.0013988725755399998,,,,,,,,,,,,,,,,,,,,,,,,,,,,,,,,
190909,10.19,0.43,0.715,,,,,,,,,0.002620802515578856,0.042198233562315994,0.04223968565815324,0.07016683022571148,0.6013986013986015,,,,,,,,0.00124981632417,,,,,,,,,,,,,,,,,,,,,,,,,,,,,,,,
190910,10.23,0.4333,0.73,,,,,,,,,0.002724112783203313,0.04235581622678397,0.04252208047105005,0.07135874877810361,0.5935616438356165,,,,,,,,0.0009552185255200001,,,,,,,,,,,,,,,,,,,,,,,,,,,,,,,,
190911,10.18,0.4367,0.745,,,,,,,,,0.0033513536937803783,0.04289783889980354,0.04268817204301075,0.0731827111984283,0.5861744966442953,,,,,,,,0.0005255664560600001,,,,,,,,,,,,,,,,,,,,,,,,,,,,,,,,
190912,10.3,0.44,0.76,,,,,,,,,0.003366112303441015,0.04271844660194175,0.043222003929273084,0.07378640776699029,0.5789473684210527,,,,,,,,0.00037692189109999995,,,,,,,,,,,,,,,,,,,,,,,,,,,,,,,,
191001,10.08,0.4425,0.7575,,,,,,,,,0.003410388132422926,0.04389880952380952,0.042961165048543686,0.07514880952380952,0.5841584158415842,,,,,,,,0.0022565499667800007,,,,,,,,,,,,,,,,,,,,,,,,,,,,,,,,
191002,9.72,0.445,0.755,,,,,,,,,0.0031447331585314625,0.045781893004115226,0.0441468253968254,0.07767489711934156,0.5894039735099338,,,,,,,,0.0018189784394,,,,,,,,,,,,,,,,,,,,,,,,,,,,,,,,
191003,9.96,0.4475,0.7525,,,,,,,,,0.0029159747087915923,0.044929718875502005,0.04603909465020576,0.07555220883534135,0.5946843853820598,,,,,,,,0.0008332212282399999,,,,,,,,,,,,,,,,,,,,,,,,,,,,,,,,
191004,9.72,0.45,0.75,,,,,,,,,0.002960250537773502,0.046296296296296294,0.045180722891566265,0.07716049382716049,0.6,,,,,,,,0.00169382390065,,,,,,,,,,,,,,,,,,,,,,,,,,,,,,,,
191005,9.56,0.4525,0.7475,,,,,,,,,0.0031447331585314625,0.0473326359832636,0.04655349794238683,0.07819037656903766,0.6053511705685618,,,,,,,,0.00136477001251,,,,,,,,,,,,,,,,,,,,,,,,,,,,,,,,
191006,9.1,0.455,0.745,,,,,,,,,0.0031447331585314625,0.05,0.047594142259414225,0.08186813186813187,0.610738255033557,,,,,,,,0.0027949308463900003,,,,,,,,,,,,,,,,,,,,,,,,,,,,,,,,
191007,8.64,0.4575,0.7425,,,,,,,,,0.0032701813406468753,0.05295138888888889,0.050274725274725277,0.0859375,0.6161616161616161,,,,,,,,0.0032866343625399994,,,,,,,,,,,,,,,,,,,,,,,,,,,,,,,,
191008,8.85,0.46,0.74,,,,,,,,,0.003609629362841522,0.05197740112994351,0.05324074074074074,0.08361581920903954,0.6216216216216216,,,,,,,,0.0015867082842400005,,,,,,,,,,,,,,,,,,,,,,,,,,,,,,,,
191009,8.91,0.4625,0.7375,,,,,,,,,0.0036465258869931142,0.05190796857463524,0.05225988700564972,0.08277216610549944,0.6271186440677966,,,,,,,,0.0006869296776399999,,,,,,,,,,,,,,,,,,,,,,,,,,,,,,,,
191010,9.32,0.465,0.735,,,,,,,,,0.0037203189352962985,0.049892703862660946,0.052188552188552194,0.078862660944206,0.6326530612244898,,,,,,,,0.0007413731704199999,,,,,,,,,,,,,,,,,,,,,,,,,,,,,,,,
191011,9.31,0.4675,0.7325,,,,,,,,,0.003742456849787253,0.05021482277121375,0.050160944206008584,0.07867883995703545,0.6382252559726962,,,,,,,,0.0011607905155,,,,,,,,,,,,,,,,,,,,,,,,,,,,,,,,
191012,9.05,0.47,0.73,,,,,,,,,0.003698181020805343,0.05193370165745856,0.05048335123523093,0.08066298342541435,0.6438356164383562,,,,,,,,0.0006830646460600002,,,,,,,,,,,,,,,,,,,,,,,,,,,,,,,,
191101,9.27,0.47,0.7183,,,,,,,,,0.003078319415058597,0.05070118662351672,0.05193370165745856,0.07748651564185546,0.6543227063900876,,,,,,,,0.00056673546969,,,,,,,,,,,,,,,,,,,,,,,,,,,,,,,,
191102,9.43,0.47,0.7067,,,,,,,,,0.0025839059914272637,0.04984093319194061,0.05070118662351672,0.07494167550371156,0.6650629687278902,,,,,,,,0.0006225479503599999,,,,,,,,,,,,,,,,,,,,,,,,,,,,,,,,
191103,9.32,0.47,0.695,,,,,,,,,0.002635561125239492,0.05042918454935622,0.04984093319194061,0.07457081545064377,0.6762589928057554,,,,,,,,0.0006389758539,,,,,,,,,,,,,,,,,,,,,,,,,,,,,,,,
191104,9.28,0.47,0.6833,,,,,,,,,0.002517492247954398,0.050646551724137935,0.05042918454935622,0.07363146551724138,0.6878384311429825,,,,,,,,0.0002818355837,,,,,,,,,,,,,,,,,,,,,,,,,,,,,,,,
191105,9.48,0.47,0.6717,,,,,,,,,0.0023330096271964376,0.049578059071729956,0.050646551724137935,0.07085443037974683,0.6997171356260236,,,,,,,,0.00063220533713,,,,,,,,,,,,,,,,,,,,,,,,,,,,,,,,
191106,9.67,0.47,0.66,,,,,,,,,0.0023108717127054827,0.048603929679420885,0.049578059071729956,0.06825232678386764,0.712121212121212,,,,,,,,0.00029245623851,,,,,,,,,,,,,,,,,,,,,,,,,,,,,,,,
191107,9.63,0.47,0.6483,,,,,,,,,0.002355147541687393,0.04880581516095534,0.048603929679420885,0.0673208722741433,0.7249730063242326,,,,,,,,0.00031949161184999995,,,,,,,,,,,,,,,,,,,,,,,,,,,,,,,,
191108,9.17,0.47,0.6367,,,,,,,,,0.002428940589990577,0.05125408942202835,0.04880581516095534,0.06943293347873501,0.7381812470551279,,,,,,,,0.0013782882459300002,,,,,,,,,,,,,,,,,,,,,,,,,,,,,,,,
191109,8.67,0.47,0.625,,,,,,,,,0.002731492088033632,0.05420991926182237,0.05125408942202835,0.07208765859284891,0.752,,,,,,,,0.00104690417499,,,,,,,,,,,,,,,,,,,,,,,,,,,,,,,,
191110,8.72,0.47,0.6133,,,,,,,,,0.002982388452264458,0.053899082568807336,0.05420991926182237,0.07033256880733944,0.7663459970650579,,,,,,,,0.00052626183978,,,,,,,,,,,,,,,,,,,,,,,,,,,,,,,,
191111,9.07,0.47,0.6017,,,,,,,,,0.002856940270149045,0.05181918412348401,0.053899082568807336,0.06633958103638368,0.7811201595479474,,,,,,,,0.00105786792299,,,,,,,,,,,,,,,,,,,,,,,,,,,,,,,,
191112,9.11,0.47,0.59,,,,,,,,,0.0025470094672756715,0.05159165751920966,0.05181918412348401,0.06476399560922064,0.7966101694915254,,,,,,,,0.00042000353838000004,,,,,,,,,,,,,,,,,,,,,,,,,,,,,,,,
191201,9.12,0.4708,0.5992,,,,,,,,,0.0030488021957373237,0.05162280701754386,0.0516794731064764,0.06570175438596491,0.7857142857142858,,,,,,,,0.00048237880149,,,,,,,,,,,,,,,,,,,,,,,,,,,,,,,,
191202,9.04,0.4717,0.6083,,,,,,,,,0.002517492247954398,0.05217920353982301,0.05172149122807018,0.06728982300884956,0.7754397501232945,,,,,,,,0.00016108618663,,,,,,,,,,,,,,,,,,,,,,,,,,,,,,,,
191203,9.3,0.4725,0.6175,,,,,,,,,0.002406802675499622,0.05080645161290322,0.05226769911504425,0.06639784946236559,0.7651821862348177,,,,,,,,0.00041378410728000004,,,,,,,,,,,,,,,,,,,,,,,,,,,,,,,,
191204,9.59,0.4733,0.6267,,,,,,,,,0.002731492088033632,0.04935349322210636,0.05089247311827957,0.06534932221063608,0.755225785862454,,,,,,,,0.00052669082424,,,,,,,,,,,,,,,,,,,,,,,,,,,,,,,,
191205,9.58,0.4742,0.6358,,,,,,,,,0.0026945955638820397,0.049498956158663884,0.049447340980187694,0.06636743215031315,0.7458320226486316,,,,,,,,0.00075402081896,,,,,,,,,,,,,,,,,,,,,,,,,,,,,,,,
191206,9.58,0.475,0.645,,,,,,,,,0.002731492088033632,0.049582463465553235,0.049582463465553235,0.06732776617954071,0.7364341085271318,,,,,,,,0.00044159244834000004,,,,,,,,,,,,,,,,,,,,,,,,,,,,,,,,
191207,9.59,0.4758,0.6542,,,,,,,,,0.002591285296257582,0.049614181438998955,0.049665970772442586,0.06821689259645464,0.7273005197187404,,,,,,,,0.0005500493178199999,,,,,,,,,,,,,,,,,,,,,,,,,,,,,,,,
191208,9.81,0.4767,0.6633,,,,,,,,,0.0029750091474341385,0.048593272171253823,0.0497080291970803,0.06761467889908257,0.7186793306196292,,,,,,,,0.00033223570667999995,,,,,,,,,,,,,,,,,,,,,,,,,,,,,,,,
191209,9.86,0.4775,0.6725,,,,,,,,,0.003329215779289423,0.048427991886409734,0.048674821610601424,0.06820486815415822,0.7100371747211895,,,,,,,,0.00042973458493,,,,,,,,,,,,,,,,,,,,,,,,,,,,,,,,
191210,9.84,0.4783,0.6817,,,,,,,,,0.003742456849787253,0.04860772357723577,0.048509127789046654,0.06927845528455284,0.7016282822355875,,,,,,,,0.0007144112741399998,,,,,,,,,,,,,,,,,,,,,,,,,,,,,,,,
191211,9.73,0.4792,0.6908,,,,,,,,,0.0040154911285090345,0.049249743062692704,0.04869918699186992,0.07099691675231243,0.6936884771279677,,,,,,,,0.00074583069574,,,,,,,,,,,,,,,,,,,,,,,,,,,,,,,,
191212,9.38,0.48,0.7,,,,,,,,,0.003860525727072348,0.05117270788912579,0.04933196300102775,0.07462686567164178,0.6857142857142857,,,,,,,,0.0009024807296700001,,,,,,,,,,,,,,,,,,,,,,,,,,,,,,,,
191301,9.3,0.48,0.6942,,,,,,,,,0.0040671462623212635,0.051612903225806445,0.05117270788912579,0.07464516129032257,0.6914433880726015,,,,,,,,0.00120075390792,,,,,,,,,,,,,,,,,,,,,,,,,,,,,,,,
191302,8.97,0.48,0.6883,,,,,,,,,0.0031890089875133724,0.05351170568561872,0.051612903225806445,0.07673355629877368,0.6973703327037628,,,,,0.0,,,0.00075332561745,,,,,,,,,,,,,,,,,,,,,,,,,,,,,,,,
191303,8.8,0.48,0.6825,,,,,,,,,0.0032554227309862386,0.054545454545454536,0.05351170568561872,0.07755681818181817,0.7032967032967032,,,,,0.0,,,0.0007565929602999999,,,,,,,,,,,,,,,,,,,,,,,,,,,,,,,,
191304,8.79,0.48,0.6767,,,,,,,,,0.0038900429463936213,0.05460750853242321,0.054545454545454536,0.07698521046643914,0.7093246638096645,,,,,0.0,,,0.00072407459204,,,,,,,,,,,,,,,,,,,,,,,,,,,,,,,,
191305,8.55,0.48,0.6708,,,,,,,,,0.0037129396304659795,0.05614035087719298,0.05460750853242321,0.07845614035087718,0.7155635062611807,,,,,-0.010204081632653184,,,0.0005819011839600002,,,,,,,,,,,,,,,,,,,,,,,,,,,,,,,,
191306,8.12,0.48,0.665,,,,,,,,,0.0035874914483505667,0.05911330049261084,0.05614035087719298,0.08189655172413794,0.7218045112781954,,,,,0.01030927835051565,,,0.0026204890637,,,,,,,,,,,,,,,,,,,,,,,,,,,,,,,,
191307,8.23,0.48,0.6592,,,,,,,,,0.003978594604357442,0.058323207776427695,0.05911330049261084,0.08009720534629404,0.7281553398058253,,,,,0.010204081632652962,,,0.00055587762969,,,,,,,,,,,,,,,,,,,,,,,,,,,,,,,,
191308,8.45,0.48,0.6533,,,,,,,,,0.004096663481642537,0.056804733727810655,0.058323207776427695,0.07731360946745562,0.7347313638450941,,,,,0.0,,,0.0005558541033200001,,,,,,,,,,,,,,,,,,,,,,,,,,,,,,,,
191309,8.53,0.48,0.6475,,,,,,,,,0.0040671462623212635,0.05627198124267292,0.056804733727810655,0.07590855803048066,0.7413127413127413,,,,,0.010101010101010166,,,0.00067673025646,,,,,,,,,,,,,,,,,,,,,,,,,,,,,,,,
191310,8.26,0.48,0.6417,,,,,,,,,0.003926939470545214,0.05811138014527845,0.05627198124267292,0.07768765133171913,0.7480130902290789,,,,,0.0,,,0.0010866135525999998,,,,,,,,,,,,,,,,,,,,,,,,,,,,,,,,
191311,8.05,0.48,0.6358,,,,,,,,,0.003816249898090438,0.059627329192546576,0.05811138014527845,0.07898136645962732,0.7549543881723811,,,,,0.010000000000000009,,,0.00045064284555000004,,,,,,,,,,,,,,,,,,,,,,,,,,,,,,,,
191312,8.04,0.48,0.63,,,,,,,,,0.003742456849787253,0.05970149253731344,0.059627329192546576,0.07835820895522388,0.7619047619047619,,,,,-0.00990099009900991,,,0.0007124876931000001,,,,,,,,,,,,,,,,,,,,,,,,,,,,,,,,
191401,8.37,0.475,0.6208,,,,,,,,,0.0038383878125813936,0.05675029868578256,0.05907960199004975,0.07416965352449224,0.7651417525773195,,,,,0.0,,,0.00073060859864,,,,,,,,,,,,,,,,,,,,,,,,,,,,,,,,
191402,8.48,0.47,0.6117,,,,,,,,,0.002982388452264458,0.05542452830188679,0.056152927120669056,0.07213443396226416,0.7683504986104299,,,,,-0.010000000000000009,,,0.00040463250620999995,,,,,,,,,,,,,,,,,,,,,,,,,,,,,,,,
191403,8.32,0.465,0.6025,,,,,,,,,0.0024805957238028063,0.05588942307692308,0.05483490566037736,0.07241586538461539,0.7717842323651453,,,,,0.0,,,0.0006693024678400002,,,,,,,,,,,,,,,,,,,,,,,,,,,,,,,,
191404,8.12,0.46,0.5933,,,,,,,,,0.002473216418972487,0.056650246305418726,0.055288461538461536,0.0730665024630542,0.7753244564301365,,,,,-0.010101010101010055,,,0.00084835642289,,,,,,,,,,,,,,,,,,,,,,,,,,,,,,,,
191405,8.17,0.455,0.5842,,,,,,,,,0.0023994233706693038,0.05569155446756426,0.0560344827586207,0.07150550795593635,0.7788428620335501,,,,,0.010204081632652962,,,0.0005425669255900001,,,,,,,,,,,,,,,,,,,,,,,,,,,,,,,,
191406,8.13,0.45,0.575,,,,,,,,,0.002502733638293761,0.05535055350553505,0.05507955936352509,0.07072570725707256,0.782608695652174,,,,,0.0,,,0.0006419687818199999,,,,,,,,,,,,,,,,,,,,,,,,,,,,,,,,
191407,7.68,0.445,0.5658,,,,,,,,,0.002487975028633124,0.057942708333333336,0.05473554735547355,0.073671875,0.7864969954047367,,,,,0.010101010101010166,,,0.00517711463983,,,,,,,,,,,,,,,,,,,,,,,,,,,,,,,,
191408,7.68,0.44,0.5567,,,,,,,,,0.0029159747087915923,0.05729166666666667,0.05729166666666667,0.07248697916666666,0.7903718340219149,,,,,0.020000000000000018,,,0.0,,,,,,,,,,,,,,,,,,,,,,,,,,,,,,,,
191409,7.68,0.435,0.5475,,,,,,,,,0.004318042626552089,0.056640625,0.056640625,0.0712890625,0.7945205479452055,,,,,0.0,,,0.0,,,,,,,,,,,,,,,,,,,,,,,,,,,,,,,,
191410,7.68,0.43,0.5383,,,,,,,,,0.004583697600443552,0.055989583333333336,0.055989583333333336,0.07009114583333334,0.7988110718929965,,,,,-0.009803921568627416,,,0.0,,,,,,,,,,,,,,,,,,,,,,,,,,,,,,,,
191411,7.68,0.425,0.5292,,,,,,,,,0.004391835674855273,0.055338541666666664,0.055338541666666664,0.06890625,0.8030990173847317,,,,,0.00990099009900991,,,0.0,,,,,,,,,,,,,,,,,,,,,,,,,,,,,,,,
191412,7.35,0.42,0.52,,,,,,,,,0.003698181020805343,0.05714285714285714,0.0546875,0.0707482993197279,0.8076923076923076,,,,,-0.009803921568627416,,,0.0025860082099700005,,,,,,,,,,,,,,,,,,,,,,,,,,,,,,,,
191501,7.48,0.4208,0.55,,,,,,,,,0.002849560965318726,0.056256684491978605,0.05725170068027211,0.07352941176470588,0.765090909090909,,,,,0.0,,,0.0014435327534400003,,,,,,,,,,,,,,,,,,,,,,,,,,,,,,,,
191502,7.38,0.4217,0.58,,,,,,,,,0.0024805957238028063,0.0571409214092141,0.05637700534759358,0.07859078590785908,0.7270689655172414,,,,,-0.00990099009900991,,,0.00079921051702,,,,,,,,,,,,,,,,,,,,,,,,,,,,,,,,
191503,7.57,0.4225,0.61,,,,,,,,,0.002406802675499622,0.05581241743725231,0.05724932249322493,0.08058124174372523,0.6926229508196722,,,,,-0.010000000000000009,,,0.00082115444621,,,,,,,,,,,,,,,,,,,,,,,,,,,,,,,,
191504,8.14,0.4233,0.64,,,,,,,,,0.0021337683967778405,0.052002457002457,0.05591809775429326,0.07862407862407862,0.66140625,,,,,0.010101010101010166,,,0.00169509751867,,,,,,,,,,,,,,,,,,,,,,,,,,,,,,,,
191505,7.95,0.4242,0.67,,,,,,,,,0.0023403889320267562,0.05335849056603774,0.052113022113022114,0.08427672955974844,0.6331343283582089,,,,,0.010000000000000009,,,0.004928580885120001,,,,,,,,,,,,,,,,,,,,,,,,,,,,,,,,
191506,8.04,0.425,0.7,,,,,,,,,0.002384664761008667,0.05286069651741294,0.05345911949685534,0.08706467661691543,0.6071428571428572,,,,,0.0,,,0.0016801798853,,,,,,,,,,,,,,,,,,,,,,,,,,,,,,,,
191507,8.01,0.4258,0.73,,,,,,,,,0.0023330096271964376,0.05315855181023721,0.05296019900497513,0.09113607990012484,0.5832876712328767,,,,,0.0,,,0.00125366067737,,,,,,,,,,,,,,,,,,,,,,,,,,,,,,,,
191508,8.35,0.4267,0.76,,,,,,,,,0.002037837433983701,0.05110179640718563,0.053270911360799006,0.09101796407185629,0.5614473684210527,,,,,0.0,,,0.0018115193545599998,,,,,,,,,,,,,,,,,,,,,,,,,,,,,,,,
191509,8.66,0.4275,0.79,,,,,,,,,0.002244457969232617,0.049364896073903,0.05119760479041916,0.09122401847575058,0.5411392405063291,,,,,0.0,,,0.0009375170270400001,,,,,,,,,,,,,,,,,,,,,,,,,,,,,,,,
191510,9.14,0.4283,0.82,,,,,,,,,0.0020599753484746566,0.04685995623632385,0.04945727482678984,0.08971553610503281,0.5223170731707317,,,,,0.00990099009900991,,,0.0015525521062500003,,,,,,,,,,,,,,,,,,,,,,,,,,,,,,,,
191511,9.46,0.4292,0.85,,,,,,,,,0.0020156995194927463,0.04536997885835095,0.04695842450765864,0.08985200845665961,0.5049411764705882,,,,,0.009803921568627638,,,0.00099120993851,,,,,,,,,,,,,,,,,,,,,,,,,,,,,,,,
191512,9.48,0.43,0.88,,,,,,,,,0.0018459755083954233,0.04535864978902953,0.04545454545454545,0.09282700421940927,0.48863636363636365,,,,,0.0,,,0.00119072799731,,,,,,,,,,,,,,,,,,,,,,,,,,,,,,,,
191601,9.33,0.4408,0.9342,,,,,,,,,0.0019197685566986068,0.0472454448017149,0.04649789029535865,0.10012861736334405,0.47184757011346606,,,,,0.009708737864077666,,,0.0013879740504000003,,,,,,,,,,,,,,,,,,,,,,,,,,,,,,,,
191602,9.2,0.4517,0.9883,,,,,,,,,0.0019419064711895622,0.04909782608695652,0.048413719185423365,0.10742391304347826,0.4570474552261459,,,,,0.0,,,0.00112416080554,,,,,,,,,,,,,,,,,,,,,,,,,,,,,,,,
191603,9.17,0.4625,1.042,,,,,,,,,0.0019419064711895622,0.05043620501635769,0.05027173913043479,0.11363140676117776,0.44385796545105566,,,,,0.009615384615384581,,,0.00079426765843,,,,,,,,,,,,,,,,,,,,,,,,,,,,,,,,
191604,9.07,0.4733,1.097,,,,,,,,,0.0019419064711895622,0.052183020948180815,0.05161395856052345,0.12094818081587651,0.43144940747493166,,,,,0.00952380952380949,,,0.00186759363084,,,,,,,,,,,,,,,,,,,,,,,,,,,,,,,,
191605,9.27,0.4842,1.151,,,,,,,,,0.0019419064711895622,0.05223300970873787,0.05338478500551268,0.12416396979503777,0.4206776715899218,,,,,0.00943396226415083,,,0.00101906020452,,,,,,,,,,,,,,,,,,,,,,,,,,,,,,,,
191606,9.36,0.495,1.205,,,,,,,,,0.0019419064711895622,0.052884615384615384,0.05339805825242719,0.12873931623931625,0.4107883817427386,,,,,0.009345794392523477,,,0.0011107019991199998,,,,,,,,,,,,,,,,,,,,,,,,,,,,,,,,
191607,9.23,0.5058,1.259,,,,,,,,,0.0023108717127054827,0.05479956663055255,0.05403846153846154,0.13640303358613215,0.40174741858617957,,,,,0.0,,,0.00053263115259,,,,,,,,,,,,,,,,,,,,,,,,,,,,,,,,
191608,9.3,0.5167,1.313,,,,,,,,,0.002569147381766627,0.05555913978494624,0.055980498374864573,0.14118279569892472,0.39352627570449356,,,,,0.0092592592592593,,,0.0010064438507100002,,,,,,,,,,,,,,,,,,,,,,,,,,,,,,,,
191609,9.68,0.5275,1.368,,,,,,,,,0.002384664761008667,0.05449380165289256,0.05672043010752687,0.14132231404958678,0.38559941520467833,,,,,0.0183486238532109,,,0.0007633004997899999,,,,,,,,,,,,,,,,,,,,,,,,,,,,,,,,
191610,9.98,0.5383,1.422,,,,,,,,,0.0021337683967778405,0.053937875751503,0.055609504132231403,0.14248496993987975,0.3785513361462729,,,,,0.018018018018018056,,,0.0016309215576700003,,,,,,,,,,,,,,,,,,,,,,,,,,,,,,,,
191611,10.21,0.5492,1.476,,,,,,,,,0.0021337683967778405,0.053790401567091084,0.05503006012024048,0.144564152791381,0.3720867208672087,,,,,0.017699115044247815,,,0.0008132161339100001,,,,,,,,,,,,,,,,,,,,,,,,,,,,,,,,
191612,9.8,0.56,1.53,,,,,,,,,0.0022149407499113434,0.05714285714285714,0.05484818805093046,0.15612244897959182,0.36601307189542487,,,,,0.008695652173912993,,,0.005782202750740001,,,,,,,,,,,,,,,,,,,,,,,,,,,,,,,,
191701,9.57,0.5708,1.509,,,,,,,,,0.0025248715527847166,0.05964472309299895,0.05824489795918367,0.15768025078369904,0.37826375082836317,,,,,0.008620689655172376,,,0.0015012328714900005,,,,,,,,,,,,,,,,,,,,,,,,,,,,,,,,
191702,9.03,0.5817,1.488,,,,,,,,,0.0022592165788932537,0.0644186046511628,0.06078369905956112,0.1647840531561462,0.3909274193548387,,,,,0.025641025641025772,,,0.004515917336769999,,,,,,,,,,,,,,,,,,,,,,,,,,,,,,,,
191703,9.31,0.5925,1.468,,,,,,,,,0.0026576990397304476,0.06364124597207305,0.06561461794019935,0.1576799140708915,0.4036103542234333,,,,,0.0,,,0.0014594274297400002,,,,,,,,,,,,,,,,,,,,,,,,,,,,,,,,
191704,9.17,0.6033,1.447,,,,,,,,,0.002679836954221403,0.06579062159214831,0.06480128893662727,0.15779716466739369,0.41693158258465784,,,,,0.050000000000000044,,,0.0015206150436500004,,,,,,,,,,,,,,,,,,,,,,,,,,,,,,,,
191705,8.86,0.6142,1.426,,,,,,,,,0.0027979058315064976,0.06932279909706546,0.066979280261723,0.16094808126410837,0.4307152875175316,,,,,0.01587301587301604,,,0.0019228125011499998,,,,,,,,,,,,,,,,,,,,,,,,,,,,,,,,
191706,9.04,0.625,1.405,,,,,,,,,0.0032037675971740096,0.06913716814159293,0.07054176072234764,0.1554203539823009,0.44483985765124556,,,,,0.015625,,,0.00084274693971,,,,,,,,,,,,,,,,,,,,,,,,,,,,,,,,
191707,8.79,0.6358,1.384,,,,,,,,,0.003329215779289423,0.07233219567690559,0.07033185840707966,0.15745164960182026,0.4593930635838151,,,,,-0.01538461538461533,,,0.0009443729501599999,,,,,,,,,,,,,,,,,,,,,,,,,,,,,,,,
191708,8.53,0.6467,1.363,,,,,,,,,0.0030930780247192336,0.07581477139507621,0.0735722411831627,0.15978898007033998,0.474468085106383,,,,,0.015625,,,0.00136556971137,,,,,,,,,,,,,,,,,,,,,,,,,,,,,,,,
191709,8.12,0.6575,1.343,,,,,,,,,0.0031742503778527365,0.08097290640394089,0.07708089097303635,0.16539408866995076,0.48957557706626953,,,,,0.023076923076923217,,,0.0029344195462700003,,,,,,,,,,,,,,,,,,,,,,,,,,,,,,,,
191710,7.68,0.6683,1.322,,,,,,,,,0.003462043266235154,0.08701822916666667,0.08230295566502464,0.17213541666666668,0.5055219364599092,,,,,0.015037593984962294,,,0.00413106024438,,,,,,,,,,,,,,,,,,,,,,,,,,,,,,,,
191711,7.04,0.6792,1.301,,,,,,,,,0.003609629362841522,0.09647727272727273,0.0884375,0.18480113636363635,0.5220599538816295,,,,,0.0,,,0.0055457055413300005,,,,,,,,,,,,,,,,,,,,,,,,,,,,,,,,
191712,6.8,0.69,1.28,,,,,,,,,0.003653905191823433,0.10147058823529412,0.09801136363636363,0.18823529411764706,0.5390625,,,,,0.014814814814814836,,,0.00887768747601,,,,,,,,,,,,,,,,,,,,,,,,,,,,,,,,
191801,7.21,0.68,1.256,,,,,,,,,0.003698181020805343,0.09431345353675452,0.1,0.17420249653259362,0.5414012738853503,,,,,0.021897810218978186,,,0.00228545254134,,,,,,,,,,,,,,,,,,,,,,,,,,,,,,,,
191802,7.43,0.67,1.232,,,,,,,,,0.0037498361546175717,0.09017496635262451,0.09292649098474341,0.165814266487214,0.5438311688311689,,,,,0.0071428571428571175,,,0.00105697225419,,,,,,,,,,,,,,,,,,,,,,,,,,,,,,,,
191803,7.28,0.66,1.208,,,,,,,,,0.003831008507751074,0.09065934065934066,0.08882907133243607,0.16593406593406593,0.5463576158940397,,,,,-0.007092198581560294,,,0.0013539408360600002,,,,,,,,,,,,,,,,,,,,,,,,,,,,,,,,
191804,7.21,0.65,1.183,,,,,,,,,0.003978594604357442,0.09015256588072122,0.08928571428571429,0.16407766990291264,0.5494505494505495,,,,,0.014285714285714235,,,0.0011309040160100003,,,,,,,,,,,,,,,,,,,,,,,,,,,,,,,,
191805,7.44,0.64,1.159,,,,,,,,,0.004000732518848398,0.08602150537634408,0.08876560332871013,0.1557795698924731,0.5522001725625539,,,,,0.021126760563380254,,,0.0014640576146,,,,,,,,,,,,,,,,,,,,,,,,,,,,,,,,
191806,7.45,0.63,1.135,,,,,,,,,0.003978594604357442,0.08456375838926174,0.0846774193548387,0.1523489932885906,0.5550660792951542,,,,,0.01379310344827589,,,0.0005524910789800002,,,,,,,,,,,,,,,,,,,,,,,,,,,,,,,,
191807,7.51,0.62,1.111,,,,,,,,,0.003978594604357442,0.08255659121171771,0.08322147651006712,0.14793608521970705,0.558055805580558,,,,,0.027210884353741527,,,0.0007401048668100002,,,,,,,,,,,,,,,,,,,,,,,,,,,,,,,,
191808,7.58,0.61,1.087,,,,,,,,,0.003978594604357442,0.08047493403693931,0.08122503328894808,0.1434036939313984,0.5611775528978841,,,,,0.019867549668874274,,,0.00040993225191,,,,,,,,,,,,,,,,,,,,,,,,,,,,,,,,
191809,7.54,0.6,1.063,,,,,,,,,0.0040228704333393536,0.07957559681697612,0.07915567282321899,0.1409814323607427,0.5644402634054563,,,,,0.01948051948051943,,,0.0009023852651000001,,,,,,,,,,,,,,,,,,,,,,,,,,,,,,,,
191810,7.86,0.59,1.038,,,,,,,,,0.0040671462623212635,0.07506361323155215,0.07824933687002653,0.13206106870229006,0.5684007707129094,,,,,0.019108280254777066,,,0.0019907847605399997,,,,,,,,,,,,,,,,,,,,,,,,,,,,,,,,
191811,8.06,0.58,1.014,,,,,,,,,0.0040671462623212635,0.07196029776674936,0.0737913486005089,0.12580645161290321,0.5719921104536488,,,,,0.018750000000000044,,,0.00238493188121,,,,,,,,,,,,,,,,,,,,,,,,,,,,,,,,
191812,7.9,0.57,0.99,,,,,,,,,0.004045008347830308,0.07215189873417721,0.07071960297766748,0.12531645569620253,0.5757575757575757,,,,,0.012269938650306678,,,0.0010893005967099998,,,,,,,,,,,,,,,,,,,,,,,,,,,,,,,,
191901,7.85,0.5667,0.985,,,0.0535,0.0712,0.0463,,,,0.003926939470545214,0.07219108280254777,0.07173417721518986,0.12547770700636943,0.5753299492385787,,,0.0177,,0.0,,,0.00076581854938,,,,,,,,,,,,,,,,,,,,,,,,,,,,,,,,
191902,7.88,0.5633,0.98,,,0.0535,0.07200000000000001,0.047,,,,0.0035136984000473824,0.07148477157360407,0.0717579617834395,0.12436548223350254,0.574795918367347,,,0.01850000000000001,,-0.018181818181818188,,,0.0006462952216999999,,,,,,,,,,,,,,,,,,,,,,,,,,,,,,,,
191903,8.12,0.56,0.975,,,0.053899999999999997,0.07150000000000001,0.0473,,,,0.003462043266235154,0.06896551724137932,0.07106598984771574,0.12007389162561577,0.5743589743589744,,,0.01760000000000001,,0.012345679012345734,,,0.00115899434378,,,,,,,,,,,,,,,,,,,,,,,,,,,,,,,,
191904,8.39,0.5567,0.97,,,0.054400000000000004,0.0723,0.0472,,,,0.003609629362841522,0.06635280095351609,0.06855911330049261,0.11561382598331346,0.5739175257731959,,,0.0179,,0.018292682926829285,,,0.0005361946776099999,,,,,,,,,,,,,,,,,,,,,,,,,,,,,,,,
191905,8.97,0.5533,0.965,,,0.053899999999999997,0.0709,0.0467,,,,0.003609629362841522,0.061683389074693416,0.06594755661501787,0.10758082497212931,0.5733678756476684,,,0.017000000000000008,,0.011976047904191489,,,0.00118942732151,,,,,,,,,,,,,,,,,,,,,,,,,,,,,,,,
191906,9.21,0.55,0.96,,,0.054000000000000006,0.0704,0.046900000000000004,,,,0.003609629362841522,0.05971769815418024,0.06131549609810479,0.10423452768729641,0.5729166666666667,,,0.016399999999999998,,0.0,,,0.00303742671298,,,,,,,,,,,,,,,,,,,,,,,,,,,,,,,,
191907,9.51,0.5467,0.955,,,0.054400000000000004,0.0706,0.0472,,,,0.0037203189352962985,0.05748685594111461,0.05935939196525515,0.10042060988433228,0.5724607329842932,,,0.016199999999999992,,0.029585798816567976,,,0.0014470144219700001,,,,,,,,,,,,,,,,,,,,,,,,,,,,,,,,
191908,8.87,0.5433,0.95,,,0.0556,0.0713,0.0478,,,,0.0036465258869931142,0.061251409244644874,0.05712933753943218,0.10710259301014656,0.5718947368421053,,,0.015700000000000006,,0.017241379310344973,,,0.0060892955767700005,,,,,,,,,,,,,,,,,,,,,,,,,,,,,,,,
191909,9.01,0.54,0.945,,,0.055999999999999994,0.0727,0.0473,,,,0.003609629362841522,0.059933407325194234,0.06087936865839911,0.1048834628190899,0.5714285714285715,,,0.016700000000000007,,0.005649717514124353,,,0.0012335901182100003,,,,,,,,,,,,,,,,,,,,,,,,,,,,,,,,
191910,9.47,0.5367,0.94,,,0.0554,0.07339999999999999,0.0471,,,,0.003609629362841522,0.05667370644139387,0.05956714761376248,0.09926082365364307,0.5709574468085106,,,0.017999999999999995,,0.016853932584269593,,,0.0020168627634799996,,,,,,,,,,,,,,,,,,,,,,,,,,,,,,,,
191911,9.19,0.5333,0.935,,,0.056600000000000004,0.0754,0.0481,,,,0.003609629362841522,0.05803046789989119,0.05631467793030623,0.10174102285092493,0.5703743315508021,,,0.01879999999999999,,0.022099447513812098,,,0.00391999744258,,,,,,,,,,,,,,,,,,,,,,,,,,,,,,,,
191912,8.92,0.53,0.93,,,0.057300000000000004,0.07769999999999999,0.049,,,,0.003698181020805343,0.0594170403587444,0.05767138193688793,0.10426008968609866,0.5698924731182796,,,0.020399999999999988,,0.021621621621621623,,,0.002499875151549999,,,,,,,,,,,,,,,,,,,,,,,,,,,,,,,,
192001,8.83,0.5283,0.9192,,,0.0575,0.07780000000000001,0.0493,,,0.045,0.003978594604357442,0.059830124575311436,0.059226457399103136,0.10409966024915063,0.5747389033942558,,0.004299999999999998,0.020300000000000006,,0.021164021164021385,,,0.0013557095427400004,,,,,,,,,,,,,,,,,,,,,,,,,,,,,,,,
192002,8.1,0.5267,0.9083,,,0.058600000000000006,0.0794,0.050499999999999996,,,0.045,0.00375,0.06502469135802469,0.0596489241223103,0.1121358024691358,0.579874490807002,,0.005499999999999998,0.020799999999999992,,0.010362694300518172,,,0.006117189962949999,,,,,,,,,,,,,,,,,,,,,,,,,,,,,,,,
192003,8.67,0.525,0.8975,,,0.0592,0.0797,0.0509,,,0.0475,0.00375,0.060553633217993084,0.06481481481481483,0.10351787773933102,0.584958217270195,,0.0034000000000000002,0.02049999999999999,,0.01025641025641022,,,0.0031867118786600003,,,,,,,,,,,,,,,,,,,,,,,,,,,,,,,,
192004,8.6,0.5233,0.8867,,,0.0604,0.0817,0.0528,,,0.0525,0.003958333333333334,0.06084883720930233,0.060357554786620526,0.1031046511627907,0.5901657832412315,,0.00030000000000000165,0.021299999999999993,,0.030456852791878264,,,0.00363969268374,,,,,,,,,,,,,,,,,,,,,,,,,,,,,,,,
192005,8.06,0.5217,0.8758,,,0.0625,0.0839,0.0558,,,0.055,0.004375,0.06472704714640198,0.060662790697674426,0.10866004962779156,0.5956839461064171,,0.0008000000000000021,0.021400000000000002,,0.014778325123152802,,,0.0028508208120000002,,,,,,,,,,,,,,,,,,,,,,,,,,,,,,,,
192006,7.92,0.52,0.865,,,0.0638,0.0839,0.0554,,,0.0575,0.004583333333333333,0.06565656565656566,0.06451612903225806,0.10921717171717171,0.6011560693641619,,-0.0021000000000000046,0.020100000000000007,,0.014563106796116276,,,0.0009212744305800002,,,,,,,,,,,,,,,,,,,,,,,,,,,,,,,,
192007,7.91,0.5183,0.8542,,,0.0634,0.0852,0.0557,,,0.0581,0.004791666666666666,0.06552465233881163,0.06544191919191919,0.10798988621997471,0.6067665652072114,,-0.0023999999999999994,0.0218,,-0.004784688995215225,,,0.00141921214957,,,,,,,,,,,,,,,,,,,,,,,,,,,,,,,,
192008,7.6,0.5167,0.8433,,,0.063,0.0839,0.0567,,,0.0583,0.004841666666666666,0.06798684210526316,0.06532237673830595,0.11096052631578948,0.6127119648997984,,-0.0015999999999999973,0.020900000000000002,,-0.024038461538461564,,,0.0015549462706999997,,,,,,,,,,,,,,,,,,,,,,,,,,,,,,,,
192009,7.87,0.515,0.8325,,,0.0622,0.0814,0.054299999999999994,,,0.0581,0.004858333333333333,0.06543837357052097,0.06776315789473684,0.10578144853875476,0.6186186186186187,,-0.0038000000000000048,0.019200000000000002,,-0.014778325123152691,,,0.001305639083,,,,,,,,,,,,,,,,,,,,,,,,,,,,,,,,
192010,7.88,0.5133,0.8217,,,0.0605,0.0799,0.0508,,,0.0575,0.004841666666666666,0.06513959390862945,0.06522236340533671,0.1042766497461929,0.624680540343191,,-0.0067000000000000046,0.0194,,-0.0050000000000001155,,,0.0009409922834000002,,,,,,,,,,,,,,,,,,,,,,,,,,,,,,,,
192011,7.48,0.5117,0.8108,,,0.0608,0.0821,0.0521,,,0.0575,0.004791666666666666,0.0684090909090909,0.06493654822335027,0.10839572192513368,0.6311050814010855,,-0.005400000000000002,0.021300000000000006,,-0.005025125628140614,,,0.0047878720997800005,,,,,,,,,,,,,,,,,,,,,,,,,,,,,,,,
192012,6.81,0.51,0.8,,,0.0626,0.08560000000000001,0.054000000000000006,,,0.0588,0.004791666666666666,0.07488986784140969,0.06818181818181818,0.11747430249632894,0.6375,,-0.004799999999999992,0.023000000000000007,,-0.020202020202020332,,,0.00532773842326,,,,,,,,,,,,,,,,,,,,,,,,,,,,,,,,
192101,7.11,0.5058,0.7575,,,0.061399999999999996,0.085,0.052300000000000006,,,0.0567,0.0049,0.07113924050632911,0.07427312775330397,0.10654008438818564,0.6677227722772278,,-0.004399999999999994,0.02360000000000001,,-0.020618556701030855,,,0.0010438529815199999,,,,,,,,,,,,,,,,,,,,,,,,,,,,,,,,
192102,7.06,0.5017,0.715,,,0.0608,0.0842,0.0528,,,0.053,0.004725,0.07106232294617565,0.07056258790436006,0.10127478753541076,0.7016783216783218,,-0.0001999999999999988,0.023399999999999997,,-0.03157894736842115,,,0.00073093358423,,,,,,,,,,,,,,,,,,,,,,,,,,,,,,,,
192103,6.88,0.4975,0.6725,,,0.0608,0.0855,0.0527,,,0.0538,0.004416666666666667,0.07231104651162791,0.07046742209631729,0.09774709302325581,0.7397769516728625,0.636219640971489,-0.0011000000000000038,0.024700000000000007,,-0.005434782608695565,,,0.0023077059796,,,,,,,,,,,,,,,,,,,,,,,,,,,,,,,,
192104,6.91,0.4933,0.63,,,0.060599999999999994,0.08529999999999999,0.0524,,,0.052000000000000005,0.004483333333333333,0.07138929088277858,0.07170058139534884,0.09117221418234443,0.783015873015873,0.6134656993763524,0.0003999999999999976,0.024699999999999993,,-0.010928961748633892,,,0.00165624455961,,,,,,,,,,,,,,,,,,,,,,,,,,,,,,,,
192105,7.12,0.4892,0.5875,,,0.0611,0.0852,0.0525,,,0.0516,0.004333333333333333,0.06870786516853933,0.0707959479015919,0.08251404494382023,0.8326808510638298,0.6563180827886711,0.000899999999999998,0.024099999999999996,,-0.02209944751381232,,,0.0013194209059699997,,,,,,,,,,,,,,,,,,,,,,,,,,,,,,,,
192106,6.55,0.485,0.545,,,0.061799999999999994,0.08560000000000001,0.0527,,,0.0499,0.0043,0.07404580152671755,0.06811797752808989,0.08320610687022902,0.8899082568807338,0.704163623082542,0.002799999999999997,0.023800000000000016,,-0.005649717514124131,,,0.00386382636864,,,,,,,,,,,,,,,,,,,,,,,,,,,,,,,,
192107,6.53,0.4808,0.5025,,,0.061200000000000004,0.0848,0.0526,,,0.046,0.004158333333333333,0.07362940275650842,0.07340458015267176,0.07695252679938742,0.9568159203980101,0.7049875676466286,0.006600000000000002,0.023599999999999996,,0.005681818181818121,,,0.00176049211162,,,,,,,,,,,,,,,,,,,,,,,,,,,,,,,,
192108,6.45,0.4767,0.46,,,0.0599,0.0851,0.052199999999999996,,,0.0475,0.003833333333333333,0.07390697674418605,0.07300153139356814,0.07131782945736434,1.036304347826087,0.7182238116525108,0.004699999999999996,0.025199999999999993,,0.0,,,0.00203111521613,,,,,,,,,,,,,,,,,,,,,,,,,,,,,,,,
192109,6.61,0.4725,0.4175,,,0.0593,0.0834,0.0512,,,0.0475,0.003958333333333334,0.07148260211800302,0.07325581395348836,0.06316187594553706,1.1317365269461077,0.6781091727630839,0.003700000000000002,0.024100000000000003,,-0.011299435028248594,,,0.00177822036746,,,,,,,,,,,,,,,,,,,,,,,,,,,,,,,,
192110,6.7,0.4683,0.375,,,0.0584,0.0834,0.0483,,,0.0421,0.003958333333333334,0.0698955223880597,0.07084720121028744,0.055970149253731345,1.2488,0.6583800027318674,0.006200000000000004,0.025,,0.0,,,0.0010289690774,,,,,,,,,,,,,,,,,,,,,,,,,,,,,,,,
192111,7.06,0.4642,0.3325,,,0.055999999999999994,0.0788,0.0464,,,0.0403,0.0035083333333333334,0.06575070821529745,0.06928358208955224,0.04709631728045326,1.3960902255639096,0.6235446313065978,0.006099999999999994,0.0228,,-0.005714285714285783,,,0.0009877030428300001,,,,,,,,,,,,,,,,,,,,,,,,,,,,,,,,
192112,7.31,0.46,0.29,,,0.055,0.0761,0.0447,,,0.039,0.0033583333333333334,0.06292749658002737,0.0651558073654391,0.03967168262653899,1.5862068965517244,0.5965346534653466,0.005699999999999997,0.0211,,-0.005747126436781436,,,0.00051063616037,,,,,,,,,,,,,,,,,,,,,,,,,,,,,,,,
192201,7.3,0.4642,0.3233,,,0.053399999999999996,0.077,0.044500000000000005,,,0.039,0.00325,0.06358904109589042,0.06350205198358413,0.04428767123287671,1.435818125579957,0.5928659286592867,0.005500000000000005,0.023600000000000003,,-0.023121387283237094,,,0.00105651813604,,,,,,,,,,,,,,,,,,,,,,,,,,,,,,,,
192202,7.46,0.4683,0.3567,,,0.0529,0.0755,0.045,,,0.0381,0.00325,0.06277479892761394,0.06415068493150684,0.04781501340482574,1.3128679562657695,0.5640065527732273,0.006899999999999996,0.022599999999999995,,0.0,,,0.0006195671504300001,,,,,,,,,,,,,,,,,,,,,,,,,,,,,,,,
192203,7.74,0.4725,0.39,,,0.052300000000000006,0.0745,0.0441,,,0.0355,0.003175,0.061046511627906974,0.06333780160857909,0.050387596899224806,1.2115384615384615,0.5210555867490174,0.008600000000000003,0.02219999999999999,,-0.011834319526627168,,,0.0006925002204399998,,,,,,,,,,,,,,,,,,,,,,,,,,,,,,,,
192204,8.21,0.4767,0.4233,,,0.051500000000000004,0.07139999999999999,0.042800000000000005,,,0.0321,0.002958333333333333,0.05806333739342265,0.0615891472868217,0.051559074299634584,1.1261516654854713,0.5047318611987381,0.010700000000000008,0.019899999999999987,,0.0,,,0.0010940970262200002,,,,,,,,,,,,,,,,,,,,,,,,,,,,,,,,
192205,8.53,0.4808,0.4567,,,0.0513,0.0689,0.0426,,,0.0325,0.002675,0.05636576787807738,0.058562728380024354,0.05354044548651817,1.0527698708123494,0.4852033880581408,0.010099999999999998,0.017600000000000005,,0.0,,,0.0008032827832799999,,,,,,,,,,,,,,,,,,,,,,,,,,,,,,,,
192206,8.45,0.485,0.49,,,0.0508,0.0697,0.0424,,,0.0325,0.0027083333333333334,0.05739644970414202,0.056858147713950764,0.05798816568047337,0.9897959183673469,0.4993005488001721,0.009899999999999999,0.0189,,0.0,,,0.0017435654377699998,,,,,,,,,,,,,,,,,,,,,,,,,,,,,,,,
192207,8.51,0.4892,0.5233,,,0.05,0.0689,0.0414,,,0.032,0.0027083333333333334,0.05748531139835488,0.057893491124260364,0.06149236192714454,0.9348366137970572,0.4781040700669758,0.009399999999999999,0.0189,,0.005988023952095967,,,0.00147608085155,,,,,,,,,,,,,,,,,,,,,,,,,,,,,,,,
192208,8.83,0.4933,0.5567,,,0.0496,0.06849999999999999,0.0412,,,0.0313,0.002666666666666667,0.05586636466591167,0.05796709753231493,0.06304643261608153,0.8861146039159332,0.4604088112720778,0.009899999999999999,0.018899999999999993,,-0.011904761904761862,,,0.0009882855864100002,,,,,,,,,,,,,,,,,,,,,,,,,,,,,,,,
192209,9.06,0.4975,0.59,,,0.0493,0.0675,0.04190000000000001,,,0.0334,0.002608333333333333,0.054911699779249444,0.05634201585503964,0.06512141280353201,0.8432203389830509,0.4777594728171334,0.008500000000000008,0.018200000000000008,,0.0,,,0.0013522608735899997,,,,,,,,,,,,,,,,,,,,,,,,,,,,,,,,
192210,9.26,0.5017,0.6233,,,0.049699999999999994,0.0678,0.043,,,0.0371,0.0027833333333333334,0.054179265658747304,0.05537527593818985,0.0673110151187905,0.8049093534413606,0.48278014774737277,0.0058999999999999955,0.018100000000000005,,0.0060240963855420215,,,0.00169636318121,,,,,,,,,,,,,,,,,,,,,,,,,,,,,,,,
192211,8.8,0.5058,0.6567,,,0.0509,0.0698,0.0433,,,0.0366,0.0030916666666666666,0.057477272727272724,0.054622030237581,0.07462499999999998,0.7702147099132025,0.49022715266772315,0.006699999999999998,0.0189,,0.005988023952095967,,,0.00243521122432,,,,,,,,,,,,,,,,,,,,,,,,,,,,,,,,
192212,8.78,0.51,0.69,,,0.0508,0.0702,0.0432,,,0.0365,0.00305,0.0580865603644647,0.05795454545454545,0.0785876993166287,0.7391304347826088,0.47264948558622794,0.0067000000000000046,0.0194,,0.005952380952380931,,,0.0007553687186900001,,,,,,,,,,,,,,,,,,,,,,,,,,,,,,,,
192301,8.9,0.5117,0.7142,,,0.0504,0.0698,0.0432,,,0.0366,0.0030416666666666665,0.05749438202247191,0.05828018223234625,0.08024719101123595,0.7164659759171101,0.47623935132915934,0.006600000000000002,0.0194,,-0.005917159763313529,,,0.00058040563496,,,,,,,,,,,,,,,,,,,,,,,,,,,,,,,,
192302,9.28,0.5133,0.7383,,,0.0507,0.0697,0.0433,,,0.0365,0.00305,0.0553125,0.057674157303370784,0.07955818965517242,0.695245835026412,0.4465832531280077,0.0068000000000000005,0.018999999999999996,,0.0,,,0.00047552358667000006,,,,,,,,,,,,,,,,,,,,,,,,,,,,,,,,
192303,9.43,0.515,0.7625,,,0.0513,0.0709,0.0438,,,0.0412,0.0030416666666666665,0.05461293743372217,0.05549568965517242,0.08085896076352067,0.6754098360655738,0.5020920502092051,0.002599999999999998,0.019600000000000006,,0.0,,,0.00056100018298,,,,,,,,,,,,,,,,,,,,,,,,,,,,,,,,
192304,9.1,0.5167,0.7867,,,0.052199999999999996,0.0717,0.043899999999999995,,,0.041299999999999996,0.0034333333333333334,0.056780219780219784,0.054793213149522804,0.08645054945054945,0.6567942036354393,0.5244968489530393,0.002599999999999998,0.019500000000000003,,0.005952380952380931,,,0.00097780511854,,,,,,,,,,,,,,,,,,,,,,,,,,,,,,,,
192305,8.67,0.5183,0.8108,,,0.0516,0.0717,0.0437,,,0.0395,0.0034416666666666667,0.059780853517877736,0.05695604395604396,0.09351787773933103,0.6392451899358658,0.529067979083359,0.004200000000000002,0.0201,,0.0,,,0.00275679605424,,,,,,,,,,,,,,,,,,,,,,,,,,,,,,,,
192306,8.34,0.52,0.835,,,0.051500000000000004,0.0721,0.0434,,,0.0384,0.0032916666666666667,0.06235011990407674,0.059976931949250294,0.10011990407673861,0.6227544910179641,0.5837104072398189,0.0050000000000000044,0.020599999999999993,,0.00591715976331364,,,0.0029689465217400002,,,,,,,,,,,,,,,,,,,,,,,,,,,,,,,,
192307,8.06,0.5217,0.8592,,,0.051399999999999994,0.07339999999999999,0.0434,,,0.0391,0.0031999999999999997,0.06472704714640198,0.06255395683453238,0.10660049627791562,0.6071927374301677,0.5937176389368313,0.004299999999999998,0.022,,0.0117647058823529,,,0.00237237361956,,,,,,,,,,,,,,,,,,,,,,,,,,,,,,,,
192308,8.1,0.5233,0.8833,,,0.0508,0.0738,0.0435,,,0.038599999999999995,0.0032583333333333336,0.06460493827160493,0.06492555831265508,0.10904938271604939,0.5924374504698291,0.5521078536272203,0.004900000000000002,0.023000000000000007,,-0.005813953488371992,,,0.00097088194389,,,,,,,,,,,,,,,,,,,,,,,,,,,,,,,,
192309,8.15,0.525,0.9075,,,0.0512,0.0738,0.0436,,,0.0401,0.0032166666666666667,0.06441717791411043,0.06481481481481483,0.11134969325153374,0.578512396694215,0.5865636012276912,0.003500000000000003,0.022600000000000002,,0.005847953216374213,,,0.0012206400717099998,,,,,,,,,,,,,,,,,,,,,,,,,,,,,,,,
192310,8.03,0.5267,0.9317,,,0.051100000000000007,0.0746,0.044000000000000004,,,0.042199999999999994,0.0033416666666666664,0.06559153175591531,0.06462576687116564,0.11602739726027397,0.5653107223355157,0.5828532700779397,0.00180000000000001,0.023499999999999993,,0.005813953488372103,,,0.0016334344666799998,,,,,,,,,,,,,,,,,,,,,,,,,,,,,,,,
192311,8.27,0.5283,0.9558,,,0.0509,0.07400000000000001,0.0437,,,0.0394,0.0035166666666666666,0.06388149939540508,0.06579078455790785,0.11557436517533252,0.5527306967984934,0.5588044184535412,0.004300000000000005,0.02310000000000001,,0.0,,,0.00059843407457,,,,,,,,,,,,,,,,,,,,,,,,,,,,,,,,
192312,8.55,0.53,0.98,,,0.0509,0.0738,0.0435,,,0.0388,0.0032833333333333334,0.06198830409356725,0.06408706166868199,0.11461988304093566,0.5408163265306123,0.5402010050251257,0.004699999999999996,0.022900000000000004,,0.0,,,0.00058066523716,,,,,,,,,,,,,,,,,,,,,,,,,,,,,,,,
192401,8.83,0.5317,0.9758,,,0.0509,0.0724,0.043,,,0.037599999999999995,0.0032333333333333333,0.06021517553793884,0.062187134502923964,0.11050962627406569,0.5448862471817995,0.5126167295847407,0.005400000000000002,0.021500000000000005,,0.0,,,0.0007475123728499997,,,,,,,,,,,,,,,,,,,,,,,,,,,,,,,,
192402,8.87,0.5333,0.9717,,,0.0509,0.07139999999999999,0.042800000000000005,,,0.0354,0.003133333333333333,0.0601240135287486,0.06039637599093998,0.10954904171364149,0.5488319440156427,0.5307549886854557,0.007400000000000004,0.02049999999999999,,-0.005780346820809301,,,0.0015194860133600004,,,,,,,,,,,,,,,,,,,,,,,,,,,,,,,,
192403,8.7,0.535,0.9675,,,0.051,0.0708,0.042800000000000005,,,0.035699999999999996,0.00295,0.06149425287356323,0.060315670800450964,0.11120689655172415,0.5529715762273902,0.5945597247607783,0.007100000000000009,0.019800000000000005,,-0.005813953488371992,,,0.00077592935423,,,,,,,,,,,,,,,,,,,,,,,,,,,,,,,,
192404,8.5,0.5367,0.9633,,,0.0508,0.0703,0.042300000000000004,,,0.0338,0.0029749999999999998,0.06314117647058823,0.061689655172413795,0.11332941176470589,0.5571473061351603,0.6101732318216926,0.008500000000000008,0.019500000000000003,,-0.005847953216374324,,,0.00109477448396,,,,,,,,,,,,,,,,,,,,,,,,,,,,,,,,
192405,8.47,0.5383,0.9592,,,0.0504,0.0697,0.0415,,,0.0229,0.0028166666666666665,0.06355371900826445,0.06332941176470588,0.11324675324675325,0.5611968306922435,0.6151279199110121,0.018600000000000002,0.019299999999999998,,0.0,,,0.0007352695729300001,,,,,,,,,,,,,,,,,,,,,,,,,,,,,,,,
192406,8.63,0.54,0.955,,,0.0499,0.0682,0.0398,,,0.024399999999999998,0.0019083333333333333,0.06257242178447277,0.06375442739079103,0.11066048667439164,0.5654450261780105,0.5738300300923523,0.015400000000000004,0.018299999999999997,,0.0,,,0.0007646755860599998,,,,,,,,,,,,,,,,,,,,,,,,,,,,,,,,
192407,9.03,0.5417,0.9508,,,0.0495,0.0667,0.0394,,,0.0192,0.002033333333333333,0.05998892580287929,0.06276940903823869,0.10529346622369878,0.569730753050063,0.5414137458390444,0.0202,0.017199999999999993,,0.00588235294117645,,,0.00037728219667000005,,,,,,,,,,,,,,,,,,,,,,,,,,,,,,,,
192408,9.34,0.5433,0.9467,,,0.0495,0.0669,0.0391,,,0.019,0.0015999999999999999,0.05816916488222698,0.06016611295681064,0.10135974304068522,0.5738882433717123,0.5310159400806607,0.020100000000000003,0.0174,,-0.005847953216374324,,,0.0006937237672699997,,,,,,,,,,,,,,,,,,,,,,,,,,,,,,,,
192409,9.25,0.545,0.9425,,,0.0495,0.0673,0.0392,,,0.021400000000000002,0.0015833333333333333,0.05891891891891892,0.05835117773019272,0.10189189189189189,0.5782493368700266,0.5360604885614579,0.017799999999999996,0.017799999999999996,,0.00588235294117645,,,0.00086997191964,,,,,,,,,,,,,,,,,,,,,,,,,,,,,,,,
192410,9.13,0.5467,0.9383,,,0.0492,0.0662,0.0387,,,0.0241,0.0017833333333333334,0.059879518072289147,0.0591027027027027,0.1027710843373494,0.5826494724501758,0.5314241783586392,0.014599999999999998,0.016999999999999994,,0.005847953216374213,,,0.0011261583661200004,,,,,,,,,,,,,,,,,,,,,,,,,,,,,,,,
192411,9.64,0.5483,0.9342,,,0.049400000000000006,0.0654,0.039,,,0.0258,0.0020083333333333333,0.05687759336099585,0.06005476451259583,0.09690871369294606,0.586919289231428,0.4977497749774977,0.0132,0.015999999999999993,,0.0,,,0.0009510545526399998,,,,,,,,,,,,,,,,,,,,,,,,,,,,,,,,
192412,10.16,0.55,0.93,,,0.0495,0.0646,0.039599999999999996,,,0.025699999999999997,0.00215,0.054133858267716536,0.05705394190871369,0.09153543307086615,0.5913978494623656,0.4588830802423035,0.0139,0.015100000000000002,,0.005813953488372103,,,0.0010657234655300002,,,,,,,,,,,,,,,,,,,,,,,,,,,,,,,,
192501,10.58,0.5542,0.9567,,,0.0495,0.0644,0.039599999999999996,,,0.026099999999999998,0.0021416666666666667,0.05238185255198488,0.05454724409448819,0.09042533081285443,0.5792829518135257,0.44780953923394606,0.013499999999999998,0.014899999999999997,,0.0,,,0.00105416168761,,,,,,,,,,,,,,,,,,,,,,,,,,,,,,,,
192502,10.67,0.5583,0.9833,,,0.0495,0.0636,0.0395,,,0.0262,0.002175,0.05232427366447985,0.05276937618147448,0.0921555763823805,0.5677819587104648,0.4523887434554974,0.0133,0.014100000000000001,,-0.005780346820809301,,,0.0010555413168,,,,,,,,,,,,,,,,,,,,,,,,,,,,,,,,
192503,10.39,0.5625,1.01,,,0.049100000000000005,0.0636,0.039599999999999996,,,0.0278,0.0021833333333333336,0.054138594802694895,0.05271790065604499,0.09720885466794994,0.556930693069307,0.5224839400428265,0.011799999999999998,0.014499999999999999,,0.005813953488372103,,,0.0029532946682600003,,,,,,,,,,,,,,,,,,,,,,,,,,,,,,,,
192504,10.28,0.5667,1.037,,,0.0487,0.0641,0.0393,,,0.0278,0.0023166666666666665,0.055126459143968874,0.054542829643888346,0.10087548638132296,0.5464802314368371,0.5082909757520206,0.011500000000000003,0.015400000000000004,,-0.005780346820809301,,,0.0007462061027499999,,,,,,,,,,,,,,,,,,,,,,,,,,,,,,,,
192505,10.61,0.5708,1.063,,,0.0483,0.063,0.0387,,,0.0273,0.0023166666666666665,0.053798303487276156,0.055525291828793774,0.10018850141376061,0.5369708372530574,0.46941131204309355,0.011399999999999997,0.014699999999999998,,0.005813953488372103,,,0.0005203227165,,,,,,,,,,,,,,,,,,,,,,,,,,,,,,,,
192506,10.8,0.575,1.09,,,0.0483,0.061799999999999994,0.0379,,,0.0286,0.002275,0.053240740740740734,0.05419415645617342,0.10092592592592593,0.5275229357798165,0.46561331196091904,0.009300000000000003,0.013499999999999991,,0.01156069364161838,,,0.0008416070567999999,,,,,,,,,,,,,,,,,,,,,,,,,,,,,,,,
192507,11.1,0.5792,1.117,,,0.0487,0.062,0.0379,,,0.030600000000000002,0.0023833333333333332,0.05218018018018018,0.05362962962962963,0.10063063063063063,0.518531781557744,0.4558702638068904,0.007300000000000001,0.0133,,0.011428571428571344,,,0.00037748983606999997,,,,,,,,,,,,,,,,,,,,,,,,,,,,,,,,
192508,11.25,0.5833,1.143,,,0.049,0.062400000000000004,0.0385,,,0.0301,0.00255,0.051848888888888896,0.05254954954954955,0.1016,0.510323709536308,0.4320725315200453,0.008400000000000001,0.013400000000000002,,0.0,,,0.0005439025281699999,,,,,,,,,,,,,,,,,,,,,,,,,,,,,,,,
192509,11.51,0.5875,1.17,,,0.0487,0.062,0.0385,,,0.0317,0.0025083333333333333,0.05104257167680278,0.052222222222222225,0.10165073848827107,0.5021367521367522,0.425205632231981,0.0068000000000000005,0.0133,,0.0,,,0.0014562890103700001,,,,,,,,,,,,,,,,,,,,,,,,,,,,,,,,
192510,11.89,0.5917,1.197,,,0.048499999999999995,0.0617,0.0382,,,0.0353,0.0026416666666666667,0.04976450798990748,0.05140747176368375,0.10067283431455004,0.4943191311612364,0.39190491487311274,0.0029,0.013200000000000003,,0.0,,,0.0007475307337500003,,,,,,,,,,,,,,,,,,,,,,,,,,,,,,,,
192511,12.26,0.5958,1.223,,,0.0484,0.0617,0.0379,,,0.0365,0.0029416666666666666,0.048597063621533446,0.050109335576114376,0.09975530179445352,0.4871627146361406,0.4037595975642044,0.0014000000000000054,0.0133,,0.016949152542372836,,,0.0027194779908399996,,,,,,,,,,,,,,,,,,,,,,,,,,,,,,,,
192512,12.46,0.6,1.25,,,0.048499999999999995,0.061500000000000006,0.038,,,0.0351,0.0030416666666666665,0.04815409309791332,0.04893964110929853,0.10032102728731941,0.48,0.38937827141580494,0.0029,0.013000000000000012,,-0.005555555555555647,,,0.0005126819052400001,,,,,,,,,,,,,,,,,,,,,,,,,,,,,,,,
192601,12.74,0.6075,1.249,-0.001783,-0.00398,0.0482,0.060899999999999996,0.0374,0.0138,0.0072,0.0349,0.0029249999999999996,0.04768445839874411,0.04875601926163724,0.09803767660910519,0.48638911128903123,0.3876707975850016,0.0025000000000000022,0.012699999999999996,-0.0066,0.0,,,0.0008574282949999998,,,,,,,,,-1.7133772248333068,,,0.3859917817554084,0.028169014084507005,,,,,,,,0.987201204592509,0.987201204592509,,,,,,,,,,
192602,12.18,0.615,1.248,-0.033296,-0.037876,0.04769999999999999,0.0602,0.0372,0.0063,0.0045,0.0318,0.0029083333333333335,0.050492610837438424,0.048273155416012556,0.10246305418719212,0.4927884615384615,0.39436255495215927,0.005399999999999995,0.012500000000000004,-0.0018000000000000004,0.0,,,0.0010985957190000003,,,,,,,,,-1.6579499225524643,,,0.3809804087203843,0.0,,,,,,,,0.9529911896987247,0.9529911896987247,,,,,,,,,,
192603,11.46,0.6225,1.248,-0.057708,-0.062007,0.0479,0.0605,0.0371,0.0041,0.0084,0.031400000000000004,0.00265,0.05431937172774869,0.05110837438423646,0.10890052356020942,0.498798076923077,0.4940908443685035,0.005699999999999997,0.0126,0.004299999999999999,-0.005586592178770777,,,0.0060155996070000006,,,,,,,,,-1.7934924054762027,,,0.3884497518652268,0.0,,,,,,,,0.865381060932783,0.865381060932783,,,,,,,,0.3879714012145996,,
192604,11.72,0.63,1.247,0.038522,0.034856,0.047400000000000005,0.059800000000000006,0.0368,0.0076,0.0097,0.0308,0.002616666666666667,0.05375426621160409,0.05497382198952879,0.10639931740614335,0.5052125100240576,0.48291698559599194,0.005999999999999998,0.012400000000000001,0.0021000000000000003,0.00561797752808979,,,0.0014659152269999999,,,,,,,,,-1.6036828936280663,,,0.3834461976941468,0.0,,,,,,,,0.8854044729221859,0.8854044729221859,,,,,,,,0.4044863283634186,,
192605,11.81,0.6375,1.246,0.013623,0.00907,0.0471,0.058600000000000006,0.0369,0.0014,0.0044,0.0317,0.0025666666666666667,0.053979678238780686,0.05439419795221842,0.10550381033022861,0.511637239165329,0.48385972251272397,0.005200000000000003,0.011500000000000003,0.003,-0.005586592178770777,,,0.0006903571499999996,,,,,,,,,-1.4142419211910167,,,0.37014084456904395,0.0,,,,,,,,0.8836793789661759,0.8836793789661759,,,,,,,,0.40698936581611633,,
192606,12.32,0.645,1.245,0.056427,0.050196,0.0472,0.057999999999999996,0.0368,0.0038,0.0004,0.029300000000000003,0.0026416666666666667,0.052353896103896104,0.054614733276883994,0.10105519480519481,0.5180722891566265,0.45347621536853117,0.007499999999999996,0.010799999999999997,-0.0034,-0.005617977528090012,,,0.000601689191,,,,,,,,,-1.4927420062287662,,,0.37757030371463296,0.0,,,,,,,0.6786324060963467,0.9428870679563797,0.9428870679563797,,,,,,,,0.22858881950378418,,
192607,12.88,0.6525,1.244,0.040403,0.038168,0.0471,0.0579,0.037,0.0004,0.0057,0.0311,0.0022,0.05065993788819875,0.052962662337662336,0.09658385093167701,0.5245176848874598,0.43326257959795234,0.005899999999999999,0.010799999999999997,0.0053,-0.011299435028248594,,,0.000642888415,,,,,,,,,-1.4178630345597345,,,0.3766810633385953,-0.05123287671232868,,,,,0.07859202474355698,0.5428749322891235,0.6724398024756646,0.9868769638346374,0.9868769638346374,,,,,,,,0.17319510877132416,,
192608,13.1,0.66,1.243,0.029822,0.025747,0.0472,0.0581,0.0373,0.0,0.0044,0.0327,0.0025,0.05038167938931298,0.05124223602484472,0.09488549618320612,0.5309734513274336,0.42705064303735163,0.0046,0.0109,0.0044,-0.005714285714285783,,,0.0012086279980000002,,,,,,,,,-1.4747877505243057,,,0.3839159078631964,-0.018192318798729512,,,,,0.10746971517801285,0.5423181056976318,0.6607222672052855,0.9781509570241965,0.9781509570241965,,,,,,,,0.15133479237556458,,
192609,13.4,0.6675,1.242,0.01342,0.009122,0.0472,0.0579,0.0372,0.0038,0.0057,0.0342,0.0023,0.04981343283582089,0.05095419847328244,0.0926865671641791,0.53743961352657,0.4387129401352804,0.0029999999999999957,0.010700000000000001,0.0019000000000000002,0.005747126436781658,,,0.0007407693660000001,,,,,,,,,-1.522764030471875,,,0.39499500583404656,0.0,,,,,0.08194443583488464,0.5613532066345215,0.7183342850163328,0.9521487901769593,0.9521487901769593,,0.051206897156473356,,,,,,0.1682574450969696,,
192610,12.98,0.675,1.242,-0.030172,-0.032434,0.0471,0.0581,0.0367,0.0102,0.0097,0.0358,0.0032,0.052003081664098616,0.05037313432835821,0.09568567026194144,0.5434782608695653,0.4603343061820112,0.000900000000000005,0.010999999999999996,-0.0005000000000000004,0.005714285714285783,,,0.0021611478579999996,,,,,,,,,-1.554912544555171,,,0.39001490825479856,0.0,,,,,0.05208686366677284,0.5342283844947815,0.7495616277903975,0.9074274708077525,0.9074274708077525,,0.052964750591794396,,,,,,0.2366643100976944,,
192611,13.27,0.6825,1.241,0.026937,0.019367,0.046799999999999994,0.057699999999999994,0.0358,0.016,0.0057,0.0335,0.0031,0.05143180105501131,0.05258089368258859,0.09351921627731727,0.5499597099113618,0.44330884701373363,0.0022999999999999965,0.0109,-0.0103,0.005681818181818121,,,0.000538588539,,,,,,,,,-1.518427426931259,,,0.3810507823947771,-0.02941176470588236,,,,,0.07338114827871323,0.5640235543251038,0.8028372585392574,0.9422775972071749,0.9422775972071749,,0.05751479371487294,,,,,,0.2365887463092804,,
192612,13.49,0.69,1.24,0.026047,0.020321,0.046799999999999994,0.056799999999999996,0.0354,0.0078,0.0056,0.030699999999999998,0.0028000000000000004,0.05114899925871015,0.05199698568198945,0.09191994069681245,0.5564516129032258,0.44147582697201027,0.004700000000000003,0.010000000000000002,-0.0021999999999999997,0.0,,0.050876177698947166,0.000464617809,,,,,,,,,-1.5530711576341998,,,0.37207459862150216,-0.045454545454545414,,,,,0.09630579501390457,0.563033938407898,0.758673388813155,0.9461899602744673,0.9461899602744673,,0.054913436678366664,,,,,,0.22888895869255066,,
192701,13.21,0.6967,1.229,-0.00291,-0.005579,0.0466,0.056100000000000004,0.0351,0.0075,0.0056,0.0323,0.0025,0.05274034822104466,0.05164566345441067,0.09303557910673732,0.5668836452400325,0.4437056454190909,0.002799999999999997,0.009500000000000001,-0.0018999999999999998,-0.011299435028248594,,0.05082378129604601,0.00046989469600000004,,,,,,,,,-1.478978717629641,,,0.36307125412599084,0.039682539682539764,,,,,0.09269177913665771,0.5768846273422241,0.7318496191341282,0.9414349343926809,0.9414349343926809,,0.05431345409255817,,,,,,0.14221011102199554,,
192702,13.84,0.7033,1.218,0.045522,0.040566,0.0467,0.0559,0.0347,0.0088,0.0069,0.0329,0.0026,0.05081647398843931,0.05323996971990916,0.08800578034682081,0.5774220032840723,0.4285008644109657,0.001800000000000003,0.0092,-0.0019000000000000006,-0.005714285714285783,,0.051667636578292014,0.00028733434600000006,,,,,,,,,-1.5082744805646824,,,0.3661456745447802,0.03816793893129766,,,,,0.19908024370670319,0.5611720085144043,0.7433800954950474,0.9748404959672566,0.9748404959672566,,0.0510776603525763,,,,,,0.1221855953335762,,
192703,13.93,0.71,1.208,0.007324,0.00261,0.0462,0.0554,0.0331,0.0253,0.0083,0.032,0.003,0.05096913137114142,0.051300578034682076,0.08671931083991385,0.5877483443708609,0.46976511744127936,0.0010999999999999968,0.0092,-0.017,-0.005747126436781436,,0.04635658543167003,0.0009241927529999997,,,,,,,,,-1.5670966320765514,,,0.37311621969037545,-0.0676470588235294,,,,,0.06636212021112442,0.515952467918396,0.6960993433138252,0.9635247381726256,0.9635247381726256,,0.06349527407154495,,,,,,0.1602126806974411,,
192704,14.17,0.7167,1.197,0.013021,0.010907,0.0458,0.0548,0.0333,-0.0005,0.0055,0.0339,0.0025,0.05057868736767819,0.051450107681263464,0.0844742413549753,0.5987468671679198,0.456754130223518,-0.0005999999999999964,0.009000000000000001,0.006,0.0,,0.05051400869554792,0.0006025885709999999,,,,,,,,,-1.5521913492209796,,,0.3441533158686503,-0.045741324921135695,,,,,0.052251365035772324,0.5078243613243103,0.7214922494193203,0.9837476099426384,0.9837476099426384,,0.0619012140345716,,,,,,0.16117139160633087,,
192705,14.91,0.7233,1.186,0.062353,0.057096,0.045700000000000005,0.055,0.0327,0.0109,-0.0011,0.0333,0.003,0.04851106639839035,0.051044460127028936,0.07954393024815559,0.6098650927487353,0.43478260869565216,-0.0006000000000000033,0.009299999999999996,-0.012,0.005780346820809079,,0.05527538415570903,0.00039173375600000014,,,,,,,,,-1.5750667632776414,,,0.34727184652456033,-0.04132231404958675,,,,,0.12610933184623718,0.5000740885734558,0.7249948659445249,1.0,1.0,,0.07037898833154098,,,,,,0.16908840835094452,,
192706,14.77,0.73,1.175,-0.02037,-0.025705,0.0458,0.0555,0.0334,-0.0069,0.0043,0.030699999999999998,0.0026,0.04942450914014895,0.04896042924211938,0.07955314827352743,0.6212765957446809,0.4523852493533057,0.002700000000000001,0.0097,0.0112,0.011494252873563315,,0.05882312375747715,0.0008245769509999999,,,,,,,,,-1.582230277991739,,,0.33828804918890887,0.0,,,,,0.02661651186645031,0.5038020610809326,0.7048294124813292,0.9610892691951896,0.9610892691951896,,0.06606515532603727,,,,,,0.1776978075504303,,
192707,15.73,0.7367,1.164,0.08445,0.081687,0.046,0.0555,0.0333,0.005,0.0003,0.0296,0.003,0.0468340750158932,0.04987813134732566,0.07399872854418309,0.6329037800687286,0.4145534729878721,0.003700000000000002,0.009500000000000001,-0.0047,-0.017045454545454586,,0.059753463919337634,0.00042577976300000003,,,,,,,,,-1.5683715260422744,,,0.32116991156780594,0.0,,,,,0.15365847945213318,0.5455520153045654,0.6472629431680421,1.0,1.0,,0.07301724365122236,,,,,,0.15212012827396393,,
192708,16.43,0.7433,1.153,0.033321,0.028625,0.045599999999999995,0.0548,0.0329,0.0076,0.0083,0.027000000000000003,0.0028000000000000004,0.045240413877054166,0.047253655435473614,0.07017650639074863,0.6446660884648742,0.3962274092417936,0.0058999999999999955,0.009200000000000007,0.0007000000000000001,-0.005780346820809301,,0.0545252600168348,0.0012764138519999997,,,,,,,,,-1.566708104099365,,,0.3162289083082772,-0.08620689655172409,,,,,0.028166022151708603,0.48367515206336975,0.7293652458073892,0.9955935582017521,0.9955935582017521,,0.06664210102502888,,,,,,0.21359609067440033,,
192709,17.14,0.75,1.143,0.053016,0.049095,0.0454,0.0542,0.033,0.0018,0.0149,0.0268,0.0021,0.043757292882147025,0.04564820450395618,0.06668611435239206,0.6561679790026247,0.3805860620476745,0.006200000000000001,0.008799999999999995,0.0131,0.005813953488372103,,0.09461591575608616,0.001123349479,,,,,,,,,-1.6137457619118198,,,0.29483198403453703,0.0,,,,,0.11745689809322357,0.5288191437721252,0.6633785240910561,0.9930642810473941,0.9930642810473941,,0.06683232393264184,,,,,,0.19337250292301178,,
192710,16.23,0.7567,1.132,-0.046804,-0.048959,0.0451,0.0538,0.0325,0.0099,0.0055,0.0308,0.0025,0.04662353666050524,0.04414819136522754,0.06974738139248304,0.6684628975265019,0.4138006933362681,0.0017000000000000001,0.0087,-0.004400000000000001,0.005780346820809079,,0.0943696980379572,0.001559337454,,,,,,,,,-1.6219513639516416,,,0.26893948236965914,0.0,,,,,0.07041522115468979,0.5266197323799133,0.6773487151344663,0.9096506156772449,0.9096506156772449,,0.060182489952893645,,,,,,0.2594301104545593,,
192711,17.33,0.7633,1.121,0.070546,0.06427,0.0449,0.0535,0.032,0.0097,0.0068,0.0304,0.0021,0.04404500865551068,0.047030191004313,0.06468551644547028,0.6809099018733273,0.37939559053529087,0.0016000000000000007,0.008599999999999997,-0.0029000000000000007,-0.005747126436781436,,0.08226988719172637,0.000929659138,,,,,,,,,-1.6281998849124695,,,0.2640102074060464,0.0,,,,,0.10090402513742447,0.4735414981842041,0.85896111991363,0.9921413554910402,0.9921413554910402,,0.08527157826517787,,,,,,0.23400913178920746,,
192712,17.66,0.77,1.11,0.019295,0.014403,0.0446,0.053200000000000004,0.0316,0.0072,0.0068,0.0317,0.0022,0.04360135900339751,0.04443162146566648,0.06285390713476784,0.6936936936936936,0.37468858993522675,-9.999999999999593e-05,0.008600000000000003,-0.0004000000000000002,0.0,,0.07647070759457693,0.0006042040580000001,,,,,,,,,-1.68906843060883,,,0.2633088622245099,0.04716981132075482,,,,,0.10132497549057007,0.47562554478645325,0.780131249449339,0.9988553227492161,0.9988553227492161,,0.08358113838532395,,,,,,0.2179962545633316,,
192801,17.57,0.7767,1.133,-0.007182,-0.0092,0.0446,0.0535,0.0321,-0.0036,0.0027,0.0331,0.0025,0.04420603301081388,0.043980747451868626,0.06448491747296528,0.6855251544571932,0.37866962082682915,-0.0010000000000000009,0.008899999999999998,0.0063,0.0,,0.06260105025865935,0.0008605259200000002,,,,,,,,,-1.7200957100319059,,,0.2792746388869911,0.009009009009008917,,,,,0.03373955935239792,0.5102022290229797,0.8036423915765087,0.976592082616179,0.976592082616179,,0.08798731658979107,,,,,,0.1918409764766693,,
192802,17.26,0.7833,1.155,-0.012549,-0.016679,0.0446,0.0533,0.0318,0.0061,0.0068,0.0333,0.0033,0.04538238702201622,0.04458167330677291,0.06691772885283893,0.6781818181818181,0.3860765992401684,-0.0015000000000000013,0.0087,0.0006999999999999992,-0.011560693641618491,,0.055172236052130105,0.000691123931,,,,,,,,,-1.6620010331276176,,,0.2825791637851507,0.0,,,,,0.07250197976827621,0.447028249502182,0.8142901055716827,0.9578559134497173,0.9578559134497173,,0.05879456001716868,,,,,,0.2100926637649536,,
192803,19.13,0.79,1.177,0.105752,0.101652,0.0446,0.053200000000000004,0.0317,0.0045,0.0041,0.0327,0.0029,0.04129639309984318,0.04577056778679026,0.061526398327234715,0.6711979609175871,0.3632548379575659,-0.0010000000000000009,0.008600000000000003,-0.0003999999999999993,0.0,,0.05436355417683691,0.0013810076760000004,,,,,,,,,-1.677396044611419,,,0.2858356428587989,0.0,,,,,0.11938496679067612,0.452033668756485,0.7698461945459399,1.0,1.0,,0.06965740724925237,,,,,,0.1961130052804947,,
192804,19.75,0.7967,1.2,0.034725,0.032715,0.0446,0.0533,0.0319,-0.0004,0.0014,0.0362,0.0022,0.04033924050632911,0.041646628332462104,0.060759493670886074,0.6639166666666667,0.3680952605963238,-0.004300000000000005,0.0087,0.0018,0.0,,0.0493717150354136,0.0014879602859999995,,,,,,,,,-1.86776941466323,,,0.2768416217830394,0.0,,,,,0.17540627717971802,0.44058936834335327,0.7566011972537776,0.9755681556262388,0.9755681556262388,,0.07997977634702083,,,,,,0.17496801912784576,,
192805,20.0,0.8033,1.222,0.012325,0.007422,0.0449,0.0542,0.0327,-0.0077,-0.0078,0.039,0.0032,0.040165,0.04067341772151899,0.0611,0.6573649754500819,0.3543969792093172,-0.0063,0.009299999999999996,-9.99999999999994e-05,0.005847953216374213,,0.04718702107946559,0.0018988587559999998,,,,,,,,,-1.9254756652726421,,,0.28410902834086094,0.0,,,,,0.11651864647865295,0.4693874418735504,0.8027860091657688,0.995155740673669,0.995155740673669,,0.09153802604264391,,,,,,0.18521077930927277,,
192806,19.19,0.81,1.245,-0.03433,-0.038725,0.045700000000000005,0.0555,0.0326,0.0041,-0.0024,0.0392,0.0031,0.042209484106305366,0.0405,0.06487754038561751,0.6506024096385542,0.3702999477111756,-0.006600000000000002,0.009799999999999996,-0.006500000000000001,-0.005813953488371992,,0.05029746218217432,0.003645476632,,,,,,,,,-1.8623171215312682,,,0.28724599967120157,0.044642857142857206,,,,,0.06484992057085037,0.4398755729198456,0.39800505254141055,0.9524176023180008,0.9524176023180008,,0.08071582272371067,,,,,,0.33088624477386475,,
192807,19.43,0.8167,1.268,0.010117,0.008278,0.0461,0.0558,0.0344,-0.0217,-0.001,0.0412,0.0032,0.04203293875450335,0.04255862428348098,0.06525990735975296,0.6440851735015772,0.36064814814814816,-0.0068000000000000005,0.0097,0.0207,0.0,,0.0593769672373234,0.0016749798640000003,,,,,,,,,-1.644630169793457,,,0.2942790957283483,0.08376068376068391,,,,,-0.007338135503232479,0.44752731919288635,0.3424499063471389,0.9779065555957986,0.9779065555957986,,0.06048787687187078,,,,,,0.3655850291252136,,
192808,20.87,0.8233,1.29,0.07023,0.065514,0.0464,0.056100000000000004,0.0341,0.0076,0.0083,0.0436,0.0032,0.03944896981312889,0.0423726196603191,0.06181121226641111,0.6382170542635659,0.32402978245497277,-0.009500000000000001,0.009700000000000007,0.0007000000000000001,0.0,,0.057395771297746485,0.001229316929,,,,,,,,,-1.6282913543184792,,,0.30894958318247245,0.009463722397476504,,,,,0.13414810597896576,0.49204400181770325,0.38698170324145975,1.0,1.0,,0.05166358645616709,,,,,,0.3704472482204437,,
192809,21.37,0.83,1.312,0.022409,0.019937,0.0461,0.0559,0.0346,-0.0041,0.003,0.045700000000000005,0.0027,0.03883949461862424,0.03977000479156684,0.061394478240524096,0.6326219512195121,0.32816581009352097,-0.011100000000000006,0.009799999999999996,0.0071,0.011695906432748426,,0.027977097672730676,0.000650464241,,,,,,,,,-1.7650438125235954,,,0.31178787058653756,0.0234375,,,,,0.12209436297416687,0.42273131012916565,0.36939318795527526,0.9820453417176899,0.9820453417176899,,0.04801409542904821,,,,,,0.22567355632781982,,
192810,21.68,0.8367,1.335,0.013839,0.012055,0.0461,0.0558,0.0336,0.0158,0.0083,0.047,0.0040999999999999995,0.038593173431734316,0.039153018249883015,0.06157749077490775,0.6267415730337079,0.3089308375634518,-0.013400000000000002,0.0097,-0.0075000000000000015,-0.005780346820809301,,0.03401659207744685,0.000678845462,,,,,,,,,-1.8123128129381354,,,0.3259444044191908,0.04122137404580162,,,,,0.12430507689714432,0.40349140763282776,0.3519531289166822,0.9806712557850115,0.9806712557850115,,0.058475717805719474,,,,,,0.15501800179481506,,
192811,24.28,0.8433,1.357,0.122975,0.116704,0.0458,0.0555,0.0338,0.0003,-0.0036,0.0426,0.0038,0.03473228995057661,0.038897601476014766,0.055889621087314656,0.6214443625644805,0.2655259390551503,-0.008800000000000002,0.0097,-0.0039,0.0,,0.03836962394837391,0.0015232956979999998,,,,,,,,,-1.8613739833701124,,,0.33974898532470976,0.044868035190615885,,,,,0.19310282170772552,0.3931390047073364,0.40712191535946235,0.9924227048237602,0.9924227048237602,,0.06417964046168413,,,,,,0.142251655459404,,
192812,24.35,0.85,1.38,0.006232,0.002888,0.0461,0.055999999999999994,0.034,0.0004,0.0084,0.0426,0.0006,0.03490759753593429,0.03500823723228995,0.05667351129363449,0.6159420289855073,0.2596666666666667,-0.008599999999999997,0.009899999999999992,0.008,-0.005813953488371992,,0.06306874349831408,0.004077469954,,,,,,,,,-1.94054117494614,,,0.3532281743296519,0.045467302834689916,,,,,-0.0029758834280073643,0.41085755825042725,0.4335839881189959,1.0,1.0,,0.0684219091552434,,,,,,0.24634890258312225,,
192901,25.74,0.86,1.399,0.055473,0.053892,0.0462,0.056299999999999996,0.0349,-0.009,0.0043,0.0466,0.0034000000000000002,0.033411033411033415,0.035318275154004104,0.05435120435120436,0.6147248034310221,0.24534660325659036,-0.011700000000000002,0.010099999999999998,0.0133,0.0,,0.07844865333641753,0.0017008226370000003,,,,,,,,,-1.9123280910994596,,,0.3627929119044082,0.08724832214765099,,,,,0.19511324167251587,0.4289807081222534,0.5204466032505796,1.0,1.0,,0.0696151193281671,,,,,,0.2329951524734497,,
192902,25.59,0.87,1.418,-0.004874,-0.008075,0.0466,0.056600000000000004,0.0363,-0.0157,0.003,0.043899999999999995,0.0036,0.03399765533411489,0.0337995337995338,0.05541227041813208,0.613540197461213,0.24542389968810055,-0.007599999999999996,0.010000000000000002,0.018699999999999998,0.0,,0.07178312948353498,0.0026701165459999997,,,,,,,,,-1.939028813738642,,,0.3543219384999159,0.012345679012345734,,,,,0.09139440208673477,0.436950147151947,0.516209943504656,0.9855616965782774,0.9855616965782774,,0.06698299314706016,,,,,,0.3014706075191498,,
192903,25.53,0.88,1.438,0.000154,-0.003213,0.047,0.0579,0.0377,-0.0144,-0.0087,0.046,0.0034000000000000002,0.03446925186055621,0.03438843298163345,0.0563258911084998,0.611961057023644,0.27230046948356806,-0.008300000000000002,0.0109,0.0057,-0.005847953216374324,,0.07980456866945349,0.003611407132000001,,,,,,,,,-1.9340284253093047,,,0.3530555543683138,0.0,,,,,0.13981157541275024,0.40204212069511414,0.5250778862823066,0.9589827982363536,0.9589827982363536,,0.0660508194267654,,,,,,0.31267231702804565,,
192904,25.94,0.89,1.457,0.019559,0.018234,0.046900000000000004,0.057999999999999996,0.0358,0.0275,0.0019,0.048,0.0036,0.03430994602929838,0.03486094790442616,0.05616808018504241,0.6108442004118051,0.26339691189827424,-0.012200000000000003,0.011099999999999992,-0.0256,-0.005882352941176561,,0.09932262284769303,0.002304361483,,,,,,,,,-1.7870754019324837,,,0.3659502280287028,0.0,,,,,0.07818785309791565,0.4277949929237366,0.4193571614431102,0.9913991181767373,0.9913991181767373,,0.0631979247430557,,,,,,0.3670117259025574,,
192905,24.83,0.9,1.476,-0.041281,-0.046101,0.047,0.057999999999999996,0.0373,-0.0162,0.0045,0.0509,0.0044,0.03624647603705196,0.03469545104086353,0.05944422070076521,0.6097560975609756,0.2827746208937157,-0.013600000000000001,0.010999999999999996,0.0207,0.00591715976331364,,0.11798667116636109,0.004759808363,,,,,,,,,-1.852340625541648,,,0.3785518266986918,0.0,,,,,0.0019103693775832653,0.44773629307746887,0.4538787796454758,0.9118530782438067,0.9118530782438067,,0.06644875525543656,,,,,,0.35161831974983215,,
192906,27.62,0.91,1.495,0.112293,0.109584,0.04769999999999999,0.0594,0.0367,0.011,-0.0046,0.048,0.0052,0.03294713975380159,0.03664921465968587,0.05412744388124548,0.608695652173913,0.2535805819387909,-0.011299999999999998,0.011700000000000009,-0.0156,0.00588235294117645,,0.116197347925606,0.001340380139,,,,,,,,,-1.757284061512383,,,0.3805863446834912,0.0,,,,,0.1303068846464157,0.4513861835002899,0.8066265042672693,1.0,1.0,,0.06902476925919335,,,,,,0.2785404324531555,,
192907,28.88,0.92,1.514,0.050014,0.048186,0.04769999999999999,0.059500000000000004,0.0369,0.0,0.002,0.0455,0.0033,0.03185595567867036,0.0333091962346126,0.05242382271468144,0.607661822985469,0.24187517975266032,-0.008599999999999997,0.011800000000000012,0.002,0.011695906432748426,,0.11068793077816642,0.001281812725,,,,,,,,,-1.7920398183673887,,,0.3893860929793942,-0.060975609756097504,,,,,0.13545827567577362,0.4615078866481781,0.7863220508940914,1.0,1.0,,0.0680895804827912,,,,,,0.22513292729854584,,
192908,31.71,0.93,1.533,0.094871,0.090733,0.0479,0.0604,0.0375,-0.0034,0.002,0.047,0.004,0.0293282876064333,0.032202216066482,0.04834437086092715,0.6066536203522506,0.22112376094444297,-0.009500000000000001,0.012500000000000004,0.0054,0.0,,0.11527731164788603,0.0033821020270000004,,,,,,,,,-1.7577657986284605,,,0.37431512018082636,-0.12337662337662336,,,,,0.06586642563343048,0.4608166813850403,0.7799970335456445,1.0,1.0,,0.06462990323187817,,,,,,0.17784886062145233,,
192909,30.16,0.94,1.552,-0.050941,-0.053046,0.048,0.061200000000000004,0.0375,0.0027,0.0034,0.0458,0.0034999999999999996,0.03116710875331565,0.02964364553768527,0.051458885941644564,0.6056701030927835,0.2448682486533702,-0.008300000000000002,0.013200000000000003,0.0006999999999999997,0.0,,0.12139011544257569,0.003392282425,,,,,,,,,-1.7447948700097164,,,0.3626059902996286,-0.03703703703703709,,,,,0.08848936855792999,0.48255661129951477,0.797155660766995,0.9010415300259726,0.9010415300259726,,0.06091709542615267,,,,,,0.2278159260749817,,
192910,24.15,0.95,1.572,-0.18615,-0.188115,0.04769999999999999,0.0611,0.0347,0.0382,0.0073,0.0437,0.0046,0.039337474120082816,0.03149867374005305,0.06509316770186337,0.6043256997455471,0.30748418704983366,-0.009000000000000001,0.013400000000000009,-0.030899999999999997,0.0,,0.15961305107341486,0.053507542712,,,,,,,,,-1.9853535679090166,,,0.34036680169291933,-0.07692307692307687,,,,,0.08744034171104431,0.4619251787662506,0.8036584115812807,0.7175538473646929,0.7175538473646929,,0.06316504159195421,,,,,,0.5454295873641968,,
192911,20.92,0.96,1.591,-0.125359,-0.130374,0.047599999999999996,0.0603,0.0331,0.0236,-0.0018,0.0347,0.0037,0.04588910133843212,0.03975155279503106,0.07605162523900573,0.6033940917661847,0.35195647625026155,-0.0016000000000000042,0.012700000000000003,-0.0254,0.0,,0.17704122814813994,0.03644874587099999,,,,,,,,,-2.0042851675139324,,,0.2851723893237328,0.0,,,,,0.010992461815476418,0.46413731575012207,0.7238549985879378,0.6268856415772489,0.6268856415772489,,0.060920981541805086,,,,,,0.594457745552063,,
192912,21.45,0.97,1.61,0.027753,0.023571,0.0467,0.059500000000000004,0.034,-0.0089,0.0192,0.030299999999999997,0.0037,0.04522144522144522,0.046367112810707455,0.07505827505827506,0.6024844720496894,0.3384578235672891,0.0037000000000000054,0.012800000000000006,0.0281,-0.005780346820809301,,0.16352236233173167,0.010214629578000003,,,,,,,,,-1.7967121477192516,,,0.23504035561914782,0.0,,,,,0.015080686658620834,0.49410879611968994,0.7817389637162542,0.6518876092032426,0.6518876092032426,,0.07110630974832811,,,,,,0.5958017110824585,,
193001,22.79,0.9708,1.557,0.059632,0.057032,0.0466,0.0592,0.0347,-0.0057,0.0059,0.0339,0.0014000000000000002,0.0425976305397104,0.04525874125874126,0.06831943835015358,0.6235067437379577,0.314816201242794,0.0008000000000000021,0.0126,0.0116,-0.005813953488371992,,0.15331563603810255,0.0014331607769999997,,,,,,,,,-1.548804233021508,,,0.23021272588680608,0.0,,,,,0.08502452075481415,0.4731881618499756,0.8145837847334441,0.7008421439252827,0.7008421439252827,,0.07256143845755852,,,,,,0.5374153852462769,,
193002,23.28,0.9717,1.503,0.026041,0.021516,0.046900000000000004,0.058899999999999994,0.0339,0.0129,0.0072,0.0336,0.003,0.041739690721649486,0.04263712154453708,0.06456185567010309,0.6465069860279442,0.3102061893696285,0.00030000000000000165,0.01199999999999999,-0.0057,-0.005847953216374324,,0.15925694701213286,0.0017247059009999999,,,,,,,,,-1.5979347939653765,,,0.22152447468410763,-0.04166666666666663,,,,,0.07622099667787552,0.48178520798683167,0.9370115153682521,0.7112574441850094,0.7112574441850094,,0.07668164078927786,,,,,,0.3472382426261902,,
193003,25.14,0.9725,1.45,0.072348,0.069351,0.0462,0.057300000000000004,0.0335,0.0083,0.0138,0.029500000000000002,0.0034999999999999996,0.038683373110580746,0.04177405498281787,0.05767700875099443,0.6706896551724139,0.3191191890947221,0.004,0.011100000000000006,0.0055,-0.005882352941176561,,0.14549736328740365,0.0015040436309999997,,,,,,,,,-1.6181418366262807,,,0.20108081932142552,-0.04347826086956519,,,,,0.0971684679389,0.4792029857635498,1.0007012054378328,0.7505837290447832,0.7505837290447832,,0.10291343436744638,,,,,,0.17450152337551117,,
193004,24.9,0.9733,1.397,-0.013938,-0.015867,0.046,0.057,0.0338,-0.0016,0.0084,0.03,0.0021,0.039088353413654624,0.03871519490851233,0.056104417670682735,0.696707229778096,0.3269705977151452,0.003799999999999998,0.011000000000000003,0.01,0.00591715976331364,,0.1296820726668201,0.001933861666,,,,,,,,,-1.6844576984991853,,,0.1883531242126073,0.0,,,,,0.04617083817720413,0.44645801186561584,1.0440210144551723,0.7325602749429388,0.7325602749429388,,0.09874495746390628,,,,,,0.19140014052391052,,
193005,24.49,0.9742,1.343,-0.011148,-0.015304,0.046,0.0572,0.0329,0.0139,0.0057,0.0241,0.0026,0.03977950183748469,0.03912449799196787,0.054838709677419356,0.7253909158600149,0.33191551241502165,0.008799999999999999,0.011200000000000002,-0.008199999999999999,-0.005882352941176561,,0.12492793481079056,0.004693439435,,,,,,,,,-1.6056314022814304,,,0.16754221700970784,-0.13636363636363635,,,,,0.0003924916381947696,0.43603986501693726,1.0280523998247504,0.7216465094314872,0.7216465094314872,,0.09374822940936406,,,,,,0.2571132779121399,,
193006,20.46,0.975,1.29,-0.155715,-0.159182,0.045700000000000005,0.057800000000000004,0.0328,0.0051,0.011,0.0189,0.0027,0.047653958944281524,0.0398121682319314,0.06304985337243402,0.7558139534883721,0.4033754528585314,0.013900000000000003,0.0121,0.005899999999999999,-0.005917159763313529,,0.13100265311481726,0.014447861585000003,,,,,,,,,-1.7117691149579217,,,0.13410107906143987,-0.052631578947368474,,,,,0.07145673036575317,0.43608376383781433,0.13806242234913607,0.5938032898706613,0.5938032898706613,,0.05866848400089465,,,,,,0.42445215582847595,,
193007,21.21,0.9758,1.237,0.038713,0.036395,0.0452,0.057699999999999994,0.0327,0.0034,0.0056,0.0183,0.002,0.046006600660066004,0.0476930596285435,0.05832154644035832,0.7888439773645917,0.39018761485533565,0.0144,0.012499999999999997,0.0022,-0.011904761904761862,,0.14055224812776793,0.004920445838,,,,,,,,,-1.4757637542813995,,,0.0825794823470285,-0.06222222222222229,,,,,-0.03040262684226036,0.4573744833469391,0.15417964550631214,0.6138730750059028,0.6138730750059028,,0.05498204372318377,,,,,,0.4689733386039734,,
193008,21.37,0.9767,1.183,0.011266,0.006691,0.0447,0.057300000000000004,0.0328,0.0013,0.0136,0.015300000000000001,0.0009,0.0457042583060365,0.04604903347477605,0.05535797847449696,0.8256128486897717,0.37975210049080776,0.0175,0.012600000000000007,0.012299999999999998,-0.006024096385542244,,0.12149636712583067,0.004049926493000001,,,,,,,,,-1.3422857288750938,,,0.055806411682775225,0.0014218009478672577,,,,,-0.04084325581789017,0.4968969225883484,0.16106987594004735,0.6307421885248051,0.6307421885248051,,0.06214818095282153,,,,,,0.4945424795150757,,
193009,18.59,0.9775,1.13,-0.123549,-0.127635,0.044199999999999996,0.0565,0.0324,0.0074,0.0108,0.0177,0.0022,0.05258203335126412,0.04574169396350023,0.06078536847767616,0.8650442477876107,0.4455832113225964,0.014699999999999998,0.012300000000000005,0.0034000000000000002,0.0060606060606061,,0.12720209173690317,0.003738406257,,,,,,,,,-1.443248586142566,,,0.033074074452864366,0.08849976336961651,,,,,-0.04901884123682976,0.49304795265197754,0.12849248605035277,0.5806835572181601,0.5375554214654878,,0.08128549602920032,,,,,,0.404199481010437,,
193010,16.94,0.9783,1.077,-0.08368,-0.086394,0.044199999999999996,0.0594,0.0324,0.0035,0.0054,0.0174,0.0009,0.057750885478158195,0.05262506724045185,0.06357733175914994,0.9083565459610028,0.4979547313880556,0.015,0.015200000000000005,0.0019000000000000002,-0.006024096385542244,,0.12949120364752087,0.012876666363000002,,,,,,,,,-1.5636995499340756,,,0.0007510162178117064,-0.016086956521739082,,,,,0.012905055657029152,0.48846739530563354,0.2347051690840963,0.6234910055428979,0.48101896791457877,,0.09129818830019866,,,,,,0.45590463280677795,,
193011,16.57,0.9792,1.023,-0.019736,-0.024113,0.0447,0.0625,0.0322,0.0042,-0.0012,0.013999999999999999,0.0013,0.05909474954737477,0.057804014167650526,0.06173808086904043,0.9571847507331379,0.5046708307998452,0.0182,0.017800000000000003,-0.005399999999999999,-0.0060606060606061,,0.13775269244678076,0.007160072127,,,,,,,,,-1.5473880570230525,,,-0.027561436456326138,-0.1493592576226248,,,,,0.0013341044541448355,0.461228609085083,0.31158478047371063,0.6151936613731425,0.47461762468190044,,0.08803483204529614,,,,,,0.45971372723579407,,
193012,15.34,0.98,0.97,-0.071479,-0.077707,0.0452,0.06709999999999999,0.033,-0.007,-0.009,0.0148,0.0014000000000000002,0.06388526727509779,0.05914302957151479,0.06323337679269883,1.0103092783505154,0.5547454125653177,0.0182,0.021899999999999996,-0.001999999999999999,-0.018292682926829062,,0.11388655195363455,0.008166329261999998,,,,,,,,,-1.5250024411216248,,,-0.05645482838077531,-0.038961038961038974,,,,,0.11558800935745239,0.5147493481636047,0.2978396527262395,0.559662665351787,0.4317758480468033,,0.07536316423069128,,,,,,0.46864113211631775,,
193101,16.09,0.9667,0.94,0.059527,0.056729,0.044199999999999996,0.0641,0.0343,-0.0121,0.0203,0.0124,0.0015,0.06008079552517091,0.06301825293350717,0.0584213797389683,1.028404255319149,0.5391520018896894,0.021899999999999996,0.019900000000000008,0.0324,-0.012422360248447228,,0.08972071271416916,0.005224311614,,,,,,,,,-1.4424017717231006,,,-0.06612055732240485,0.0,,,,,0.03993477672338486,0.5371701717376709,0.14525206405246402,0.5758492875845888,0.44426371435317574,,0.08028510989428109,,,,,,0.4481838345527649,,
193102,17.93,0.9533,0.91,0.110943,0.105279,0.0443,0.0638,0.0338,0.0085,0.0068,0.0106,0.0004,0.05316787506971556,0.05924798011187073,0.050752928053541556,1.0475824175824175,0.47966796259325417,0.0232,0.019499999999999997,-0.001700000000000001,-0.012578616352201366,,0.08254241110201681,0.002884626289,,,,,,,,,-1.4759232256218033,,,-0.06601235204615952,0.0,,,,,0.011721034534275532,0.4760366976261139,0.06265234328710713,0.647260856258714,0.4993572421754073,,0.09758788439522319,,,,,,0.42406830191612244,,
193103,16.69,0.94,0.88,-0.068939,-0.073451,0.043899999999999995,0.0644,0.0332,0.0104,0.0094,0.0138,0.0013,0.056321150389454754,0.0524261015058561,0.05272618334331935,1.0681818181818181,0.5291250870271524,0.0194,0.020500000000000004,-0.0009999999999999992,-0.006369426751592355,,0.0739789656732033,0.004168751837,,,,,,,,,-1.4642916914178608,,,-0.051444855004900925,0.0,,,,,0.02992713823914528,0.4728962182998657,0.0072735859527242085,0.5861189512701058,0.4521866883542776,,0.0991328031948524,,,,,,0.37710779905319214,,
193104,15.09,0.9267,0.85,-0.092955,-0.09546,0.044000000000000004,0.0672,0.0327,0.0086,0.0067,0.0149,0.0008,0.06141153081510934,0.05552426602756141,0.05632869449966865,1.090235294117647,0.6032144983133806,0.0178,0.02319999999999999,-0.0018999999999999998,-0.0064102564102563875,,0.07777979623836663,0.006709265743000001,,,,,,,,,-1.432723443709294,,,-0.05144547203985694,-0.013513513513513598,,,,,0.11190209537744522,0.4757988154888153,0.04504234495021721,0.5414532822404469,0.3966471653068185,,0.08804137174631435,,,,,,0.38078925013542175,,
193105,13.02,0.9133,0.82,-0.137674,-0.14302,0.0437,0.07150000000000001,0.0317,0.0145,0.0134,0.0088,0.0009,0.07014592933947773,0.060523525513585155,0.0629800307219662,1.113780487804878,0.7099486221391873,0.022899999999999997,0.027800000000000005,-0.0011000000000000003,-0.012903225806451535,,0.07138027086469663,0.006910695413,,,,,,,,,-1.3614177777483547,,,-0.07060236381163132,-0.041095890410958846,,,,,-0.04176324978470802,0.49111267924308777,-0.0051871783707434695,0.46700839786236237,0.337014980192565,,0.0811960889389918,,,,,,0.3666049540042877,,
193106,14.83,0.9,0.79,0.146492,0.139763,0.0436,0.0736,0.0319,0.0004,0.0052,0.0055000000000000005,0.0008,0.060687795010114634,0.06912442396313365,0.053270397842211735,1.139240506329114,0.6072712744706352,0.026399999999999996,0.03,0.0048,-0.013071895424836666,,0.06375712553820898,0.023332949589999995,,,,,,,,,-1.4450398596138783,,,-0.09980770159284513,-0.11428571428571421,,,,,0.07992493361234665,0.4448290169239044,-0.43771070361457026,0.6127544983475458,0.39399742896870166,,0.08750260137245221,,,,,,0.4827422797679901,,
193107,13.73,0.8867,0.76,-0.075465,-0.07857,0.0436,0.0708,0.0325,-0.0042,0.0052,0.0040999999999999995,0.0006,0.06458120903131828,0.05979096426163183,0.055353241077931534,1.1667105263157895,0.6736095723465545,0.0284,0.027200000000000002,0.009399999999999999,0.0,,0.03400594134314875,0.007039256351999999,,,,,,,,,-1.2293716979201617,,,-0.11953097528129408,-0.10451612903225815,,,,,-0.033453319221735,0.4827333688735962,-0.36918049300311256,0.5524093190256639,0.35519584437390134,,0.08926159671451347,,,,,,0.49321675300598145,,
193108,13.86,0.8733,0.73,0.007779,0.002304,0.044000000000000004,0.0747,0.0326,0.0012,0.0012,0.0042,0.0003,0.06300865800865801,0.06360524399126001,0.05266955266955267,1.1963013698630136,0.6541854960189369,0.028399999999999998,0.030699999999999998,0.0,0.0,,0.020156844357055587,0.004542039838000001,,,,,,,,,-1.131501793519401,,,-0.16009504204888225,0.24279538904899156,,,,,0.0032646653708070517,0.5312439203262329,-0.5378769181438096,0.5688114570157901,0.3657423196998714,,0.08149852246343411,,,,,,0.5165796875953674,,
193109,9.71,0.86,0.7,-0.287461,-0.291524,0.0455,0.08070000000000001,0.0353,-0.0281,-0.0014,0.0045000000000000005,0.0003,0.08856848609680741,0.06204906204906205,0.0720906282183316,1.2285714285714286,0.9440016561432564,0.030799999999999998,0.03520000000000001,0.0267,-0.0066225165562913135,,0.03036971515771585,0.023458994588999995,,,,,,,,,-1.430884563863335,,,-0.2128641660800441,0.09565217391304337,,,,,0.02619135193526745,0.4792618751525879,-0.32747054456327274,0.4510691941357736,0.2534564629955138,,0.07077889170813108,,,,,,0.4888869524002075,,
193110,10.53,0.8467,0.67,0.076738,0.072834,0.0499,0.0904,0.0385,-0.033,-0.0363,0.017,0.001,0.08040835707502375,0.08719876416065911,0.06362773029439697,1.263731343283582,0.8771761084928346,0.0215,0.040499999999999994,-0.0032999999999999974,-0.006666666666666599,,0.011269305178691992,0.04250195546,,,,,,,,,-1.4022252211986848,,,-0.2566137004044171,0.031746031746031855,,,,,0.17252017557621002,0.4456702470779419,-0.514110760212438,0.5349351718460588,0.2727654327465435,,0.09234791047614171,,,,,,0.5930739045143127,,
193111,9.5,0.8333,0.64,-0.100909,-0.109396,0.049400000000000006,0.08929999999999999,0.0385,0.0027,-0.0189,0.0177,0.0017000000000000001,0.08771578947368422,0.0791358024691358,0.06736842105263158,1.30203125,0.9715564077980186,0.0208,0.039899999999999984,-0.0216,-0.0134228187919464,,0.0033961093108253707,0.011434543961999999,,,,,,,,,-1.3271514899769195,,,-0.2727723768101711,0.0,,,,,0.09915221482515335,0.4422672986984253,-0.5473198753448637,0.48296974686149413,0.24626806936537504,,0.10372695614166215,,,,,,0.5899248123168945,,
193112,8.12,0.82,0.61,-0.137557,-0.145471,0.053200000000000004,0.1042,0.0407,-0.022,-0.0286,0.0241,0.0012,0.10098522167487685,0.0863157894736842,0.07512315270935961,1.3442622950819672,1.170731707317073,0.0166,0.051,-0.006600000000000002,-0.006802721088435382,,-0.012921009296933843,0.021195349347000007,,,,,,,,,-1.3261260012716256,,,-0.28326787261336195,-0.03076923076923077,,,,,0.16573934257030487,0.4940044581890106,-0.5438833701376181,0.4008026342868903,0.2043707532072304,,0.11019950039258372,,,,,,0.5784160494804382,,
193201,7.89,0.7933,0.5933,-0.018803,-0.021067,0.052000000000000005,0.0913,0.039,0.0034,-0.0052,0.0248,0.0023,0.10054499366286439,0.09769704433497538,0.07519645120405577,1.3370975897522333,1.1913781841933377,0.0142,0.0393,-0.0086,-0.020547945205479423,,-0.011577443202490443,0.017376784498999997,,,,,,,,,-1.2402958350405222,,,-0.31734283527497564,-0.04761904761904756,,,,,0.10086068511009216,0.5057108998298645,-0.39726526894741293,0.39385676065033953,0.20082902641865832,,0.11245645701527161,,,,,,0.5116680264472961,,
193202,8.29,0.7667,0.5767,0.053581,0.045233,0.052300000000000006,0.08869999999999999,0.0367,0.0413,-0.0238,0.0242,0.0023,0.09248492159227988,0.09717363751584285,0.06956574185765983,1.3294607248135948,1.119842829076621,0.012500000000000004,0.03639999999999998,-0.0651,-0.013986013986014068,,-0.015727667518056217,0.026715250608000007,,,,,,,,,-1.1252832124581778,,,-0.3461681241738239,0.0,,,,,0.18048283457756042,0.48235660791397095,-0.40213995983001627,0.4338376305135308,0.21365794789726367,,0.11049465204870128,,,,,,0.5471744537353516,,
193203,7.31,0.74,0.56,-0.118907,-0.125245,0.049800000000000004,0.0883,0.037,-0.0018,0.0356,0.0225,0.0016,0.1012311901504788,0.08926417370325694,0.07660738714090289,1.3214285714285714,1.1858624454148472,0.014499999999999999,0.0385,0.0374,-0.007092198581560294,,-0.00841550948676644,0.013408922083000001,,,,,,,,,-1.100263872286746,,,-0.36315162111541954,-0.00666666666666671,,,,,-0.021006137132644653,0.5080885887145996,-0.535458123220405,0.42836265856082306,0.19225017708633943,,0.12138597965352256,,,,,,0.5414232611656189,,
193204,5.83,0.7133,0.5433,-0.205295,-0.207637,0.051699999999999996,0.10460000000000001,0.0336,0.0604,-0.0176,0.0111,0.0011,0.1223499142367067,0.09757865937072505,0.09319039451114923,1.3129026320633168,1.5537278741283749,0.0225,0.052900000000000016,-0.078,-0.0071428571428571175,,-0.015474657539540668,0.019851412741,,,,,,,,,-1.1030472596592333,,,-0.4381888282904389,0.017897091722595126,,,,,-0.012696202844381332,0.4686717391014099,-0.6515728995760803,0.3602344454463481,0.1467324290998767,,0.10269569187242403,,,,,,0.4830920100212097,,
193205,4.47,0.6867,0.5267,-0.232123,-0.240123,0.0536,0.11,0.0349,-0.0188,0.0107,0.0031,0.0006,0.1536241610738255,0.11778730703259005,0.11782997762863534,1.3037782418834252,1.942333482342423,0.0318,0.0564,0.0295,-0.014388489208633115,,-0.034050843522265756,0.023183792311999997,,,,,,,,,-1.0222243879434334,,,-0.47659570648549665,0.08241758241758235,,,,,-0.013342020101845264,0.44949111342430115,-0.7966549893401859,0.28816179312121604,0.11737544927460189,,0.10758177284993199,,,,,,0.4212515354156494,,
193206,4.43,0.66,0.51,0.002768,-0.006507,0.0541,0.11,0.0347,0.0065,-0.0009,0.0034000000000000002,0.0002,0.1489841986455982,0.1476510067114094,0.11512415349887134,1.2941176470588236,2.0284780578898225,0.0313,0.0559,-0.0073999999999999995,-0.007299270072992692,,-0.040688406461736853,0.03430258322199999,,,,,,,,,-0.9616980794362042,,,-0.5161469525328506,0.0,,,,,0.08440914005041122,0.4767415225505829,0.3447174859161746,0.2759242560865645,0.11239079675735236,,0.11827834476501974,,,,,,0.4521753489971161,,
193207,6.1,0.6333,0.4933,0.391838,0.390006,0.0526,0.1079,0.032,0.0481,0.0043,0.0022,0.0002,0.10381967213114754,0.14295711060948083,0.0808688524590164,1.2838029596594362,1.6125440712562629,0.0298,0.055299999999999995,-0.0438,0.0,,-0.029176142021504866,0.020110578496999997,,,,,,,,,-0.9711202035852387,,,-0.5496333801410214,0.0,,,,,0.031020626425743103,0.4433671832084656,0.20938426497956858,0.37384668747832117,0.14138048639714562,,0.18290640536079222,,,,,,0.4667578637599945,,
193208,8.39,0.6067,0.4767,0.401979,0.394164,0.049100000000000005,0.08220000000000001,0.0321,0.0003,0.0436,0.0014000000000000002,0.0003,0.07231227651966626,0.09945901639344264,0.0568176400476758,1.2727082022236207,1.1878075451066157,0.030699999999999998,0.033100000000000004,0.0433,-0.007352941176470562,,-0.01506368308094169,0.040019305911999994,,,,,,,,,-1.4521800895440147,,,-0.5255637366472443,-0.009137055837563413,,,,,0.016116749495267868,0.43284183740615845,0.11857661298390589,0.5220866338400058,0.19193535692735522,,0.2645334125878547,,,,,,0.4666723906993866,,
193209,8.08,0.58,0.46,-0.029526,-0.034118,0.047,0.0761,0.0319,0.0057,0.0301,0.0003,0.0003,0.07178217821782178,0.06912991656734206,0.05693069306930693,1.2608695652173911,1.214365567356065,0.031599999999999996,0.0291,0.024399999999999998,-0.007407407407407418,,0.0007043707493667023,0.043298566157,,,,,,,,,-1.4810918144407976,,,-0.46840297637744355,-0.06352459016393441,,,,,0.09350762516260147,0.4277084171772003,0.21893393797710836,0.6127236920969261,0.1877377548075662,,0.2413341774233802,,,,,,0.5166493058204651,,
193210,6.96,0.5533,0.4433,-0.142069,-0.143263,0.0464,0.0787,0.0322,-0.0017,0.0074,0.0001,0.0002,0.07949712643678161,0.06847772277227723,0.06369252873563219,1.248138957816377,1.4038772213247175,0.0321,0.03230000000000001,0.0091,-0.007462686567164201,,-0.0028741019293369516,0.03564475848799999,,,,,,,,,-1.1636963233311541,,,-0.440296597894519,-0.10284463894967188,,,,,0.025721320882439613,0.4736427068710327,0.3723976739118677,0.5300111310899905,0.16239473200933965,,0.17840554581220225,,,,,,0.5712007284164429,,
193211,6.55,0.5267,0.4267,-0.052228,-0.058702,0.0463,0.0824,0.0322,0.0032,0.0073,0.0001,0.0002,0.08041221374045801,0.07567528735632183,0.06514503816793894,1.2343566908835246,1.5421472937000889,0.0321,0.0361,0.0040999999999999995,-0.007518796992481258,,-0.003322155581414289,0.023316603119999998,,,,,,,,,-1.1371054709220374,,,-0.4449913069398139,0.0,,,,,0.07052592188119888,0.4844511151313782,0.5047838916545131,0.6002982848620433,0.14783429965632133,,0.08507773510498876,,,,,,0.5986654162406921,,
193212,6.89,0.5,0.41,0.061569,0.053749,0.045899999999999996,0.0842,0.0315,0.0131,0.0139,0.0004,0.0001,0.07256894049346879,0.07633587786259542,0.059506531204644414,1.2195121951219512,1.44208430136077,0.0311,0.0383,0.0007999999999999986,-0.007575757575757569,,-0.0050324693378186285,0.010223098855,,,,,,,,,-1.1143276937611162,,,-0.46923080088146407,0.0,,,,,0.07459601759910583,0.5448745489120483,0.5464165169948639,0.6787564766839378,0.15809218983655585,,0.09590113220512607,,,,,,0.5607690215110779,,
193301,6.94,0.495,0.4125,0.013938,0.012575,0.0444,0.0801,0.0308,0.0148,0.0547,0.0007000000000000001,0.0001,0.07132564841498559,0.07184325108853411,0.05943804034582132,1.2,1.426929392446634,0.030100000000000002,0.0357,0.0399,-0.015267175572518998,,-0.0064906533560213035,0.005916608936999998,,,,,,,,,-1.0404053753765024,,,-0.4938561692672305,-0.060975609756097504,,,,,0.10744479298591614,0.5027599334716797,0.3532152308305236,0.6859653075016895,0.1597712306844715,,0.11251301281399725,,,,,,0.48399803042411804,,
193302,5.66,0.49,0.415,-0.179558,-0.186035,0.044800000000000006,0.0837,0.0325,-0.0258,-0.0523,0.0001,-0.0003,0.08657243816254416,0.07060518731988472,0.07332155477031801,1.180722891566265,1.6909904650710257,0.0324,0.03889999999999999,-0.0265,-0.015503875968992276,,-0.005818996127417277,0.015666928171999998,,,,,,,,,-1.0403717731080229,,,-0.4918569744440586,-0.09740259740259749,,,,,-0.013903075829148293,0.48668569326400757,0.5753422020954405,0.5788465870691597,0.1348217330849752,,0.11819377236687739,,,,,,0.42120325565338135,,
193303,5.85,0.485,0.4175,0.038627,0.032581,0.046799999999999994,0.0891,0.0321,0.0097,0.0047,0.0134,0.0004,0.0829059829059829,0.08568904593639576,0.07136752136752136,1.1616766467065869,1.4765342960288808,0.018699999999999994,0.042300000000000004,-0.005,-0.007874015748031482,,-0.021884955818652,0.037454110987999986,,,,,,,,,-1.1521787061371893,,,-0.5583993339405051,0.021582733812949728,,,,,0.4030741751194,0.46142879128456116,0.6414950994116955,0.6931064681596396,0.14534197339769656,,0.12849737453894777,,,,,,0.5772401690483093,,
193304,8.32,0.48,0.42,0.414312,0.412291,0.0478,0.09119999999999999,0.0325,-0.0032,-0.0095,0.0045000000000000005,0.001,0.05769230769230769,0.08205128205128205,0.050480769230769225,1.1428571428571428,1.119015047879617,0.028,0.04339999999999999,-0.0063,0.0,,-0.00637014420534317,0.029151225522,,,,,,,,,-1.2723730357985812,,,-0.49454879342581015,0.0,,,,,0.1317102313041687,0.4423973858356476,0.7736798576150513,0.9145502314525208,0.19177794684786315,,0.1552691999889515,,,,,,0.6058077812194824,,
193305,9.64,0.475,0.4225,0.174816,0.170167,0.0463,0.0774,0.0308,0.0303,0.0588,0.0029,0.0004,0.04927385892116182,0.05709134615384615,0.043827800829875516,1.1242603550295858,0.9283849733287936,0.0279,0.031099999999999996,0.028499999999999998,0.0,,-0.003002329598662374,0.01196383281,,,,,,,,,-1.6579557242239902,,,-0.3460360098874229,-0.08450704225352101,,,,,0.07294370979070663,0.45769545435905457,0.5200021492198723,0.9787824927793825,0.23115670173413436,,0.26548268564044014,,,,,,0.5603364109992981,,
193306,10.91,0.47,0.425,0.137498,0.133994,0.0446,0.0707,0.0306,0.005,0.019,0.0007000000000000001,0.0002,0.04307974335472044,0.048755186721991695,0.03895508707607699,1.1058823529411765,0.8335031587528021,0.0299,0.026099999999999998,0.013999999999999999,0.007936507936507908,,0.0007603167864096802,0.019819362466,,,,,,,,,-1.8574346911895039,,,-0.2079697272584511,0.07307692307692304,,,,,0.03469143062829971,0.4136638045310974,0.41889593837065087,0.9939234352845858,0.2574704200225621,,0.2789643612661103,,,,,,0.47945436835289,,
193307,9.95,0.465,0.4275,-0.084736,-0.085471,0.0436,0.0662,0.0309,-0.0017,0.0161,0.0019,0.0002,0.04673366834170855,0.042621448212648946,0.04296482412060302,1.087719298245614,0.9011788035694612,0.029,0.022599999999999995,0.0178,0.03149606299212593,,0.002712795739484997,0.032868097437999996,,,,,,,,,-1.945031693547178,,,-0.12316579587062115,0.17060931899641574,,,,,-0.08874791860580444,0.36976227164268494,0.37151702465622277,0.8352811263458175,0.23813521525828368,,0.23704700587104635,,,,,,0.5327209830284119,,
193308,11.09,0.46,0.43,0.123272,0.119807,0.043,0.0677,0.0308,0.0044,0.0093,0.0001,0.0003,0.04147880973850316,0.04623115577889448,0.0387736699729486,1.0697674418604652,0.7987501220583927,0.0307,0.0247,0.004899999999999999,0.007633587786259444,,0.002146610898086264,0.011878964091000001,,,,,,,,,-1.6432440496843193,,,-0.16920228988857633,0.21249234537660744,,,,,0.06853049993515015,0.4122554063796997,0.33182297602799404,0.9423944050795987,0.26867277067974915,,0.12076879520403748,,,,,,0.5727646350860596,,
193309,9.83,0.455,0.4325,-0.118045,-0.121112,0.0436,0.0727,0.0308,0.0023,-0.0014,0.0004,0.0002,0.04628687690742625,0.04102795311091073,0.04399796541200407,1.0520231213872833,0.8679966044142615,0.0304,0.0291,-0.0037,0.0,,-0.0004591679635652958,0.014249909073999999,,,,,,,,,-1.5800189069272212,,,-0.23185765306554673,0.13383838383838387,,,,,-0.04151802137494087,0.40915754437446594,0.3814909852877489,0.8672126621882764,0.24723876485557622,,0.08955191393044759,,,,,,0.5702147483825684,,
193310,8.96,0.45,0.435,-0.090623,-0.091588,0.0434,0.07490000000000001,0.0315,-0.0091,0.004,0.0009,0.0001,0.05022321428571428,0.04577822990844354,0.04854910714285714,1.0344827586206897,0.927858439201452,0.0306,0.03150000000000001,0.0131,0.0,,0.00346222997382979,0.027675770355000004,,,,,,,,,-1.6004152218338286,,,-0.28752652192116224,0.04677060133630295,,,,,-0.0029710757080465555,0.409274697303772,0.5449045243512967,0.8112634581761295,0.23128787680037777,,0.08099283236837027,,,,,,0.5570611357688904,,
193311,9.88,0.445,0.4375,0.108553,0.102069,0.0454,0.07980000000000001,0.0327,-0.0149,-0.0248,0.0022,0.0002,0.04504048582995951,0.04966517857142857,0.04428137651821862,1.0171428571428571,0.8335031587528021,0.0305,0.03440000000000001,-0.009899999999999999,0.0,,0.005922805735139847,0.009581576110999999,,,,,,,,,-1.4715127465288278,,,-0.3514898147648946,0.008510638297872353,,,,,0.09353815764188766,0.4368527829647064,0.545300949894548,0.9031011318671206,0.2574704200225621,,0.07632381213485998,,,,,,0.5539496541023254,,
193312,10.1,0.44,0.44,0.026694,0.02443,0.045,0.0775,0.0336,-0.0113,0.0257,0.0029,0.0002,0.04356435643564357,0.044534412955465584,0.04356435643564357,1.0,0.8290260464173507,0.030699999999999998,0.0325,0.037,0.0,,0.006195161708204716,0.005590569861,,,,,,,,,-1.5026009020713327,,,-0.3505992200943897,0.0,,,,,0.10371728241443634,0.4405057728290558,0.6379355089869506,0.9079782828747585,0.25886087572474226,,0.0745193859638725,,,,,,0.5362597703933716,,
193401,11.17,0.4408,0.4442,0.115033,0.113644,0.0435,0.0701,0.0321,0.0257,0.0257,0.0072,0.0005,0.03946284691136974,0.04364356435643565,0.03976723366159355,0.9923457901846017,0.7629173661630293,0.0249,0.0266,0.0,0.0,,0.003557712141661549,0.006638909922000001,,,,,,,,,-1.570187092648701,,,-0.322640668147703,0.0,,,,,0.16863104701042175,0.40001603960990906,0.41902006389771435,0.9837599779796312,0.2812918120523651,,0.111430263278574,,,,,,0.4287606477737427,,
193402,10.76,0.4417,0.4483,-0.03284,-0.037272,0.042,0.06269999999999999,0.0317,0.0081,0.0146,0.0062,0.0002,0.04105018587360595,0.039543419874664275,0.0416635687732342,0.9852777158153022,0.7906437270442683,0.0255,0.02069999999999999,0.006500000000000001,0.007575757575757791,,0.005594950207332298,0.005567284667000001,,,,,,,,,-1.7747719632882746,,,-0.28026035839936814,0.0,,,,,0.030011817812919617,0.40036970376968384,0.45609964278301357,0.934260429835651,0.27142744707086075,,0.11503313172943606,,,,,,0.41892245411872864,,
193403,10.75,0.4425,0.4525,0.005355,0.002464,0.041299999999999996,0.0626,0.0307,0.0197,0.0187,0.0024,0.0002,0.041162790697674416,0.04112453531598513,0.042093023255813954,0.9779005524861878,0.8025122121423587,0.028300000000000002,0.021300000000000006,-0.0009999999999999974,0.0,,0.009606337239772072,0.006372524620999999,,,,,,,,,-1.570678852764617,,,-0.240005884687998,0.0,,,,,0.06686308979988098,0.45022842288017273,0.4142743405162809,0.9058154235145386,0.263163417897526,,0.09838374100089406,,,,,,0.44515374302864075,,
193404,10.46,0.4433,0.4567,-0.02549,-0.026944,0.0407,0.0601,0.03,0.0126,0.0104,0.0015,0.0001,0.042380497131931164,0.041237209302325585,0.04366156787762906,0.9706590759798556,0.8010747338043587,0.028499999999999998,0.0194,-0.0022000000000000006,0.0,,0.007828811042688408,0.001899187354,,,,,,,,,-1.5333222932015256,,,-0.24463413338976991,0.0,,,,,-0.03686751797795296,0.43985283374786377,0.4263008978972366,0.9074408524471735,0.26363564813600227,,0.056887910622178364,,,,,,0.42180880904197693,,
193405,9.61,0.4442,0.4608,-0.078497,-0.082255,0.0401,0.0605,0.0292,0.0131,0.009,0.0016,0.0001,0.04622268470343392,0.04246653919694072,0.04795005202913632,0.9639756944444444,0.8563829787234043,0.0276,0.0204,-0.004100000000000001,0.0,,0.007652315583062865,0.007363200412,,,,,,,,,-1.5857733502789628,,,-0.22993584670850908,0.04219409282700415,,,,,0.04496823251247406,0.43134787678718567,0.4795995659700276,0.848835109264945,0.2466091245376079,,0.048137126065897456,,,,,,0.4324014186859131,,
193406,9.81,0.445,0.465,0.02408,0.021102,0.0393,0.060599999999999994,0.0289,0.0067,0.0158,0.0015,0.0001,0.045361875637105,0.04630593132154007,0.047400611620795105,0.9569892473118279,0.8407310704960835,0.027399999999999997,0.021299999999999993,0.0091,0.007518796992481258,,0.005982780159426762,0.006894644965999997,,,,,,,,,-1.4220253679662638,,,-0.2538789024973971,0.0,,,,,0.051089808344841,0.4452073574066162,0.6588452576835392,0.864637890554452,0.25120025185612715,,0.05271962314919688,,,,,,0.4380618631839752,,
193407,8.68,0.4458,0.4692,-0.119846,-0.121723,0.038900000000000004,0.0613,0.0288,0.004,0.0047,0.0015,0.0001,0.051359447004608295,0.0454434250764526,0.05405529953917051,0.9501278772378516,0.9142532651902329,0.027299999999999998,0.022399999999999996,0.0007000000000000001,0.0,,0.002907865274261168,0.011531330891,,,,,,,,,-1.413900013902315,,,-0.3292159451248542,0.0,,,,,-0.16300304234027863,0.4657426178455353,0.7133629969272838,0.7951056528806213,0.23099929165464228,,0.06107309160331586,,,,,,0.48221418261528015,,
193408,9.15,0.4467,0.4733,0.05865,0.051629,0.0393,0.0649,0.0299,-0.0118,0.0047,0.0019,0.0001,0.04881967213114754,0.051463133640552994,0.05172677595628415,0.9437988590745827,0.8668964031875942,0.028,0.025599999999999998,0.0165,0.0,,0.01995691259676935,0.006501447164000001,,,,,,,,,-1.3968741863039449,,,-0.3443637133969726,0.0,,,,,0.061813145875930786,0.4514349400997162,0.7663072323337892,0.8385407260249232,0.24361833302725816,,0.0666516955265086,,,,,,0.493257611989975,,
193409,9.1,0.4475,0.4775,-0.000216,-0.003127,0.039599999999999996,0.06570000000000001,0.031,-0.0146,-0.0061,0.0021,0.0001,0.04917582417582418,0.04890710382513661,0.05247252747252747,0.93717277486911,0.8703643637149963,0.0289,0.026100000000000012,0.0085,0.014925373134328401,,0.01943902021534731,0.004830818599,,,,,,,,,-1.300533551133196,,,-0.4089353277664911,0.0,,,,,-0.003332671709358692,0.4759635925292969,0.7482264436981182,0.8351995665522847,0.24264763753705693,,0.06090488355923194,,,,,,0.47743484377861023,,
193410,8.81,0.4483,0.4817,-0.032663,-0.033732,0.039,0.064,0.03,0.0182,0.0102,0.0027,0.0001,0.05088535754824063,0.049263736263736264,0.05467650397275823,0.9306622379074112,0.8622536418166238,0.027299999999999998,0.025,-0.008,-0.007352941176470562,,0.02389725169094231,0.004358161046000002,,,,,,,,,-1.3085258267412185,,,-0.3695810345262478,0.0,,,,,0.02314366027712822,0.44231247901916504,0.7956051826778469,0.8430558063933539,0.24493008368969224,,0.05499241748886029,,,,,,0.3933675289154053,,
193411,9.54,0.4492,0.4858,0.086059,0.080682,0.038599999999999995,0.0637,0.0299,0.0037,0.0129,0.0025,0.0001,0.04708595387840671,0.05098751418842224,0.0509224318658281,0.9246603540551667,0.7820089372449971,0.0274,0.02510000000000001,0.0092,0.0,,0.020711046413607288,0.002025305206,,,,,,,,,-1.3870923745485777,,,-0.3634777071227544,-0.07570850202429158,,,,,0.03072553128004074,0.4853089153766632,0.7561541435357116,0.9295647462524833,0.2700632263819293,,0.06698672633378375,,,,,,0.3267473876476288,,
193412,9.5,0.45,0.49,-0.000681,-0.004415,0.0381,0.0623,0.0293,0.0112,0.0101,0.0023,0.0001,0.04736842105263158,0.04716981132075472,0.05157894736842105,0.9183673469387755,0.7737408688965782,0.027,0.0242,-0.0011000000000000003,-0.007407407407407418,,0.020812737540118705,0.002608945583,,,,,,,,,-1.4107475273795738,,,-0.30620520271120544,-0.10950503723171268,,,,,0.10891453176736832,0.486257404088974,0.7562765311021817,0.9394979230630306,0.2729490778392843,,0.07474832229468807,,,,,,0.29376012086868286,,
193501,9.1,0.45,0.57,-0.042368,-0.043755,0.0377,0.059800000000000006,0.0281,0.0182,0.0211,0.002,0.0001,0.049450549450549455,0.04736842105263158,0.06263736263736264,0.7894736842105264,0.7916215950437605,0.026099999999999998,0.02210000000000001,0.0029,0.014925373134328401,,0.02099744434528895,0.0022136038419999994,,,,,,,,,-1.3554383752564507,,,-0.23384410258980526,0.028037383177569986,,,,,-0.018327172845602036,0.4686528146266937,0.7544772225889235,0.918277045331407,0.26678384972584407,,0.07369948425133399,,,,,,0.2840518355369568,,
193502,8.74,0.45,0.65,-0.03684,-0.04266,0.0369,0.059500000000000004,0.0275,0.0092,0.0141,0.0019,0.0002,0.05148741418764302,0.049450549450549455,0.07437070938215103,0.6923076923076923,0.7862863840593867,0.0256,0.022600000000000002,0.0049,0.007352941176470562,,0.014708649662042047,0.003279981949,,,,,,,,,-1.3747104723384866,,,-0.22006880096673243,0.06842105263157916,,,,,0.08196450024843216,0.5222364068031311,0.8805924587253344,0.9553046561537744,0.2685940656400031,,0.0683803918183434,,,,,,0.32116883993148804,,
193503,8.47,0.45,0.73,-0.031454,-0.035324,0.036699999999999997,0.062,0.0274,0.0041,0.0043,0.0015,0.0001,0.053128689492325853,0.05148741418764302,0.08618654073199526,0.6164383561643836,0.8007541178805319,0.0259,0.025300000000000003,0.00019999999999999966,0.0,,0.01204595350268037,0.003972861679999999,,,,,,,,,-1.3283663584776884,,,-0.22922211801632386,0.016569637259292502,,,,,0.007325728889554739,0.5071983933448792,0.9607962500262219,0.9403751049734067,0.26439646352021406,,0.07171169796334048,,,,,,0.31262022256851196,,
193504,9.28,0.446667,0.756667,0.096493,0.095347,0.0366,0.0613,0.0269,0.0079,0.0112,0.0015,0.0001,0.048132219827586205,0.05273518299881936,0.08153739224137932,0.5903085505248676,0.7373229785290086,0.0254,0.0247,0.003299999999999999,0.007299270072992803,,0.019093670254948913,0.003162168495,,,,,,,,,-1.361729074386454,,,-0.25223549891190133,0.0,,,,,0.0526028573513031,0.4983099699020386,0.9462814408600185,0.9907667239974655,0.2871422200068211,,0.08216748828834597,,,,,,0.31299570202827454,,
193505,9.58,0.443333,0.783333,0.038135,0.033059,0.0365,0.0594,0.0276,-0.0057,0.0042,0.0015,0.0001,0.04627693110647181,0.047772952586206896,0.08176753653444675,0.5659572621094733,0.7293926247288504,0.026099999999999998,0.022900000000000004,0.009899999999999999,0.0,,0.019298047227853377,0.0028776616859999995,,,,,,,,,-1.3993957747314314,,,-0.2568129249980373,-0.022026431718061623,,,,,-0.02305072732269764,0.4776749908924103,0.8653773061527067,0.9471791798647375,0.29026418658341424,,0.07943897700253036,,,,,,0.2928955554962158,,
193506,10.23,0.44,0.81,0.070533,0.067124,0.0361,0.057699999999999994,0.027,0.0092,0.0112,0.0015,0.0001,0.04301075268817204,0.04592901878914405,0.07917888563049853,0.5432098765432098,0.6818181818181819,0.0255,0.021599999999999994,0.002,-0.007246376811594346,,0.019343998961493327,0.002810457541,,,,,,,,,-1.3331621740485664,,,-0.24752639611461902,-0.022522522522522626,,,,,0.07051098346710205,0.535557746887207,0.5162483788366199,0.9860046651116294,0.3105176168113965,,0.08922824057824907,,,,,,0.2898089289665222,,
193507,11.08,0.44,0.793333,0.083814,0.082471,0.0356,0.0567,0.0268,0.0046,0.0111,0.0015,0.0001,0.039711191335740074,0.04301075268817204,0.0716004512635379,0.554622081773984,0.6393091974966332,0.0253,0.0211,0.006500000000000001,0.0,,0.017409764874419798,0.001680048419,,,,,,,,,-1.333203476943384,,,-0.25209600333681115,-0.09677419354838712,,,,,0.02187516912817955,0.48164820671081543,0.3730942424491771,0.9973925410872314,0.33116457223810897,,0.08709721469687047,,,,,,0.26829567551612854,,
193508,11.32,0.44,0.776667,0.026569,0.022105,0.036000000000000004,0.0558,0.0281,-0.0133,-0.0042,0.0016,0.0001,0.038869257950530034,0.039711191335740074,0.0686101590106007,0.5665233620071408,0.6336866902237928,0.0265,0.019799999999999998,0.0091,0.0,,0.004981611951987954,0.0037749858980000005,,,,,,,,,-1.4797361863629204,,,-0.2206250812359154,-0.020408163265306145,,,,,0.010578983463346958,0.4572467803955078,0.38881859691536674,0.9872858361113264,0.3341028937219613,,0.09793225731113187,,,,,,0.2568894028663635,,
193509,11.59,0.44,0.76,0.025526,0.022175,0.0359,0.0553,0.0282,0.0009,0.0,0.002,0.0001,0.03796376186367558,0.038869257950530034,0.06557377049180328,0.5789473684210527,0.6117343844754397,0.0262,0.0194,-0.0009,0.0,,0.008026612218545877,0.002428823758,,,,,,,,,-1.4662800280001698,,,-0.1989788309287901,0.019791666666666652,,,,,-0.006213747430592775,0.48447149991989136,0.3463101889706705,0.9836701215420176,0.3460922947766088,,0.09213555855807168,,,,,,0.23391154408454895,,
193510,12.46,0.45,0.76,0.071803,0.070634,0.0352,0.0554,0.0279,0.0061,0.0042,0.002,0.0001,0.03611556982343499,0.03882657463330457,0.060995184590690206,0.5921052631578947,0.5775010734220696,0.0259,0.020199999999999996,-0.0019000000000000006,0.0,,0.002950724404547999,0.0032591933199999997,,,,,,,,,-1.5149389249778153,,,-0.17380945798065128,0.021450459652706755,,,,,-0.012244398705661297,0.4756740629673004,0.3888916160488423,0.992612587015201,0.36660807513707794,,0.08868999010270955,,,,,,0.26704758405685425,,
193511,12.95,0.46,0.76,0.051943,0.04562,0.0347,0.054299999999999994,0.028,0.001,0.0069,0.0016,0.0002,0.035521235521235525,0.03691813804173354,0.058687258687258693,0.6052631578947368,0.5669523675706056,0.0264,0.019599999999999992,0.0059,0.007299270072992803,,0.002219431911361465,0.003149682571,,,,,,,,,-1.6545482150623796,,,-0.15766454916120498,0.07899999999999996,,,,,0.059197016060352325,0.4846889078617096,0.32867416464373933,0.9589059552681218,0.3734291785817352,,0.10096858998795252,,,,,,0.27686601877212524,,
193512,13.43,0.47,0.76,0.039887,0.036744,0.0344,0.053,0.0276,0.007,0.0083,0.0015,0.0001,0.03499627699180938,0.036293436293436294,0.0565897244973939,0.6184210526315789,0.5599111912856449,0.026099999999999998,0.0186,0.0013,0.0,,0.008688819283902473,0.0028973664429999993,,,,,,,,,-1.6333661109921738,,,-0.14999184825574408,0.05189990732159422,,,,,0.11406081169843674,0.46533191204071045,0.47052625603927467,0.9709646995419025,0.3781252459532492,,0.10002709988555154,,,,,,0.27852320671081543,,
193601,14.31,0.48,0.77,0.071832,0.070187,0.0337,0.05,0.0285,0.0055,0.0082,0.002,0.0001,0.03354297693920335,0.035740878629932984,0.05380852550663871,0.6233766233766234,0.5398354404976922,0.026500000000000003,0.016300000000000002,0.002700000000000001,0.0,,0.00890773256289851,0.001867159052,,,,,,,,,-1.6999312144131933,,,-0.17086334535302394,0.01674008810572669,,,,,0.11105962842702866,0.40967798233032227,0.3648365310515476,1.0,0.3921872130545426,,0.12381792818981208,,,,,,0.24663111567497253,,
193602,14.55,0.49,0.78,0.022461,0.018857,0.0332,0.048,0.0281,0.0081,0.0054,0.002,0.0001,0.03367697594501718,0.034241788958770086,0.05360824742268041,0.6282051282051282,0.529076247295614,0.026099999999999998,0.0148,-0.0026999999999999993,0.0,,0.01376043919472626,0.002222593541,,,,,,,,,-1.6347071071349448,,,-0.2004123053802922,0.048526863084922045,,,,,0.03782779723405838,0.4002419710159302,0.44558125529506615,0.987696691057437,0.4001626570821418,,0.1027951559610352,,,,,,0.23291674256324768,,
193603,14.92,0.5,0.79,0.024029,0.021457,0.0329,0.048600000000000004,0.0275,0.0106,0.0082,0.002,0.0002,0.03351206434316354,0.034364261168384876,0.05294906166219839,0.6329113924050632,0.5276960470768837,0.025500000000000002,0.015700000000000006,-0.0023999999999999994,-0.007246376811594346,,0.013456033741225146,0.005004479815999999,,,,,,,,,-1.720555542414389,,,-0.19236911277055424,0.0,,,,,-0.0035542165860533714,0.40787458419799805,0.34071576543806414,0.9848188976377953,0.41015819712988955,,0.10528596971170157,,,,,,0.2798917293548584,,
193604,13.77,0.516667,0.82,-0.077588,-0.078356,0.0329,0.049100000000000005,0.0274,0.0035,0.0026,0.002,0.0002,0.03752120551924473,0.03462915549597855,0.05954974582425562,0.6300817073170732,0.5663485961419648,0.0254,0.016200000000000006,-0.0009000000000000002,0.0,,0.01925288091647991,0.005760772103000001,,,,,,,,,-1.704985440709232,,,-0.1362807337194416,0.0,,,,,-0.09140082448720932,0.4529895484447479,0.3443643626134846,0.8992530403111302,0.38216543799354613,,0.08295294173199746,,,,,,0.35954827070236206,,
193605,14.4,0.533333,0.85,0.053106,0.046971,0.0327,0.049400000000000006,0.0273,0.004,0.004,0.002,0.0002,0.03703701388888889,0.038731517792302106,0.059027777777777776,0.6274505882352941,0.5404874213836478,0.025300000000000003,0.016700000000000007,0.0,0.0,,0.01862758918768805,0.002907937903,,,,,,,,,-1.5660025636111905,,,-0.12138419867557015,0.0,,,,,0.005030718632042408,0.46533554792404175,0.36502055147450296,0.9422803876782516,0.40045124222787726,,0.07527228297291694,,,,,,0.3883427679538727,,
193606,14.84,0.55,0.88,0.032542,0.029509,0.032400000000000005,0.049,0.0273,0.0021,0.0082,0.002,0.0003,0.03706199460916442,0.03819444444444445,0.05929919137466307,0.625,0.5231783879764094,0.025300000000000003,0.016599999999999997,0.006100000000000001,0.007299270072992803,,0.02081343178823635,0.0015684950820000002,,,,,,,,,-1.4907113721115388,,,-0.10686799710149653,0.0,,,,,0.028208255767822266,0.4443606436252594,1.077996357269056,0.9734551515525649,0.41369992391846155,,0.06555362015845531,,,,,,0.36151739954948425,,
193607,15.85,0.57,0.9,0.073442,0.072356,0.0323,0.0484,0.0271,0.006,0.0011,0.0015,0.0001,0.03596214511041009,0.03840970350404312,0.056782334384858045,0.6333333333333333,0.5004246026931942,0.025599999999999998,0.016099999999999996,-0.0049,0.007246376811594235,,0.021747002217967857,0.0015685530470000006,,,,,,,,,-1.5463007365021744,,,-0.09270374845455676,0.012396694214876103,,,,,0.04197932034730911,0.4351462423801422,1.002130749402831,0.9871265193700978,0.4325104284177664,,0.062256888075443564,,,,,,0.25674042105674744,,
193608,15.99,0.59,0.92,0.014124,0.00893,0.0321,0.047400000000000005,0.0264,0.0111,0.0067,0.002,0.0002,0.03689806128830519,0.03722397476340694,0.05753595997498437,0.6413043478260869,0.49612123398881475,0.024399999999999998,0.015300000000000008,-0.0044,0.007194244604316502,,0.019666037703286975,0.0026195074359999996,,,,,,,,,-1.5527587315326004,,,-0.08251769083444715,0.0,,,,,-0.008053832687437534,0.4569748640060425,1.0054587767976928,0.983673469387755,0.43626203531232777,,0.056532107503759595,,,,,,0.2352139949798584,,
193609,16.01,0.61,0.94,0.004817,0.001617,0.0318,0.0462,0.0268,-0.0031,0.0067,0.0016,0.0001,0.038101186758276076,0.0381488430268918,0.058713304184884435,0.648936170212766,0.49159814086521275,0.0252,0.014399999999999996,0.0098,0.0,,0.021398484002879206,0.001183758701,,,,,,,,,-1.5236507949971443,,,-0.06894048639201777,0.0,,,,,0.009242675267159939,0.4068826138973236,0.9898194220970952,0.9897965202005307,0.4402759923393761,,0.05248604171085881,,,,,,0.24209247529506683,,
193610,17.21,0.646667,0.966667,0.076281,0.075272,0.0318,0.0454,0.0269,0.0006,0.0025,0.0013,0.0002,0.037575072632190586,0.040391442848219855,0.05616891342242882,0.6689656313911615,0.46570702794242164,0.0256,0.013600000000000001,0.0019000000000000002,0.0,,0.021804231980163426,0.0022244051480000003,,,,,,,,,-1.6182072887445167,,,-0.05921770029912965,0.0,,,,,0.023378407582640648,0.4398890435695648,0.9946113920132432,0.9984781873520461,0.46475325970039616,,0.050876889665215766,,,,,,0.2787094712257385,,
193611,17.28,0.683333,0.993333,0.010666,-0.000321,0.0315,0.0452,0.0257,0.0205,0.0109,0.0011,0.0001,0.03954473379629629,0.03970557815223707,0.05748454861111111,0.6879193583622008,0.45027835389149656,0.0246,0.013699999999999997,-0.009600000000000001,0.0,,0.02284075877588275,0.0028304003639999993,,,,,,,,,-1.8231002150462097,,,-0.035851002565741474,0.0,,,,,0.033976826816797256,0.4200369715690613,0.9268996129163155,0.9909140075716604,0.4806779127423459,,0.07071119915362896,,,,,,0.28678858280181885,,
193612,17.18,0.72,1.02,-0.00383,-0.007289,0.031,0.0453,0.0255,0.0038,0.001,0.0012,0.0,0.04190919674039581,0.041666666666666664,0.059371362048894066,0.7058823529411764,0.45858810450250137,0.0243,0.0143,-0.0028,0.0,,0.025224731938199022,0.001498374538,,,,,,,,,-1.7281284656036617,,,-0.00988843347515811,0.009795918367347056,,,,,0.07853075861930847,0.40222933888435364,0.9837908532710076,0.9729583558680368,0.4719678883437836,,0.07605813920189335,,,,,,0.2890634536743164,,
193701,17.83,0.73,1.05,0.036648,0.035916,0.031,0.0449,0.0258,-0.0013,0.0024,0.0017000000000000001,0.0001,0.04094223219293326,0.042491268917345754,0.058889512058328666,0.6952380952380952,0.44657356284507954,0.0241,0.013900000000000003,0.0036999999999999997,0.0071428571428571175,,0.025003246101196298,0.0015725492190000001,,,,,,,,,-1.746168157275716,,,-0.017735556203418046,0.038803556992724086,,,,,0.07187414169311523,0.3876110315322876,0.9616719414491457,0.9884430176565008,0.48466563475614555,,0.07880651017254424,,,,,,0.2598133385181427,,
193702,18.09,0.74,1.08,0.018483,0.01535,0.0322,0.0453,0.0253,0.0086,-0.0046,0.0015,0.0002,0.04090657822001106,0.04150308468872687,0.05970149253731344,0.6851851851851851,0.4407757653470108,0.023799999999999998,0.0131,-0.0132,0.0,,0.025207676110734944,0.0013067888959999998,,,,,,,,,-1.6929493893007685,,,-0.008942840846965172,0.0,,,,,0.04196150600910187,0.38836726546287537,0.9000324412378995,0.9836039728834935,0.49104074297557515,,0.07803103738724128,,,,,,0.2109910398721695,,
193703,17.92,0.75,1.11,-0.003511,-0.006242,0.0332,0.046799999999999994,0.0285,-0.0411,-0.0114,0.0038,0.0001,0.04185267857142857,0.04145936981757877,0.06194196428571429,0.6756756756756757,0.4586663805589829,0.0247,0.013599999999999994,0.029699999999999997,0.007092198581560183,,0.03350683140162753,0.0031144795049999996,,,,,,,,,-1.7023795659179264,,,0.009406220959291112,0.03891050583657596,,,,,0.039451710879802704,0.3755073547363281,0.8660200833483651,0.9588991769547325,0.48904688196867535,,0.08311060787686467,,,,,,0.22163842618465424,,
193704,16.43,0.78,1.13,-0.080646,-0.08149,0.0342,0.0484,0.0284,0.0039,0.0068,0.005600000000000001,0.0003,0.04747413268411443,0.04352678571428571,0.06877662811929397,0.6902654867256638,0.4906180065415734,0.0228,0.014199999999999997,0.0029,0.007042253521126751,,0.02810726486573064,0.005466779409,,,,,,,,,-1.762285260664671,,,0.004918711808510334,0.0,,,,,0.015049478970468044,0.3782665729522705,0.8490695903451027,0.8964506172839506,0.45719757588477583,,0.07641322442976697,,,,,,0.33725959062576294,,
193705,16.26,0.81,1.15,-0.005699,-0.011686,0.0333,0.0484,0.0282,0.0053,0.004,0.0040999999999999995,0.0006,0.04981549815498155,0.049300060864272674,0.07072570725707256,0.7043478260869567,0.4893824051284986,0.0241,0.015099999999999995,-0.0013,0.006993006993006867,,0.028278065886337182,0.0035930723120000006,,,0.0033983845,,,,,,-1.6342358751082893,,,0.003664393690416823,0.0,,,,,0.005378983914852142,0.4587516486644745,0.8627631920161267,0.8987139917695474,0.45835191646771783,,0.056169007770976026,,,,,,0.3740927577018738,,
193706,15.4,0.84,1.17,-0.053803,-0.057853,0.032799999999999996,0.0493,0.0285,-0.0018,0.0053,0.0036,0.0003,0.05454545454545454,0.051660516605166046,0.07597402597402597,0.717948717948718,0.5049610205527995,0.024900000000000002,0.0165,0.0071,0.0,,0.031266178204828514,0.0029841705610000003,,,0.0042059432,,,,,,-1.5574823079469573,,,-0.01377127428004643,0.04494382022471921,,,,,0.06593311578035355,0.4424576163291931,0.7553138472301901,0.8709876543209876,0.44421124432667836,,0.04781681972195214,,,,,,0.40205949544906616,,
193707,16.98,0.816667,1.18667,0.098991,0.098012,0.0325,0.049100000000000005,0.0277,0.0138,0.0039,0.0028000000000000004,0.0003,0.04809581861012956,0.053030324675324675,0.06988633686690222,0.6882005949421491,0.4646486603988914,0.0249,0.016600000000000004,-0.009899999999999999,0.00694444444444442,,0.027224915116480935,0.0029822171400000004,,,0.0036298634,,,,,,-1.5709728897267428,,,-0.011748084270129855,0.010752688172043001,,,,,0.11863763630390167,0.45576104521751404,0.7455244198057253,0.9465534979423867,0.48275047878899174,,0.045427081266502994,,,,,,0.3452048599720001,,
193708,16.04,0.793333,1.20333,-0.051183,-0.056291,0.032400000000000005,0.0492,0.0286,-0.0104,-0.0017,0.0029,0.0002,0.049459663341645886,0.04672161366313309,0.0750205735660848,0.659281327649107,0.4819345020010146,0.0257,0.016799999999999995,0.0087,0.0,,0.03106441088299882,0.0021407943970000003,,,0.0033254414,,,,,,-1.5169342044166985,,,-0.022718926557804497,0.0,,,,,0.011127209290862083,0.4365091919898987,0.775201411338648,0.9126028806584362,0.46543537004486185,,0.04153394430414218,,,,,,0.3192448616027832,,
193709,13.76,0.77,1.22,-0.13961,-0.143682,0.032799999999999996,0.0516,0.0284,0.0045,0.0025,0.0031,0.0004,0.0559593023255814,0.04800498753117207,0.08866279069767442,0.6311475409836066,0.5531474412887365,0.025300000000000003,0.018800000000000004,-0.0019999999999999996,0.006896551724137945,,0.03584672046812136,0.015821146422,,,0.0033385337,,,,,,-1.8161687673123352,,,-0.06029329245995152,-0.07801418439716301,,,,,0.0006398591795004904,0.40537193417549133,0.8240113966910096,0.7951131687242797,0.40551459978487286,,0.041231489331564765,,,,,,0.4615774154663086,,
193710,12.36,0.78,1.19,-0.102722,-0.103703,0.0327,0.0552,0.0283,0.0042,0.0067,0.002,0.0002,0.06310679611650485,0.05668604651162791,0.09627831715210355,0.6554621848739496,0.6174176776429809,0.026299999999999997,0.0225,0.0025000000000000005,0.0,,0.04095857468266114,0.031722240730000004,,,0.0036049556,,,,,,-1.8448301159253175,,,-0.1417173858429317,-0.07192307692307698,,,,,0.09555324912071228,0.3917217254638672,0.8695410752553022,0.7123456790123456,0.36330246346774403,,0.04206772395750455,,,,,,0.5447942614555359,,
193711,11.11,0.79,1.16,-0.084289,-0.100254,0.032400000000000005,0.0582,0.0278,0.0096,0.0067,0.0009,0.0002,0.07110711071107112,0.063915857605178,0.10441044104410441,0.6810344827586208,0.6924198250728862,0.026899999999999997,0.025799999999999997,-0.002899999999999999,-0.006849315068493178,,0.04203079546053705,0.021973391515999998,,,0.0027108586,,,,,,-1.7583051982194116,,,-0.2495279394659513,-0.026108578532946458,,,,,0.06148505583405495,0.3739054203033447,0.9076224536599252,0.6351851851851852,0.3239499435947215,,0.04824673645235175,,,,,,0.559764564037323,,
193712,10.55,0.8,1.13,-0.045828,-0.053019,0.0321,0.057300000000000004,0.0273,0.0082,0.0067,0.0011,0.0,0.07582938388625593,0.07200720072007201,0.10710900473933647,0.7079646017699116,0.7074886222589988,0.0262,0.025200000000000007,-0.0015000000000000005,-0.006896551724137945,,0.03177538040255705,0.006954962504999999,,,0.0028331217,,,,,,-1.5413807137427011,,,-0.34687738998146456,-0.06382978723404253,,,,,0.01786787249147892,0.4517497718334198,0.915140444057992,0.621656378600823,0.3170501351103182,,0.05413958892441741,,,,,,0.5400184988975525,,
193801,10.69,0.793333,1.07667,0.012163,0.011096,0.0317,0.058899999999999994,0.0271,0.0057,0.0038,0.001,0.0,0.07421262862488306,0.07519744075829383,0.1007174929840973,0.7368395144287478,0.7015672437843603,0.026099999999999998,0.027199999999999995,-0.0019000000000000002,-0.01388888888888895,,0.03880172056385161,0.009751241304,,,0.0027731382,,,,,,-1.5738450353235107,,,-0.3736957662827374,0.0,,,,,0.07756892591714859,0.44244441390037537,0.9326511096171622,0.62690329218107,0.31972610646168376,,0.0577966201585089,,,,,,0.48359131813049316,,
193802,11.34,0.786667,1.02333,0.065757,0.061131,0.032,0.059699999999999996,0.0268,0.0052,0.001,0.0008,0.0,0.069370987654321,0.073589055191768,0.09024074074074075,0.768732471441275,0.6595186670780624,0.026000000000000002,0.027699999999999995,-0.0042,-0.007042253521126751,,0.0322477877000219,0.007772490742000002,,,0.002129031,,,,,,-1.4651256565853512,,,-0.3872427491267887,0.0,,,,,-0.04721427336335182,0.45172473788261414,0.9316970896534351,0.666872427983539,0.3401107117559094,,0.056170881682225546,,,,,,0.4324028789997101,,
193803,8.5,0.78,0.97,-0.254106,-0.257951,0.0322,0.063,0.0273,-0.0037,-0.0087,0.0008,-0.0001,0.09176470588235294,0.0687830687830688,0.11411764705882353,0.8041237113402062,0.8923698837796866,0.026500000000000003,0.0308,-0.004999999999999999,0.0,,0.033845251931690454,0.015067942033,,,0.0029648264,,,,,,-1.4834153304166837,,,-0.3916872545258778,-0.054545454545454564,,,,,-0.06806564331054688,0.4621826112270355,1.05494954866201,0.5226048378578219,0.25959545609570533,,0.055975994781204644,,,,,,0.48920461535453796,,
193804,9.7,0.766667,0.903333,0.142667,0.140966,0.033,0.0647,0.0259,0.021,0.0138,0.0009,0.0001,0.07903783505154639,0.09019611764705882,0.09312711340206187,0.8487091692653761,0.7907934802077736,0.024999999999999998,0.03169999999999999,-0.0072000000000000015,0.007092198581560183,,0.0271608584792689,0.018892724741,,,0.0041609632,,,,,,-1.566715829698651,,,-0.4145598958704646,-0.014423076923077094,,,,,0.07897254079580307,0.4213879704475403,1.091369590087724,0.5897327558888771,0.29294015793477973,,0.05917703281268605,,,,,,0.5327628254890442,,
193805,9.27,0.753333,0.836667,-0.039973,-0.046036,0.0322,0.060599999999999994,0.0257,0.0044,0.001,0.0005,0.0,0.08126569579288026,0.07766319587628867,0.09025533980582526,0.9003976492439645,0.8195656209392983,0.0252,0.028399999999999995,-0.0034000000000000002,-0.007042253521126751,,0.029977314191590883,0.007651433958999999,,,0.0052741344,,,,,,-1.3195650204585303,,,-0.4425204996671255,0.0,,,,,0.09780802577733994,0.45056167244911194,1.0704980722661137,0.569029259533115,0.2826560327412965,,0.059195613354178625,,,,,,0.5074667930603027,,
193806,11.56,0.74,0.77,0.253519,0.249304,0.0326,0.0625,0.0259,0.0004,0.0095,0.0005,0.0,0.06401384083044982,0.07982740021574973,0.06660899653979238,0.961038961038961,0.6595458619659397,0.0254,0.029900000000000003,0.0091,0.0,,0.0167445518131786,0.011809308759999996,,,0.0060859031,,,,,,-1.3890126710936457,,,-0.43748420906352026,-0.09121951219512192,,,,,0.10441752523183823,0.45537132024765015,0.45524823716281154,0.707087778599345,0.35123435737335046,,0.06445587875419936,,,,,,0.49137142300605774,,
193807,12.4,0.713333,0.72,0.074738,0.073872,0.0322,0.056299999999999996,0.0257,0.0043,0.0066,0.0007000000000000001,-0.0001,0.05752685483870967,0.061707006920415225,0.058064516129032254,0.9907402777777778,0.6253541076487252,0.025,0.024099999999999996,0.0023,0.0,,0.0170555177994527,0.006829875557999999,,,0.0056852727,,,,,,-1.627619592557722,,,-0.3868414127949489,-0.033816425120772875,,,,,0.0074311248026788235,0.46505770087242126,0.34635237710490907,0.7457483891412273,0.37043838707138543,,0.06718255782936866,,,,,,0.4403477907180786,,
193808,12.06,0.686667,0.67,-0.025901,-0.029465,0.0318,0.054900000000000004,0.0259,0.0,-0.0019,0.0006,0.0,0.05693756218905473,0.055376370967741936,0.05555555555555556,1.024876119402985,0.6340202484382853,0.0253,0.023100000000000002,-0.0019,0.0,,0.01430828427507439,0.005981568384000001,,,0.0053420437,,,,,,-1.4954987638392312,,,-0.33908567581508775,0.0,,,,,-0.015270976349711418,0.4973525106906891,0.39030256954736503,0.8046568061012249,0.36537502951438994,,0.06876323372632942,,,,,,0.4617402255535126,,
193809,12.24,0.66,0.62,0.016932,0.013867,0.0321,0.0565,0.0259,0.0022,0.0109,0.0008,0.0002,0.05392156862745098,0.05472636815920398,0.05065359477124183,1.0645161290322582,0.6242488511841641,0.0251,0.024400000000000005,0.0087,0.0,,0.011896170400376894,0.017046706359,,,0.0061280147,,,,,,-1.6769952256996017,,,-0.3142759854433612,-0.06666666666666676,,,,,0.071999691426754,0.4336601793766022,0.4280774352167278,0.9191630385340178,0.37109426240260246,,0.053976563326258435,,,,,,0.5121496319770813,,
193810,13.17,0.61,0.626667,0.07896,0.0782,0.0315,0.0536,0.0254,0.0087,0.008,0.0005,0.0001,0.0463173880030372,0.04983660130718954,0.047582915717539864,0.9734037375512035,0.5819547881104594,0.0249,0.0221,-0.0006999999999999992,-0.007092198581560294,,0.007932577932910207,0.004404430382000001,,,0.0056028459,,,,,,-1.5800012219961612,,,-0.2942965161403721,0.0,,,,,0.06892208009958267,0.4689706265926361,0.6142507705580044,0.9841733151715639,0.39806385602224725,,0.057154033013892686,,,,,,0.4953506886959076,,
193811,12.73,0.56,0.633333,-0.026207,-0.032784,0.031,0.052300000000000006,0.0257,-0.0022,0.0037,0.0004,-0.0006,0.04399057344854674,0.042520880789673504,0.04975121759622938,0.8842109916899956,0.5893739153651048,0.0253,0.021300000000000006,0.005900000000000001,0.0,,0.008535286717996096,0.004644167815,,,0.0051181861,,,,,,-1.561260628603261,,,-0.25934563702841373,0.0,,,,,0.0601094588637352,0.486850380897522,0.6177023456720953,0.9477479757085019,0.39305296849174903,,0.06421137532075008,,,,,,0.4926977753639221,,
193812,13.21,0.51,0.64,0.04481,0.041538,0.0308,0.0527,0.0252,0.008,0.0122,0.0003,0.0,0.03860711582134746,0.04006284367635506,0.04844814534443603,0.796875,0.5720393884426016,0.0249,0.021899999999999996,0.004200000000000001,0.0,,0.005721709589939342,0.0022909395440000005,,,0.0041669638,,,,,,-1.5186206843751007,,,-0.2522359980238922,0.0,,,,,0.08309392631053925,0.5490148663520813,0.6650368100139064,0.9764676113360324,0.4049636645066506,,0.07184967200346735,,,,,,0.3404434323310852,,
193901,12.3,0.513333,0.663333,-0.070506,-0.071314,0.0301,0.0512,0.0249,0.0059,0.0022,0.0003,-0.0001,0.04173439024390244,0.03885942467827404,0.053929512195121945,0.7738692331001172,0.614218141346689,0.024599999999999997,0.021100000000000004,-0.0036999999999999997,0.0,,-0.003601381574136223,0.007295496134,,,0.0043106526,,,,,,-1.5570202883476072,,,-0.2566414091032616,0.028571428571428692,,,,,0.03120303526520729,0.4969742000102997,0.6816236158331365,0.9094129554655869,0.37715455046304797,,0.05773465682264489,,,,,,0.4157242774963379,,
193902,12.7,0.516667,0.686667,0.039292,0.034357,0.03,0.050499999999999996,0.0245,0.008,0.0064,0.0003,0.0001,0.04068244094488189,0.04200544715447154,0.05406826771653544,0.7524273046469394,0.5994568906992531,0.0242,0.020499999999999997,-0.0015999999999999999,-0.0071428571428571175,,0.0006149397789316292,0.003291643903,,,0.0026295286,,,,,,-1.4210202923470425,,,-0.2534319758830723,0.08796296296296302,,,,,0.020949745550751686,0.4841691851615906,0.7002139126670139,0.9318066801619433,0.38644174515308133,,0.04699139588669354,,,,,,0.4118174612522125,,
193903,10.98,0.52,0.71,-0.134821,-0.138171,0.029900000000000003,0.0489,0.0237,0.0125,0.0022,0.0003,-0.0001,0.04735883424408015,0.040944881889763786,0.06466302367941712,0.7323943661971831,0.6606492718446602,0.023399999999999997,0.018999999999999996,-0.0103,0.0,,-0.0012607035634692927,0.008538703145,,,0.002714895,,,,,,-1.5072411343119099,,,-0.2540527202917453,0.06382978723404253,,,,,-0.1590191274881363,0.48098549246788025,0.7317642971598821,0.8340080971659919,0.3458824146706194,,0.0484816548660571,,,,,,0.49223601818084717,,
193904,10.92,0.523333,0.726667,-0.006611,-0.007842,0.0302,0.051500000000000004,0.0229,0.0118,0.0064,0.0003,0.0,0.0479242673992674,0.04766238615664845,0.06654459706959706,0.7201826971639005,0.678454587942047,0.0226,0.021300000000000003,-0.005399999999999999,-0.007194244604316502,,-0.0018832155395824713,0.009203292291,,,0.0041232361,,,,,,-1.492363103642124,,,-0.262223250881952,0.0,,,,,-0.023055871948599815,0.4655282199382782,0.7231979646519304,0.8121204453441294,0.3368051000865755,,0.04583248276144912,,,,,,0.49055689573287964,,
193905,11.6,0.526667,0.743333,0.069557,0.06346,0.0297,0.0507,0.0217,0.0171,0.0049,0.0003,0.0001,0.045402327586206895,0.048229578754578756,0.06408043103448276,0.7085209455250877,0.6303372412794904,0.0214,0.021,-0.0122,0.0,,-0.0023543227998814227,0.0035590914929999992,,,0.0036146113,,,,,,-1.3261347199789282,,,-0.27041831112077763,0.0,,,,,0.018031790852546692,0.5110211968421936,0.7466333724842164,0.8741143724696356,0.3625154130702836,,0.04636644701722629,,,,,,0.4886819124221802,,
193906,10.86,0.53,0.76,-0.06181,-0.065748,0.0292,0.049100000000000005,0.0221,-0.0027,0.0035,0.0003,0.0001,0.04880294659300185,0.045689655172413794,0.06998158379373849,0.6973684210526316,0.666768736124933,0.0218,0.019900000000000004,0.006200000000000001,0.0,,-8.636619263538675e-05,0.003202342791,,,0.004162359,,,,,,-1.2881627728304577,,,-0.2522418933257391,0.0,,,,,-0.1140119805932045,0.524496853351593,0.47910181519362155,0.8263537449392712,0.3427079780675289,,0.03918249710109938,,,,,,0.43038493394851685,,
193907,12.04,0.54,0.776667,0.11131,0.110355,0.028900000000000002,0.0484,0.0213,0.0113,-0.0007,0.0004,0.0,0.04485049833887044,0.04972375690607735,0.06450722591362126,0.6952786715542183,0.6079854809437386,0.0209,0.019499999999999997,-0.011999999999999999,0.0,,-0.0015621709785031655,0.004304609179000001,,,0.0036497651,,,,,,-1.3686171029691965,,,-0.2273204125525612,0.0,,,,,0.08184798806905746,0.5311832427978516,0.4608660934694871,0.9062499999999999,0.37584279980061386,,0.04879995610900002,,,,,,0.3774477541446686,,
193908,11.18,0.55,0.793333,-0.067551,-0.073025,0.029300000000000003,0.048499999999999995,0.0231,-0.0201,-0.0392,0.0005,-0.0001,0.049194991055456175,0.045681063122923596,0.07096001788908765,0.69327760221748,0.6480172606204895,0.0226,0.01919999999999999,-0.0191,0.0,,-0.0030065372091632615,0.007137243130000001,,,0.0076878347,,,,,,-1.4557817606538743,,,-0.217362582660666,0.0,,,,,0.013078014366328716,0.507584273815155,0.506725523798447,0.8502656882591092,0.35262481307553056,,0.04921244533170113,,,,,,0.43523696064949036,,
193909,13.02,0.56,0.81,0.181167,0.177572,0.0325,0.05,0.0278,-0.0545,0.0151,0.0014000000000000002,0.0001,0.043010752688172046,0.050089445438282656,0.062211981566820285,0.6913580246913581,0.5800479488545551,0.0264,0.0175,0.0696,0.021739130434782483,,-0.0021095413150199714,0.015683907085,,,0.0070891874,,,,,,-1.7588627400727932,,,-0.16299364362621072,0.0,,,,,0.21074073016643524,0.4362950325012207,0.42972087327187375,0.9498987854251011,0.3939449589422042,,0.1256682721920545,,,,,,0.4188367426395416,,
193910,12.83,0.58,0.84,-0.016887,-0.01764,0.0315,0.048799999999999996,0.0247,0.041,0.0237,0.0005,0.0,0.04520654715510522,0.0445468509984639,0.06547155105222136,0.6904761904761905,0.5734790624176982,0.0242,0.017299999999999996,-0.017300000000000003,-0.007092198581560294,,-0.0018527861460703719,0.0018467448110000002,,,0.0065611953,,,,,,-1.4654103919175012,,,-0.1182556787415936,0.10000000000000009,,,,,0.09385477751493454,0.4693937301635742,0.45762996691534913,0.9607793522267205,0.3984573812209775,,0.12317003131531232,,,,,,0.4005684554576874,,
193911,12.2,0.6,0.87,-0.040532,-0.051142,0.03,0.048499999999999995,0.0236,0.0162,0.0079,0.0005,0.0,0.04918032786885246,0.04676539360872954,0.07131147540983607,0.689655172413793,0.5978447388290205,0.0231,0.018499999999999996,-0.008299999999999998,0.0,,-0.001699150361181597,0.001284237624,,,0.006625116,,,,,,-1.4371324471380378,,,-0.09738635455546962,0.09090909090909083,,,,,-0.02949749119579792,0.5172092318534851,0.45508371383325774,0.9343894304771678,0.3822179080200435,,0.12739749060158015,,,,,,0.33724966645240784,,
193912,12.49,0.62,0.9,0.028177,0.023143,0.0294,0.0492,0.0226,0.0145,0.0078,0.0004,0.0,0.049639711769415534,0.05081967213114754,0.07205764611689351,0.6888888888888889,0.5807053803586905,0.022199999999999998,0.0198,-0.006700000000000001,0.0,,0.0025507915192535,0.0010730021270000003,,,0.0060740339,,,,,,-1.3667033643166555,,,-0.10174876188314785,0.04166666666666674,,,,,0.08712714165449142,0.5428000092506409,0.35493054126891554,0.9619676757311443,0.3934989637169767,,0.05485563970241503,,,,,,0.25035837292671204,,
194001,12.05,0.623333,0.93,-0.035927,-0.0368,0.0288,0.048600000000000004,0.0229,-0.0017,0.0049,0.0001,0.0,0.051728879668049794,0.04990656525220176,0.07717842323651453,0.6702505376344086,0.5993256726071698,0.0228,0.019800000000000005,0.0066,-0.0071428571428571175,,0.0077727262472439,0.001478045612,,,0.0056097591,,,,,,-1.3444698473120462,,,-0.11864547766721101,0.10000000000000009,,,,,0.029348162934184074,0.5520194172859192,0.3770366261355354,0.9320805541303234,0.381273447543091,,0.050204300702569725,,,,,,0.24808157980442047,,
194002,12.13,0.626667,0.96,0.013139,0.006917,0.0286,0.0483,0.0228,0.0027,0.0021,0.0002,0.0,0.05166257213520197,0.0520055601659751,0.07914262159934048,0.652778125,0.5943769619216596,0.022600000000000002,0.019700000000000002,-0.0006000000000000003,0.007194244604316502,,0.004840256688759386,0.000489505836,,,0.0054170362,,,,,,-1.305165465656012,,,-0.15505718337763597,0.0,,,,,0.02560030110180378,0.5371916890144348,0.3204992556805252,0.9398409440738841,0.3844478841461815,,0.0491042239028951,,,,,,0.22707337141036987,,
194003,12.25,0.63,0.99,0.013561,0.010518,0.028399999999999998,0.048,0.0215,0.0177,0.0049,0.0002,0.0,0.05142857142857143,0.05193734542456718,0.08081632653061224,0.6363636363636364,0.6479598752880574,0.0213,0.019600000000000003,-0.0128,0.0,,0.0056787129288943606,0.000709111766,,,0.0050460313,,,,,,-1.3408455866726452,,,-0.18246180480511187,0.0,,,,,0.006601566914469004,0.5245407223701477,0.2829069389966778,0.9462544894817856,0.38707138547104963,,0.044738297585173586,,,,,,0.21987459063529968,,
194004,12.19,0.636667,1.00667,-0.004478,-0.006231,0.0282,0.047400000000000005,0.022,-0.0035,-0.0092,0.0002,0.0,0.05222863002461034,0.05197281632653061,0.08258162428219852,0.6324485680510992,0.6440746479822138,0.0218,0.019200000000000005,-0.0057,0.0,,0.005848682496604759,0.0011922769959999998,,,0.0028240977,,,,,,-1.4208880840082516,,,-0.16701395697979615,0.0,,,,,0.02592749334871769,0.49464625120162964,0.24292296886854284,0.951962544894818,0.38940630165018236,,0.054920199457744893,,,,,,0.17577552795410156,,
194005,9.27,0.643333,1.02333,-0.23148,-0.239765,0.029300000000000003,0.049400000000000006,0.0246,-0.0299,-0.0021,0.0006,-0.0002,0.06939946062567423,0.05277547169811321,0.11039158576051782,0.6286662171538018,0.8225778695577353,0.024,0.020100000000000003,0.0278,0.0,,0.0066101920482883976,0.018668567642,,,0.0031368279,,,,,,-1.6478990761737444,,,-0.14236303881086343,-0.022545454545454535,,,,,-0.1830373853445053,0.4404354393482208,0.34467110386148747,0.745382247306311,0.3049033239761786,,0.05829540325985065,,,,,,0.5216108560562134,,
194006,9.98,0.65,1.04,0.083035,0.078208,0.0296,0.051100000000000007,0.0227,0.0258,0.0121,0.001,0.0,0.06513026052104208,0.07011866235167206,0.10420841683366733,0.625,0.7832213665410453,0.0217,0.021500000000000005,-0.0137,0.0071428571428571175,,0.0063698034431256744,0.009797017356000002,,,0.0035129471,,,,,,-1.4631857037747424,,,-0.11545815209472687,-0.11644345238095244,,,,,0.11490754038095474,0.45121169090270996,0.7840134841552842,0.7828373524884557,0.32022457171340873,,0.06044618388844044,,,,,,0.5263627767562866,,
194007,10.29,0.656667,1.05333,0.03309,0.031914,0.0288,0.048,0.0224,0.0052,0.0021,0.0005,0.0001,0.06381603498542275,0.06579829659318637,0.10236443148688049,0.623420010822819,0.7578880608847312,0.0219,0.019200000000000002,-0.0031,-0.007092198581560294,,0.008109168420088738,0.001323675414,,,0.003341704,,,,,,-1.162775731372446,,,-0.10755041388292375,-0.11578947368421044,,,,,0.15550139546394348,0.5054579377174377,0.7951090594461285,0.8090046177526937,0.3309284571188708,,0.048535917139064105,,,,,,0.5214862823486328,,
194008,10.56,0.663333,1.06667,0.035421,0.026631,0.0285,0.047599999999999996,0.0223,0.0028,0.0007,0.0004,-0.0001,0.06281562499999999,0.06446384839650146,0.10101041666666666,0.6218727441476745,0.7417752948479205,0.0219,0.019099999999999995,-0.0021,0.0,,0.009086479493243364,0.0035608428109999996,,,0.0035358124,,,,,,-1.2022290852779305,,,-0.105827127692812,-0.04761904761904767,,,,,-0.05901668965816498,0.5118384957313538,0.7790444428290044,0.8265777321703438,0.3381168507490096,,0.04017396531319803,,,,,,0.4141736924648285,,
194009,10.66,0.67,1.08,0.014221,0.010096,0.0282,0.0466,0.0215,0.011,0.0092,0.0005,0.0,0.06285178236397748,0.0634469696969697,0.10131332082551596,0.6203703703703703,0.7207478890229192,0.020999999999999998,0.018400000000000003,-0.0017999999999999995,0.0,,0.009646945720901958,0.0029438369340000006,,,0.0044783699,,,,,,-1.3570367302944475,,,-0.08922600017750648,-0.07499999999999996,,,,,0.030376508831977844,0.493182897567749,0.6982977168874768,0.8531000771803448,0.3479812157305139,,0.04397139066569958,,,,,,0.33333948254585266,,
194010,11.08,0.67,1.07,0.041468,0.04018,0.0279,0.045599999999999995,0.0214,0.0031,0.0049,0.0002,0.0,0.06046931407942239,0.06285178236397748,0.09657039711191336,0.6261682242990654,0.710199836564891,0.0212,0.017699999999999994,0.0018,0.0,,0.009414831061085305,0.0014650609,,,0.004567586,,,,,,-1.2857923086998317,,,-0.07886882965772468,0.0,,,,,0.03644147887825966,0.5261082053184509,0.8217375851970284,0.880955497382199,0.35314951334050426,,0.05364159596596725,,,,,,0.34487465023994446,,
194011,10.61,0.67,1.06,-0.029431,-0.042997,0.0275,0.044800000000000006,0.0199,0.0205,0.0063,0.0002,0.0,0.06314797360980208,0.06046931407942239,0.09990574929311971,0.6320754716981132,0.7352149503960624,0.019700000000000002,0.017300000000000006,-0.0142,0.0,,0.010157662324759528,0.005914211049,,,0.0040822286,,,,,,-1.4827559527280283,,,-0.06012391252199212,0.06108108108108112,,,,,0.14704209566116333,0.5219777822494507,0.8419772200273465,0.8509816753926701,0.341133877272608,,0.05709194310224096,,,,,,0.3752893805503845,,
194012,10.58,0.67,1.05,0.002927,-0.00249,0.0271,0.044500000000000005,0.0194,0.0067,-0.0023,0.0002,0.0,0.06332703213610587,0.06314797360980208,0.09924385633270322,0.6380952380952382,0.7290475101044764,0.019200000000000002,0.017400000000000006,-0.009000000000000001,0.0071428571428571175,,0.012589203903412798,0.0005078424350000001,,,0.0042619728,,,,,,-1.3188575879477216,,,-0.03082603114590121,0.06469689251146193,,,,,0.030473053455352783,0.5621962547302246,0.9119742566135757,0.8581806282722512,0.344019728729963,,0.05159798237828546,,,,,,0.3190784454345703,,
194101,10.07,0.673333,1.05333,-0.045555,-0.046847,0.0275,0.0438,0.0213,-0.0201,0.0006,0.0002,-0.0001,0.06686524329692155,0.06364206049149337,0.10460079443892752,0.6392422127918125,0.7701603157979537,0.0211,0.0163,0.0207,0.0,,0.010853403743739429,0.0018551122819999999,,,0.0036273185,,,,,,-1.3215929121376215,,,-0.010651381091697498,0.04688995215311009,,,,,-0.06772444397211075,0.5756771564483643,0.849972000686329,0.8204772291625355,0.3256552194558858,,0.04304588033646408,,,,,,0.32719841599464417,,
194102,9.92,0.676667,1.05667,-0.004729,-0.01257,0.0278,0.044199999999999996,0.0213,0.002,0.0006,0.0004,-0.0001,0.06821239919354839,0.06719632571996027,0.10651915322580645,0.6403768442370844,0.783799294908584,0.0209,0.016399999999999998,-0.0014000000000000002,0.0,,0.010770242010312384,0.0027518139709999997,,,0.0020135897,,,,,,-1.3015656779646385,,,0.014181922143621684,0.051188299817184424,,,,,-0.030099038034677505,0.48290732502937317,0.8208055445039737,0.8062000132196444,0.3199884565941706,,0.04167316113318263,,,,,,0.2798095643520355,,
194103,9.96,0.68,1.06,0.008872,0.004173,0.027999999999999997,0.0438,0.0206,0.0096,-0.0022,0.0011,0.0001,0.06827309236947791,0.0685483870967742,0.10642570281124497,0.6415094339622641,0.8042698826597132,0.0195,0.0158,-0.0118,0.007092198581560183,,0.010060588858539622,0.0013646263550000002,,,0.0018550226,,,,,,-1.2068221889378898,,,0.04073560894746597,0.0,,,,,0.0671081691980362,0.5616946816444397,0.8478449523926702,0.8111573798664816,0.3219560825878217,,0.03944274464312564,,,,,,0.3017517328262329,,
194104,9.31,0.683333,1.07,-0.062152,-0.063463,0.0282,0.0433,0.0196,0.0129,0.0078,0.001,-0.0001,0.07339774436090225,0.06860773092369477,0.11493018259935553,0.6386289719626168,0.8542496105244937,0.0186,0.015099999999999999,-0.0051,0.007042253521126751,,0.010481527487797798,0.001767100741,,,0.0015840247,,,,,,-1.2571303382709351,,,0.03896161104594187,0.008695652173912993,,,,,-0.03247246518731117,0.5413835644721985,0.8221197238976999,0.7797799824525884,0.3031193430752683,,0.04006428785861199,,,,,,0.29931285977363586,,
194105,9.35,0.686667,1.08,0.013184,0.00214,0.0281,0.0432,0.0195,0.0027,0.0049,0.0011,0.0,0.07344032085561499,0.07375585392051558,0.11550802139037435,0.6358027777777777,0.8491783532650778,0.0184,0.015100000000000002,0.0021999999999999997,0.006993006993006867,,0.00992360976563472,0.0015744619400000002,,,0.0023032693,,,,,,-1.1756953151382115,,,0.0791178343699257,0.05086206896551748,,,,,0.035426270216703415,0.5227808952331543,0.7425539737292838,0.8437749546279492,0.3049295589894273,,0.04100816911383378,,,,,,0.22849948704242706,,
194106,9.85,0.69,1.09,0.058851,0.052486,0.0277,0.0431,0.0191,0.0066,0.0063,0.0012,0.0,0.07005076142131979,0.07379679144385026,0.11065989847715738,0.6330275229357797,0.8015267175572519,0.0179,0.0154,-0.0002999999999999999,0.02083333333333326,,0.008967500339013421,0.0011809090570000004,,,0.0022238989,,,,,,-1.2130836236623983,,,0.08204759360480018,0.06644790812141088,,,,,0.053134407848119736,0.5258069634437561,0.5611896597967199,0.8939382940108893,0.32305795314426633,,0.04404990227658477,,,,,,0.23793964087963104,,
194107,10.39,0.693333,1.12333,0.057106,0.055619,0.0274,0.042800000000000005,0.0191,0.0022,0.0063,0.0012,0.0003,0.06673079884504331,0.07038913705583756,0.10811645813282,0.6172122172469354,0.7663638481248545,0.0179,0.015400000000000004,0.0040999999999999995,0.0,,0.00902985721474104,0.0012129738950000001,,,0.002343917,,,,,,-1.323380252039515,,,0.08967522336543787,-0.03846153846153855,,,,,0.025403326377272606,0.5484374761581421,0.5205666360450842,0.9349546279491833,0.33788073562977144,,0.062114563438081014,,,,,,0.1975613534450531,,
194108,10.3,0.696667,1.15667,-0.001113,-0.009736,0.0274,0.042699999999999995,0.019,0.0018,0.0034,0.0013,0.0001,0.06763757281553398,0.0670516843118383,0.11229805825242718,0.6023040279422825,0.7745428862905124,0.0177,0.015299999999999994,0.0015999999999999999,0.013605442176870763,,0.010725019918544678,0.0005131797600000001,,,0.0020067334,,,,,,-1.2160983328826576,,,0.09717514471759436,0.0,,,,,0.010529729537665844,0.5414544939994812,0.5382072508391943,0.9250816696914701,0.33431277382795077,,0.06157727725599369,,,,,,0.18351756036281586,,
194109,10.2,0.7,1.19,-0.007351,-0.011499,0.0275,0.043,0.0193,-0.0012,0.0048,0.001,0.0001,0.06862745098039216,0.06796116504854369,0.11666666666666667,0.5882352941176471,0.7782684119224098,0.0183,0.015499999999999996,0.005999999999999999,0.01342281879194629,,0.010283855165837075,0.00097544165,,,0.0026685511,,,,,,-1.2722334412305716,,,0.09289483546132749,0.0,,,,,0.012396984733641148,0.5207826495170593,0.5178914138610109,0.9206533575317604,0.3327124380197812,,0.0600976459199967,,,,,,0.1799720823764801,,
194110,9.5,0.703333,1.18,-0.064602,-0.065955,0.0273,0.042800000000000005,0.0182,0.014,0.0034,0.0009,0.0,0.07403505263157895,0.06895421568627451,0.12421052631578947,0.5960449152542373,0.8377185537260228,0.0173,0.015500000000000003,-0.0106,0.013245033112582849,,0.011687233086375651,0.0013100964719999998,,,0.001620696,,,,,,-1.2852887312621855,,,0.09794160446299927,0.0,,,,,-0.04296489432454109,0.5190717577934265,0.487874628241227,0.8553176043557168,0.3091009260959676,,0.0453281325810312,,,,,,0.21367718279361725,,
194111,9.1,0.706667,1.17,-0.024916,-0.042107,0.027200000000000002,0.042800000000000005,0.0186,-0.0029,-0.0094,0.0028000000000000004,0.0,0.0776557142857143,0.07438600000000001,0.12857142857142856,0.603988888888889,0.8608058608058609,0.015799999999999998,0.015600000000000003,-0.006500000000000001,0.006535947712418277,,0.010364628619721619,0.0012858980540000002,,,0.0020676588,,,,,,-1.2839347109364634,,,0.09829401593328724,0.0,,,,,-0.03165414556860924,0.590928852558136,0.4862545671506127,0.858297776779699,0.30081066190938427,,0.04526474722129241,,,,,,0.23579898476600647,,
194112,8.69,0.71,1.16,-0.038843,-0.046205,0.027999999999999997,0.0438,0.0204,-0.0177,0.0006,0.0033,0.0001,0.08170310701956271,0.07802197802197802,0.1334867663981588,0.6120689655172414,0.8895097332372027,0.0171,0.0158,0.0183,0.006493506493506551,,0.01034280082307481,0.006680813507000001,,,0.0034469828,,,,,,-1.4760019591723075,,,0.11006307712931296,0.0,,,,,0.04212977737188339,0.5136431455612183,0.48344643608037036,0.8306010928961748,0.29110370700737204,,0.050822593770701086,,,,,,0.33071663975715637,,
194201,8.81,0.703333,1.12,0.022276,0.020639,0.028300000000000002,0.0429,0.0247,0.0069,0.0006,0.0027,0.0002,0.07983348467650396,0.08093590333716916,0.1271282633371169,0.6279758928571428,0.9021113243761997,0.022,0.014599999999999998,-0.0063,0.012903225806451646,,0.00893517666418973,0.0022049531699999997,,,0.0027011593,,,,,,-1.3228579691622884,,,0.1260509086924908,0.0,,,,,0.05454373359680176,0.537665069103241,0.4417279253190448,0.841227125941873,0.28703727995382633,,0.08201149360345478,,,,,,0.3170023262500763,,
194202,8.59,0.696667,1.08,-0.017647,-0.024642,0.0285,0.0429,0.0247,0.0011,-0.0008,0.0025,0.0001,0.08110209545983703,0.07907684449489216,0.12572759022118743,0.645062037037037,0.9260649277538,0.0222,0.0144,-0.0019000000000000002,0.006369426751592355,,0.009350136393269957,0.001260824717,,,0.0028994323,,,,,,-1.2329231269799463,,,0.13944894849950895,0.0,,,,,-0.008169608190655708,0.5207821130752563,0.3851389189473333,0.819467937874827,0.27961277120444944,,0.08170466105157587,,,,,,0.32363227009773254,,
194203,8.01,0.69,1.04,-0.064068,-0.069676,0.0286,0.043,0.0244,0.0092,0.0063,0.0025,0.0001,0.08614232209737828,0.08032596041909196,0.12983770287141075,0.6634615384615384,1.0348638601426705,0.021900000000000003,0.014399999999999996,-0.0029,0.012658227848101111,,0.010120443182103358,0.0031061137480000007,,,0.0030109638,,,,,,-1.1993247866480954,,,0.1460705530964974,0.0,,,,,0.0019719910342246294,0.48110195994377136,0.35252791109257364,0.7652621866830693,0.2611170868641289,,0.07319186609373404,,,,,,0.27297282218933105,,
194204,7.66,0.68,1.02,-0.037988,-0.040322,0.028300000000000002,0.0426,0.0246,-0.0029,0.0006,0.0032,0.0001,0.08877284595300261,0.08489388264669165,0.13315926892950392,0.6666666666666667,1.0802307288935502,0.0214,0.014299999999999997,0.0034999999999999996,0.006250000000000089,,0.01100482230054594,0.002440975158999999,,,0.0033975063,,,,,,-1.169193309724246,,,0.11328035069918485,0.0,,,,,0.006479625124484301,0.4938381016254425,0.3574313079589889,0.7331231739197293,0.25015085132617987,,0.04688397247627045,,,,,,0.29372891783714294,,
194205,8.15,0.67,1.0,0.070339,0.060119,0.0285,0.042699999999999995,0.0243,0.0075,0.002,0.0037,0.0003,0.08220858895705521,0.08746736292428199,0.12269938650306748,0.67,1.0210150674068201,0.0206,0.014199999999999994,-0.0055,0.012422360248447228,,0.010525160947351987,0.0015923891839999997,,,0.0037664529,,,,,,-1.1198492412382879,,,0.11125373281018458,0.0,,,,,0.02419787459075451,0.5102466344833374,0.37962027258810105,0.7756420113793633,0.2646588136527009,,0.05170147182116429,,,,,,0.28434205055236816,,
194206,8.3,0.66,0.98,0.023544,0.016976,0.0285,0.0433,0.0244,0.0003,0.0034,0.0037,0.0002,0.07951807228915662,0.08098159509202454,0.1180722891566265,0.6734693877551021,0.9967098896845364,0.020700000000000003,0.014799999999999997,0.0031,0.0,,0.010198319498047104,0.0012004675620000001,,,0.0032658448,,,,,,-1.120558813328743,,,0.10922609617111823,0.0,,,,,0.03461664170026779,0.5056912899017334,0.8122226156132837,0.7945563586037214,0.2711126269118766,,0.05307924953713512,,,,,,0.25160399079322815,,
194207,8.56,0.646667,0.966667,0.036031,0.034314,0.028300000000000002,0.043,0.0244,0.0018,0.002,0.0038,0.0003,0.07554521028037382,0.07791168674698794,0.11292838785046729,0.6689656313911615,0.9742716609912978,0.0206,0.014699999999999994,0.0002000000000000001,0.006134969325153339,,0.00848628832731191,0.0020886578279999996,,,0.0014150598,,,,,,-1.1234797239876557,,,0.12908223675847674,0.0,,,,,0.09638100862503052,0.5373873710632324,0.8583352689646003,0.8175069594803588,0.2773565600650628,,0.04869364616364413,,,,,,0.22182612121105194,,
194208,8.62,0.633333,0.953333,0.015346,0.007531,0.0281,0.042800000000000005,0.0244,0.0038,0.0035,0.0038,0.0003,0.07347250580046405,0.0739875,0.11059547563805106,0.664335546970471,0.9686824038371109,0.0206,0.014700000000000005,-0.0002999999999999999,0.0060975609756097615,,0.007152650906284537,0.0006270320639999999,,,0.0017870239,,,,,,-1.0724048710719865,,,0.15469907650025538,0.0,,,,,-0.00017964992730412632,0.568265974521637,0.8217076743241426,0.8222239406124343,0.2789568958732324,,0.046339214583281246,,,,,,0.22516362369060516,,
194209,8.85,0.62,0.94,0.032449,0.027671,0.027999999999999997,0.0426,0.0244,0.0003,0.002,0.0038,0.0003,0.07005649717514124,0.07192575406032484,0.10621468926553672,0.6595744680851064,0.9440014664100449,0.0206,0.014600000000000002,0.0017000000000000001,0.0,,0.006243520175343481,0.00047252202899999995,,,0.0028007712,,,,,,-1.091871224701053,,,0.1733117410163061,0.0,,,,,0.041315700858831406,0.5440332293510437,0.8475974979971141,0.860149783208514,0.2862502295563659,,0.0541151193117836,,,,,,0.20477092266082764,,
194210,9.42,0.61,0.97,0.067867,0.066333,0.027999999999999997,0.0424,0.0244,0.0024,0.0006,0.0038,0.0003,0.06475583864118896,0.06892655367231638,0.10297239915074309,0.6288659793814433,0.9074889867841409,0.0206,0.014400000000000003,-0.0018,0.012121212121211977,,0.004426271545594174,0.0012735960749999998,,,0.0031066091,,,,,,-1.2642369311315391,,,0.20140532997662008,0.0,,,,,0.042362336069345474,0.4952905774116516,0.8125942129219468,0.9470171047142262,0.2977674003725372,,0.057942900722349824,,,,,,0.17787517607212067,,
194211,9.29,0.6,1.0,-0.004392,-0.016937,0.0279,0.0425,0.0247,-0.0035,0.0006,0.0038,0.0003,0.06458557588805167,0.06369426751592357,0.10764262648008613,0.6,0.8995633187772926,0.0209,0.014600000000000002,0.0041,0.005988023952095967,,0.005095682643585891,0.000992056592,,,0.0033449369,,,,,,-1.280230684470849,,,0.2207615869560997,0.0,,,,,0.004803013987839222,0.5079461932182312,0.8909421208405361,0.9761295822676898,0.30039090169740534,,0.07095806424289643,,,,,,0.18890853226184845,,
194212,9.77,0.59,1.03,0.057537,0.050449,0.0281,0.042800000000000005,0.0246,0.0049,0.0049,0.0038,0.0003,0.06038894575230297,0.06350914962325081,0.10542476970317298,0.5728155339805825,0.862646566164154,0.0208,0.014700000000000005,0.0,0.005952380952380931,,0.0018120318138754553,0.0007913905149999999,,,0.0051009425,,,,,,-1.2422689132912388,,,0.23957139143953832,0.0,,,,,0.07305792719125748,0.5527110695838928,0.8603027825644602,0.9986617597858816,0.3132460581892594,,0.06502709614503066,,,,,,0.1876278519630432,,
194301,10.47,0.59,1.04333,0.072434,0.071062,0.0279,0.0416,0.0245,0.0033,0.0049,0.0038,0.0003,0.056351480420248325,0.06038894575230297,0.0996494746895893,0.5654970143674579,0.8213061159397177,0.0207,0.013699999999999997,0.0015999999999999999,0.0,,0.002088309830224739,0.0007448683300000001,,,0.005995311,,,,,,-1.2877146545969884,,,0.24480093178687357,0.0,,,,,0.06732982397079468,0.5010946989059448,0.9148131202417025,1.0,0.32901330115171706,,0.07580363340222182,,,,,,0.1664576679468155,,
194302,11.0,0.59,1.05667,0.058503,0.052676,0.0277,0.0408,0.0246,-0.0005,0.0006,0.0038,0.0003,0.053636363636363635,0.056351480420248325,0.09606090909090909,0.558357860069842,0.7940790995297201,0.0208,0.013100000000000004,0.0010999999999999998,0.0,,0.0025700124734950786,0.0008195965619999998,,,0.0071307633,,,,,,-1.3532079685882081,,,0.2665566626329787,0.0,,,,,0.050079915672540665,0.46442392468452454,0.9276783129578283,0.9974623192863735,0.3402943568486502,,0.07509720880807991,,,,,,0.1635185033082962,,
194303,11.58,0.59,1.07,0.059404,0.055182,0.0276,0.0401,0.0247,0.0009,0.002,0.0038,0.0003,0.05094991364421416,0.053636363636363635,0.0924006908462867,0.5514018691588785,0.7834809987552172,0.0209,0.012499999999999997,0.0011,0.01775147928994092,,0.0018918666298881207,0.0013687758709999998,,,0.0073223493,,,,,,-1.4611117612522175,,,0.2696521099651745,0.0,,,,,0.08843302726745605,0.44308072328567505,0.9278879223765254,0.998172781757053,0.3582915759372458,,0.08579828046784924,,,,,,0.2212437391281128,,
194304,11.59,0.59,1.08,0.003588,0.002332,0.0276,0.039599999999999996,0.0246,0.0048,0.0049,0.0038,0.0003,0.05090595340811044,0.05094991364421416,0.09318377911993098,0.5462962962962963,0.7897844700324772,0.0208,0.011999999999999997,0.00010000000000000026,0.011627906976744207,,0.0012510502720860595,0.002492193864000001,,,0.0012927987,,,,,,-1.4966781684198085,,,0.2780868107519745,0.0,,,,,-0.09889084100723267,0.416488915681839,0.9719236489284304,0.9894106477762359,0.3554319594931395,,0.07776986552058149,,,,,,0.29843869805336,,
194305,12.11,0.59,1.09,0.052698,0.045651,0.0274,0.0391,0.0244,0.005,0.0048,0.0038,0.0002,0.04872006606110652,0.05090595340811044,0.09000825763831545,0.5412844036697247,0.757897719223686,0.0206,0.011700000000000002,-0.00020000000000000052,0.005747126436781658,,0.0009461818300505627,0.0010895496249999999,,,0.001819385,,,,,,-1.4833795543889694,,,0.2810397020745663,0.0,,,,,0.05531223863363266,0.4126832187175751,0.9213442293571975,1.0,0.3703859170448881,,0.06740922200799196,,,,,,0.29822564125061035,,
194306,12.35,0.59,1.1,0.021689,0.017142,0.027200000000000002,0.0388,0.0244,0.0018,0.0048,0.0038,0.0003,0.04777327935222672,0.04872006606110652,0.08906882591093118,0.5363636363636363,0.746268656716418,0.0206,0.0116,0.0029999999999999996,0.0,,0.0012000874585433626,0.0010691580289999998,,,0.0013497331,,,,,,-1.4685559267852397,,,0.27148502860545287,0.0,,,,,0.00930571649223566,0.4129678010940552,0.4421086070716034,1.0,0.37615761995959807,,0.054944721704810934,,,,,,0.289256751537323,,
194307,11.68,0.593333,1.09333,-0.053092,-0.054238,0.0269,0.0381,0.0245,-0.0001,0.0019,0.0038,0.0003,0.050799058219178087,0.04804315789473684,0.0936070205479452,0.5426842764764527,0.7795992714025501,0.0207,0.011200000000000002,0.002,-0.005714285714285783,,0.017823647113570446,0.002433361168,,,0.001390142,,,,,,-1.4969945462153935,,,0.2972973375212482,0.0,,,,,-0.178097203373909,0.41729262471199036,0.4456647835010645,0.9412289123577013,0.3600755568381562,,0.0444691764789719,,,,,,0.3090754449367523,,
194308,11.8,0.596667,1.08667,0.016232,0.010751,0.0269,0.0381,0.0245,0.0021,0.0019,0.0038,0.0003,0.05056499999999999,0.05108450342465753,0.0920906779661017,0.549078377060193,0.783194261455131,0.0207,0.011200000000000002,-0.00019999999999999987,-0.005747126436781436,,0.013954303244921518,0.0017066360049999999,,,0.0012769185,,,,,,-1.3871544512466907,,,0.3137598427715176,0.0,,,,,0.002406513085588813,0.4191875457763672,0.48737108870266127,0.9369085173501578,0.35842275100348925,,0.03798433805462899,,,,,,0.3277086019515991,,
194309,12.08,0.6,1.08,0.027498,0.023331,0.0269,0.0383,0.0246,0.0011,0.0005,0.0038,0.0003,0.04966887417218543,0.05084745762711864,0.08940397350993377,0.5555555555555555,0.7636311732800457,0.0208,0.0114,-0.0006000000000000001,0.005780346820809079,,0.013693487063159438,0.0006080398099999999,,,0.0016281149,,,,,,-1.3333258926623595,,,0.33481145014348757,0.0,,,,,0.048810139298439026,0.4309915006160736,0.4828001445608474,0.9609107118365109,0.36760500564052784,,0.03623535517130913,,,,,,0.32441920042037964,,
194310,11.92,0.603333,1.03333,-0.01165,-0.0125,0.027000000000000003,0.0382,0.0247,0.0005,-0.0009,0.0038,0.0003,0.05061518456375839,0.049944784768211924,0.08668875838926175,0.58387252862106,0.7737363511461423,0.0209,0.011199999999999995,-0.0014,0.0,,0.016869545443378656,0.0007641571049999999,,,0.0013963569,,,,,,-1.33378390745801,,,0.3454654625990514,0.0,,,,,-0.03244355320930481,0.3982897698879242,0.47396157585934834,0.9483609930050747,0.36280399821601905,,0.03519496311641725,,,,,,0.2541767954826355,,
194311,11.02,0.606667,0.986667,-0.067052,-0.077966,0.0271,0.0383,0.0248,0.0,-0.0023,0.0038,0.0003,0.05505145190562613,0.050894882550335564,0.08953421052631579,0.6148649949780423,0.8258084433124953,0.020999999999999998,0.011200000000000002,-0.0023,0.0,,0.019080936369481636,0.002001600035,,,0.0018240458,,,,,,-1.4688326346476597,,,0.3542939141547894,0.0,,,,,-0.05753267928957939,0.3994307816028595,0.49017009591936467,0.8885612398847894,0.33992706666316863,,0.03806704621989772,,,,,,0.29237180948257446,,
194312,11.67,0.61,0.94,0.070305,0.065211,0.0274,0.0382,0.0248,0.0018,0.0049,0.0038,0.0003,0.05227077977720651,0.05535390199637024,0.0805484147386461,0.648936170212766,0.7874015748031497,0.020999999999999998,0.010799999999999997,0.0031,0.0,,0.014422521166490399,0.000988593953,,,0.0019623979,,,,,,-1.4027862697699038,,,0.33711204398103156,0.0,,,,,0.10450814664363861,0.4300684630870819,0.4334543356647553,0.9319023453572898,0.35650759503633545,,0.041025477686174774,,,,,,0.30661556124687195,,
194401,11.85,0.613333,0.936667,0.018622,0.01731,0.027200000000000002,0.037599999999999995,0.0248,0.0021,0.002,0.0038,0.0003,0.05175805907172996,0.052556383890317054,0.07904362869198313,0.6548036815645262,0.7787481804949054,0.020999999999999998,0.010399999999999993,-9.999999999999983e-05,0.0,,0.019253238891720804,0.0006398349409999999,,,0.001496229,,,,,,-1.3847986054128891,,,0.3443331495159545,0.0,,,,,0.060951851308345795,0.40762248635292053,0.6013911442851146,0.9422575778356879,0.36046908203688643,,0.04535621375800496,,,,,,0.30018338561058044,,
194402,11.82,0.616667,0.933333,0.006479,0.000238,0.0274,0.037200000000000004,0.0247,0.0032,0.0034,0.0038,0.0003,0.052171489001692044,0.05203940928270042,0.07896218274111674,0.6607148788267424,0.78503301540719,0.0209,0.009800000000000003,0.00019999999999999966,0.0,,0.019493813927013225,0.0006426371500000001,,,0.0018118196,,,,,,-1.326217868327347,,,0.3482220373449012,0.0,,,,,0.014920311979949474,0.43181005120277405,0.6161792860768728,0.9347140309971198,0.35758323057953145,,0.04365478829154901,,,,,,0.20093362033367157,,
194403,12.02,0.62,0.93,0.021313,0.017309,0.0274,0.037000000000000005,0.0247,0.0021,0.0048,0.0038,0.0002,0.051580698835274545,0.052453468697123515,0.07737104825291181,0.6666666666666666,0.8138864880437914,0.0209,0.009600000000000004,0.0026999999999999997,0.0,,0.019145325984801724,0.0006364084319999999,,,0.0015918007,,,,,,-1.3852445658453194,,,0.3424542237850847,0.0,,,,,0.01573309302330017,0.4425065219402313,0.5995976315196053,0.9521327664243588,0.3642469239446966,,0.04470685846104161,,,,,,0.1975940465927124,,
194404,11.87,0.623333,0.926667,-0.012427,-0.013433,0.0274,0.0368,0.0248,0.0013,0.0034,0.0038,0.0003,0.05251331086773379,0.051857986688851915,0.07806798652064027,0.6726612688268817,0.829601350855297,0.020999999999999998,0.009399999999999999,0.0021,0.005747126436781658,,0.02007757748168639,0.0007641629319999998,,,0.002125858,,,,,,-1.3283916242053875,,,0.33829510691994846,0.0,,,,,-0.05401860550045967,0.4473435878753662,0.5893127399524045,0.9340968317103279,0.3573471154602933,,0.03656997826104427,,,,,,0.21198758482933044,,
194405,12.35,0.626667,0.923333,0.048841,0.040864,0.0273,0.0363,0.0247,0.0028,0.0005,0.0038,0.0003,0.05074226720647773,0.05279418702611626,0.07476380566801619,0.6787009670400603,0.7944319460067492,0.0209,0.008999999999999998,-0.0023,0.0,,0.018397354257441965,0.000411905512,,,0.0030803806,,,,,,-1.3017793470170371,,,0.3276888631914656,0.0,,,,,0.09536071866750717,0.4198620021343231,0.5983594387472012,0.9754491839253876,0.37316682844924837,,0.03434220698990237,,,,,,0.2100473940372467,,
194406,12.98,0.63,0.92,0.054574,0.049768,0.0273,0.0359,0.0248,0.0008,0.002,0.0038,0.0003,0.0485362095531587,0.05101214574898785,0.07087827426810478,0.6847826086956521,0.761558161477288,0.020999999999999998,0.0086,0.0012000000000000001,0.005714285714285783,,0.01820178969918417,0.0007175888750000001,,,0.0027429124,,,,,,-1.4384999690622142,,,0.32029938801691715,0.0,,,,,0.07661554217338562,0.40784695744514465,0.3767622129804485,0.9983179707999731,0.3892751265839389,,0.043014698512288216,,,,,,0.19531910121440887,,
194407,12.71,0.633333,0.913333,-0.01947,-0.020629,0.027200000000000002,0.035699999999999996,0.0247,0.0036,0.0034,0.0038,0.0003,0.049829504327301335,0.04879298921417566,0.07185940204563335,0.6934305450476442,0.7733899117103551,0.0209,0.008499999999999994,-0.0002000000000000001,0.005681818181818121,,0.0043229381343999305,0.0009396738180000001,,,0.0034641321,,,,,,-1.5143557535568333,,,0.31452293169833245,0.0,,,,,-0.004551845137029886,0.39598581194877625,0.3926044916767627,0.9708305647840533,0.3833197785764882,,0.045184810285624245,,,,,,0.19816094636917114,,
194408,12.82,0.636667,0.906667,0.0147,0.008208,0.0271,0.0355,0.0247,0.0027,0.0034,0.0038,0.0003,0.049662012480499215,0.05009181746656176,0.07072285491419657,0.7022059918360324,0.7687597795768419,0.0209,0.008399999999999998,0.0006999999999999997,0.0,,0.008069806182386641,0.0005599876609999999,,,0.0030166343,,,,,,-1.40904094869266,,,0.3233025210418319,0.0,,,,,0.024656007066369057,0.40088486671447754,0.3605215017835406,0.9766777408637874,0.3856284597423722,,0.04913706118590144,,,,,,0.2124657779932022,,
194409,12.78,0.64,0.9,-0.000692,-0.003118,0.027200000000000002,0.0356,0.0247,0.0014,0.0019,0.0038,0.0002,0.050078247261345854,0.0499219968798752,0.07042253521126761,0.7111111111111111,0.7723327182010798,0.0209,0.008399999999999998,0.0005,0.0,,0.008962759240445024,0.001115514909,,,0.0029150307,,,,,,-1.448879571832304,,,0.31272229266328777,0.0,,,,,-0.04954436048865318,0.3838340640068054,0.3933620537808505,0.9721594684385382,0.3838444788414618,,0.035095693817360614,,,,,,0.2638503909111023,,
194410,12.78,0.64,0.91,0.002435,0.001045,0.027200000000000002,0.0355,0.0247,0.0012,0.0019,0.0038,0.0003,0.050078247261345854,0.050078247261345854,0.07120500782472614,0.7032967032967032,0.7711731386064287,0.0209,0.008299999999999995,0.0007000000000000001,0.0,,0.0065103710250447,0.0006752183420000002,,,0.0030293988,,,,,,-1.3596953937965646,,,0.3118151370556017,0.0,,,,,-0.06586477160453796,0.3821583688259125,0.4054816188442132,0.9736212624584718,0.3844216491329328,,0.030573628145410228,,,,,,0.25359979271888733,,
194411,12.83,0.64,0.92,0.017326,0.005832,0.027200000000000002,0.0353,0.0247,0.0024,0.0048,0.0038,0.0003,0.04988308651597818,0.050078247261345854,0.07170693686671863,0.6956521739130435,0.7669856784090137,0.0209,0.008099999999999996,0.0024,0.0,,0.005782949451425366,0.000424297467,,,0.003448245,,,,,,-1.3841245465828813,,,0.2995955107999966,0.0,,,,,0.032962195575237274,0.38706785440444946,0.3780874399089746,0.9789368770764121,0.3865204501928274,,0.025134557346583944,,,,,,0.2518928349018097,,
194412,13.28,0.64,0.93,0.044778,0.041034,0.027000000000000003,0.0349,0.0246,0.0042,0.0149,0.0038,0.0002,0.04819277108433735,0.04988308651597818,0.07003012048192772,0.6881720430107526,0.7437635753307444,0.0208,0.007899999999999997,0.010700000000000001,0.005649717514124353,,0.019062445960735433,0.0008722726199999999,,,0.0035223172,,,,,,-1.463286929636362,,,0.2922189527341663,0.0,,,,,0.08477891981601715,0.3552127182483673,0.36032232501059885,0.9977016023115314,0.39858855628722095,,0.03177863688729642,,,,,,0.20157340168952942,,
194501,13.47,0.643333,0.94,0.011901,0.010784,0.0269,0.0346,0.024,0.0127,0.0076,0.0038,0.0003,0.047760430586488496,0.04844375000000001,0.06978470675575352,0.6843968085106383,0.7353419665517018,0.0202,0.0076999999999999985,-0.0050999999999999995,0.0,,0.01645388798647495,0.000924463414,,,0.0040992035,,,,,,-1.5665577056615723,,,0.278272845721907,0.0,,,,,-0.0010064871748909354,0.3558398187160492,0.1345832795988584,0.9860121912094962,0.40315344859249147,,0.04051052437806059,,,,,,0.1938856691122055,,
194502,14.3,0.646667,0.95,0.069472,0.063578,0.0265,0.0341,0.0236,0.0077,0.0046,0.0038,0.0002,0.04522146853146853,0.04800794357832219,0.06643356643356643,0.6807021052631579,0.7044887780548628,0.019799999999999998,0.007599999999999999,-0.0031000000000000003,0.0,,0.014836071719385606,0.0006548519130000001,,,0.003660855,,,,,,-1.5519851074218158,,,0.270861293744054,0.0,,,,,0.11093980818986893,0.3477299213409424,0.12759113852254514,1.0,0.4208096125088543,,0.04455316857253369,,,,,,0.19529566168785095,,
194503,13.64,0.65,0.96,-0.041685,-0.04499,0.0262,0.0338,0.0236,0.0021,0.0018,0.0038,0.0002,0.047653958944281524,0.045454545454545456,0.07038123167155425,0.6770833333333334,0.7678826431260548,0.019799999999999998,0.007599999999999996,-0.0002999999999999999,0.0,,0.01596253381209177,0.0018874417000000004,,,0.0040766101,,,,,,-1.6400374942836882,,,0.26012327100977517,0.0,,,,,-0.05830549821257591,0.32931214570999146,0.15478633338667452,0.9538137691926696,0.4041766141091901,,0.03913607713614405,,,,,,0.2862790822982788,,
194504,14.84,0.65,0.973333,0.090524,0.089465,0.026099999999999998,0.0336,0.0228,0.016,0.0018,0.0038,0.0003,0.04380053908355795,0.047653958944281524,0.06558847708894879,0.6678084478796055,0.7150628626692457,0.019,0.0075,-0.0142,0.0,,0.015085874248755432,0.0013982781349999997,,,0.0033761763,,,,,,-1.5537031863576818,,,0.23756984818627647,0.0,,,,,0.06755305081605911,0.3566630184650421,0.12538472228393782,1.0,0.43403205918618987,,0.03777772170504599,,,,,,0.3121221959590912,,
194505,15.01,0.65,0.986667,0.020041,0.011624,0.0262,0.0332,0.0226,0.0056,-0.0011,0.0038,0.0003,0.043304463690872756,0.04380053908355795,0.06573397734843438,0.65878356122177,0.7029114676173499,0.018799999999999997,0.006999999999999999,-0.0067,0.00561797752808979,,0.01977322056503866,0.0009209598799999999,,,0.0042020594,,,,,,-1.5735541941767426,,,0.2060117852467105,0.0,,,,,0.06917382031679153,0.3404698669910431,0.12064470550363691,0.9953867991483322,0.44153527297531286,,0.03890957184599387,,,,,,0.3036530613899231,,
194506,14.96,0.65,1.0,0.00238,0.000134,0.026099999999999998,0.0329,0.0217,0.0169,0.0032,0.0038,0.0002,0.04344919786096257,0.043304463690872756,0.06684491978609625,0.65,0.7188430455125479,0.0179,0.0068000000000000005,-0.013699999999999999,0.011173184357541999,,0.019466304517544632,0.000866164762,,,0.0041469851,,,,,,-1.5559114672656849,,,0.17904299042588567,0.0,,,,,-0.046550266444683075,0.3509693741798401,0.30418889618489225,0.9733262361012537,0.4317496130335545,,0.047419225773910424,,,,,,0.22642703354358673,,
194507,14.66,0.653333,0.996667,-0.021539,-0.022479,0.026000000000000002,0.0326,0.0224,-0.0086,-0.0011,0.0038,0.0003,0.044565688949522515,0.043671991978609624,0.06798547066848568,0.6555178409639328,0.7263015717092338,0.0186,0.006599999999999995,0.0075,0.0,,0.020437414877156515,0.0018141107579999994,,,0.0037918956,,,,,,-1.63224874983198,,,0.1515363021878131,0.0,,,,,0.027012886479496956,0.3278893530368805,0.29729903941214536,0.9633309675893067,0.42731589579452733,,0.04339213615594731,,,,,,0.267640084028244,,
194508,15.51,0.656667,0.993333,0.059852,0.054027,0.026099999999999998,0.0326,0.0223,0.0026,0.0004,0.0038,0.0003,0.042338297872340426,0.0447931105047749,0.06404468085106384,0.6610743829108667,0.6787538011360377,0.0185,0.006499999999999999,-0.0021999999999999997,0.0,,0.01894510329677228,0.002096646893,,,0.0036289262,,,,,,-1.7006267439292906,,,0.03781757766719673,0.0,,,,,0.06212518736720085,0.3238394260406494,0.3311574383418044,1.0,0.45725004591127316,,0.04296555233065689,,,,,,0.3137197196483612,,
194509,16.16,0.66,0.99,0.046361,0.043999,0.0262,0.032400000000000005,0.0221,0.0054,0.0032,0.0038,0.0003,0.04084158415841584,0.04255319148936171,0.06126237623762376,0.6666666666666667,0.6568208317139526,0.0183,0.006200000000000004,-0.0022,0.0,,0.017606911426189375,0.0014385545599999996,,,0.0036217464,,,,,,-1.579755005076211,,,-0.05995995638509921,0.0,,,,,0.07597851753234863,0.3215000331401825,0.3213179632147598,0.9993896348906892,0.4725188236220059,,0.03976772519675385,,,,,,0.31999096274375916,,
194510,16.65,0.66,0.98,0.030815,0.029862,0.0262,0.032,0.0216,0.0104,0.0032,0.0038,0.0003,0.039639639639639644,0.04084158415841584,0.058858858858858866,0.6734693877551021,0.6339764201500536,0.0178,0.0058,-0.0072,0.0,,0.0185809979525336,0.0009811839109999999,,,0.0038478623,,,,,,-1.7295429737896684,,,-0.10505722842590304,0.0,,,,,0.08030543476343155,0.3223842680454254,0.3074741763261355,0.9975408959692077,0.48954534722040033,,0.04655193900769608,,,,,,0.2675359547138214,,
194511,17.19,0.66,0.97,0.04495,0.035612,0.0262,0.0315,0.021,0.0125,0.0032,0.0038,0.0002,0.038394415357766144,0.039639639639639644,0.05642815590459569,0.6804123711340206,0.6178836310456491,0.0172,0.005299999999999999,-0.009300000000000001,0.0,,0.01893404156466665,0.001448271511,,,0.0037386804,,,,,,-1.8150639932274655,,,-0.07260324931987938,0.0,,,,,0.07462390512228012,0.3087957501411438,0.2562169743777516,0.9965127778066935,0.5022955636592596,,0.05025481907169626,,,,,,0.24131125211715698,,
194512,17.36,0.66,0.96,0.011133,0.008805,0.026099999999999998,0.031,0.0199,0.0194,0.0133,0.0038,0.0003,0.038018433179723504,0.038394415357766144,0.05529953917050691,0.6875000000000001,0.6132393344046446,0.0161,0.004900000000000002,-0.006100000000000001,0.0055248618784529135,,0.02552528296887899,0.0015383169699999999,,,0.0043280057,,,,,,-1.8389235129810264,,,-0.07221446935810549,0.0,,,,,-0.0015906421467661858,0.30459728837013245,0.30559371748064906,0.985139413747319,0.5060996405803184,,0.04542745175648508,,,,,,0.2525489926338196,,
194601,18.57,0.666667,0.94,0.069504,0.068515,0.0254,0.0301,0.0199,0.0025,0.0128,0.0038,0.0003,0.03590021540118471,0.03840247695852535,0.050619278406031226,0.7092202127659575,0.5780036155762935,0.0161,0.004699999999999999,0.0103,0.0,,0.02796949826023785,0.0026451684660000006,,,0.0040437412,,,,,,-1.8872638677745754,,,-0.13371373692920052,0.0,,,,,0.059832144528627396,0.30049678683280945,0.21791197310848698,0.9966885804723642,0.5369520161607682,,0.05641906905166266,,,,,,0.297023743391037,,
194602,17.28,0.673333,0.92,-0.065171,-0.069785,0.0248,0.029500000000000002,0.0198,0.0032,0.0034,0.0038,0.0003,0.038966030092592585,0.036259181475498115,0.05324074074074074,0.7318836956521738,0.6223367878373401,0.016,0.004700000000000003,0.00019999999999999966,-0.005494505494505364,,0.03109094234903704,0.005942413034,,,0.0036712804,,,,,,-2.0677135785797205,,,-0.18869992632635313,0.0,,,,,-0.04086826369166374,0.2883504331111908,0.19470810814565107,0.9200425923237017,0.49870136684419025,,0.04757680832596709,,,,,,0.443231463432312,,
194603,18.08,0.68,0.9,0.049118,0.046147,0.024700000000000003,0.0294,0.0198,0.001,0.0034,0.0038,0.0003,0.03761061946902655,0.03935185185185185,0.04977876106194691,0.7555555555555555,0.6148526758869512,0.016,0.004699999999999996,0.0024,0.011049723756906049,,0.031187874930092636,0.001496573418,,,0.0036328539,,,,,,-1.8156616209706322,,,-0.09340164594762923,0.0,,,,,0.042770519852638245,0.2957290709018707,0.2573071187768416,0.9658777406708291,0.5235459243906918,,0.04981037908164537,,,,,,0.4370245635509491,,
194604,18.76,0.68,0.88,0.035748,0.034706,0.0246,0.0296,0.0207,-0.0135,-0.0043,0.0038,0.0003,0.03624733475479744,0.03761061946902655,0.04690831556503198,0.7727272727272728,0.5934129709338879,0.0169,0.005000000000000001,0.0092,0.005464480874316724,,0.031306834408124457,0.0010777341069999995,,,0.0035045733,,,,,,-1.8175617917762812,,,-0.11564756735475434,0.0,,,,,0.09367302805185318,0.2928551137447357,0.28485765468915025,0.9926071720032644,0.5424613689429914,,0.038952213280779975,,,,,,0.4146583378314972,,
194605,19.18,0.68,0.86,0.028785,0.023202,0.025099999999999997,0.0302,0.0209,-0.0012,0.0019,0.0038,0.0003,0.03545359749739312,0.03624733475479744,0.04483837330552659,0.7906976744186047,0.5780101752402488,0.017099999999999997,0.005100000000000004,0.0031,0.005434782608695787,,0.03199991253286365,0.0012724951409999999,,,0.0031524535,,,,,,-1.8142630228122614,,,-0.1570929112196895,0.0,,,,,0.07544807344675064,0.28925490379333496,0.32141377089843814,0.998964705882353,0.5569168612430149,,0.04623921991296598,,,,,,0.22730262577533722,,
194606,18.43,0.68,0.84,-0.035289,-0.037521,0.024900000000000002,0.030299999999999997,0.0206,0.007,0.0019,0.0038,0.0003,0.03689636462289745,0.03545359749739312,0.04557786218122626,0.8095238095238096,0.5967318354245696,0.0168,0.005399999999999995,-0.0051,0.0108108108108107,,0.033591576156760464,0.001481741162,,,0.003061925,,,,,,-1.8546975822933809,,,-0.10108764882834675,0.0,,,,,0.06871690601110458,0.28522446751594543,0.2900205252191909,0.9676235294117648,0.5394443424193929,,0.03959858344870838,,,,,,0.2502281367778778,,
194607,17.96,0.683333,0.856667,-0.02735,-0.028429,0.0248,0.030299999999999997,0.0209,-0.004,-0.0012,0.0038,0.0003,0.03804749443207127,0.037077211068909384,0.04769860801781737,0.797664670169389,0.608751736455646,0.017099999999999997,0.005499999999999998,0.0028000000000000004,0.05882352941176472,,0.03917497700966552,0.0017038856649999998,,,0.0026143444,,,,,,-1.835770701884231,,,-0.0720632218389965,0.0,,,,,-0.005200279410928488,0.3244456648826599,0.28534807533199696,0.9485176470588236,0.5287929270404281,,0.03577968396500556,,,,,,0.30483728647232056,,
194608,16.65,0.686667,0.873333,-0.068855,-0.073365,0.025099999999999997,0.030299999999999997,0.0217,-0.0111,-0.0088,0.0038,0.0003,0.041241261261261264,0.03823312917594655,0.05245243243243244,0.7862602237634442,0.6485543633384429,0.0179,0.0052,0.0023,0.02020202020202011,,0.0432676468553888,0.0019801137219999996,,,0.0026899157,,,,,,-1.7596328490854352,,,-0.03989772459536667,0.0,,,,,-0.11590170860290527,0.3056224584579468,0.3278184602870546,0.8903058823529412,0.49634021565180886,,0.028639069370325634,,,,,,0.3280488848686218,,
194609,14.96,0.69,0.89,-0.104112,-0.106619,0.0258,0.031,0.0219,-0.0009,-0.0026,0.0038,0.0003,0.046122994652406414,0.04144144144144144,0.05949197860962566,0.7752808988764044,0.7116343811622782,0.018099999999999998,0.0052,-0.0017,0.00990099009900991,,0.049111949374796356,0.01602501515,,,0.0026064326,,,,,,-2.2482059581324725,,,-0.025293778469631878,0.0,,,,,-0.07703877985477448,0.3225128948688507,0.33346513071051354,0.8113882352941176,0.45234409843376966,,0.03421342390703652,,,,,,0.5372918248176575,,
194610,14.84,0.696667,0.946667,-0.005636,-0.006817,0.026000000000000002,0.0315,0.0216,0.0074,0.002,0.0038,0.0003,0.04694521563342318,0.04656864973262032,0.06379157681940702,0.7359155859452162,0.7253916642033698,0.0178,0.005499999999999998,-0.0054,0.019607843137255054,,0.04859747018342677,0.006116095380000002,,,0.0023753839,,,,,,-1.8448893788498457,,,-0.011027375558573471,0.0,,,,,0.1341324895620346,0.2966935932636261,0.3208359113054168,0.796,0.44376524910145076,,0.032710378604042356,,,,,,0.5404334664344788,,
194611,14.67,0.703333,1.00333,-0.003801,-0.011741,0.0259,0.0317,0.022,-0.0054,-0.0025,0.0038,0.0003,0.04794362644853442,0.04739440700808625,0.06839331970006816,0.7009986744142006,0.7226999646601484,0.018199999999999997,0.0058,0.0029000000000000002,0.024038461538461453,,0.048072272347133696,0.003914348993000001,,,0.0020257111,,,,,,-1.8209398377446928,,,-0.009033810606249748,0.0,,,,,-0.027634620666503906,0.30321410298347473,0.3483261387419057,0.7989647058823529,0.44541805493611775,,0.03327848833285627,,,,,,0.5415558218955994,,
194612,15.3,0.71,1.06,0.046818,0.041973,0.026099999999999998,0.0317,0.0212,0.0145,0.0113,0.0038,0.0003,0.04640522875816993,0.04839809134287662,0.06928104575163399,0.6698113207547169,0.6924379232505644,0.0174,0.005600000000000001,-0.0032000000000000015,0.009389671361502261,,0.036076068476119695,0.0027155077160000004,,,0.0017810408,,,,,,-1.7476334144986676,,,-0.007072497091717089,0.0,,,,,0.10099175572395325,0.3232105076313019,0.3834135294297641,0.8338823529411764,0.4648844347666395,,0.03355438704642355,,,,,,0.41445717215538025,,
194701,15.66,0.713333,1.13,0.022013,0.020953,0.025699999999999997,0.0313,0.0214,-0.0006,0.0005,0.0038,0.0003,0.045551277139208174,0.046623071895424834,0.07215836526181353,0.6312681415929204,0.6800044336067391,0.017599999999999998,0.005600000000000004,0.0010999999999999998,0.0,,0.0315384591742185,0.0021117214710000003,,,0.0013295838,,,,,,-1.691707893309786,,,0.0007812881861646304,0.0,,,,,-0.01766660436987877,0.31292736530303955,0.37485830012083887,0.8491294117647059,0.4733845790592124,,0.03254099231310453,,,,,,0.3516416847705841,,
194702,15.43,0.716667,1.2,-0.008307,-0.015166,0.0255,0.031200000000000002,0.0214,0.0021,0.0005,0.0038,0.0003,0.046446338302009074,0.04576417624521073,0.07777057679844458,0.5972225000000001,0.6858580212409167,0.017599999999999998,0.005700000000000004,-0.0015999999999999999,0.0,,0.030102661969124363,0.0013641434470000003,,,0.001159422,,,,,,-1.6856588852413237,,,0.002644493561026362,0.0,,,,,0.02721015177667141,0.31150010228157043,0.37975011602222836,0.8418823529411765,0.46934438701891545,,0.029782898084352673,,,,,,0.30112963914871216,,
194703,15.17,0.72,1.27,-0.015008,-0.017731,0.0255,0.0315,0.0213,0.002,0.0067,0.0038,0.0003,0.047462096242584045,0.046662346079066754,0.08371786420566908,0.5669291338582677,0.7415349887133184,0.017499999999999998,0.006000000000000002,0.0047,0.018604651162790642,,0.031019969316856726,0.002411282573,,,0.00080364625,,,,,,-1.640392995660205,,,0.00446990125489144,0.0,,,,,-0.06457848101854324,0.32839882373809814,0.38070139750627047,0.8338823529411764,0.4648844347666395,,0.025072719018085995,,,,,,0.321022093296051,,
194704,14.58,0.733333,1.32667,-0.03956,-0.040772,0.0253,0.0316,0.0217,-0.0037,0.002,0.0038,0.0003,0.05029718792866941,0.048341001977587346,0.09099245541838134,0.5527621789895,0.7700421940928271,0.0179,0.0063000000000000035,0.0057,0.0,,0.03134597062217942,0.0023073614650000003,,,0.002775418,,,,,,-1.6557769673435987,,,-0.007360307456289572,0.0,,,,,-0.02742977812886238,0.3509937524795532,0.3939876852546861,0.8030117647058823,0.4476742660755043,,0.02512450893284956,,,,,,0.35122746229171753,,
194705,14.45,0.746667,1.38333,-0.00099,-0.01047,0.0253,0.0317,0.0216,0.0033,0.002,0.0038,0.0003,0.051672456747404845,0.051211728395061724,0.09573217993079584,0.5397605777363319,0.7763663220088627,0.0178,0.0063999999999999994,-0.0013,0.0,,0.025894317539196875,0.0025450853479999994,,,0.0032286132,,,,,,-1.6267998407062323,,,-0.007457604932965545,0.0,,,,,0.039859384298324585,0.36296650767326355,0.4013872655645425,0.7964705882352942,0.4440275992339376,,0.027920795008122768,,,,,,0.3794575035572052,,
194706,15.21,0.76,1.44,0.053991,0.050908,0.0255,0.0321,0.0216,0.001,0.0004,0.0038,0.0003,0.049967126890203814,0.05259515570934256,0.09467455621301775,0.5277777777777778,0.7411167512690355,0.0178,0.006599999999999998,-0.0006000000000000001,0.004566210045662267,,0.0264727425275828,0.001958778533,,,0.0038172362,,,,,,-1.6125603829064747,,,-0.011468163383167251,0.0,,,,,0.04154813289642334,0.32957881689071655,0.41652508500108093,0.8542108306031991,0.46514678489912636,,0.028966179478087904,,,,,,0.3468937277793884,,
194707,15.76,0.77,1.47667,0.039572,0.038369,0.0255,0.0318,0.0214,0.0063,0.002,0.0066,0.0003,0.04885786802030457,0.05062458908612755,0.0936973350253807,0.5214435181861893,0.7173272191287259,0.014799999999999999,0.0063000000000000035,-0.0043,0.009090909090909038,,0.02064051103358561,0.0019774476030000004,,,0.0032049433,,,,,,-1.7113211958409513,,,-0.021352689143311565,0.0,,,,,0.0116806011646986,0.3273952901363373,0.4223279140758595,0.8956581263446117,0.48057297268935123,,0.029582618187959153,,,,,,0.32322922348976135,,
194708,15.32,0.78,1.51333,-0.023076,-0.029148,0.0256,0.0317,0.021,0.0081,-0.0071,0.0075,0.0003,0.050913838120104436,0.04949238578680203,0.0987813315926893,0.5154196374881883,0.7346938775510204,0.013500000000000002,0.006099999999999998,-0.0152,0.013513513513513598,,0.02317678154325896,0.00082439982,,,0.0035721715,,,,,,-1.5386201834671431,,,-0.019477551987654884,0.0,,,,,0.03143956512212753,0.3551976978778839,0.42095211499004737,0.9389930172730614,0.469213211952672,,0.027645156438860584,,,,,,0.28868669271469116,,
194709,15.11,0.79,1.55,-0.009928,-0.01369,0.026099999999999998,0.0323,0.0213,-0.0044,-0.0131,0.008,0.0006,0.05228325612177366,0.05156657963446475,0.10258107213765719,0.5096774193548387,0.740323398501324,0.0133,0.006200000000000004,-0.0087,0.022222222222222143,,0.02405854763688903,0.001385496857,,,0.0043268967,,,,,,-1.5709406333060412,,,-0.01569497264905184,0.0,,,,,0.049273207783699036,0.3365451693534851,0.41184562133224506,0.94990634198555,0.46564525015085134,,0.027771166071635187,,,,,,0.2854693531990051,,
194710,15.43,0.806667,1.57,0.020578,0.019353,0.027000000000000003,0.0335,0.0217,-0.0037,-0.0099,0.0085,0.0006,0.05227913156189242,0.053386300463269365,0.10174983797796501,0.5138006369426752,0.7227325229635334,0.0132,0.006499999999999999,-0.006200000000000001,0.0,,0.023018581739558796,0.0008695375639999999,,,0.0043136224,,,,,,-1.565502716704093,,,-0.010049296999259383,0.0,,,,,0.004181182011961937,0.33481526374816895,0.4529616061024212,0.9730264918383731,0.4769787758742818,,0.026469440559645625,,,,,,0.2569499909877777,,
194711,14.99,0.823333,1.59,-0.017633,-0.029555,0.0277,0.0344,0.0229,-0.0174,-0.0098,0.0092,0.0006,0.05492548365577051,0.053359235255994814,0.10607071380920614,0.5178194968553459,0.7319926466492118,0.0137,0.006700000000000001,0.007599999999999999,0.004347826086956497,,0.025908149359979586,0.00047596075700000006,,,0.004494506,,,,,,-1.4882257919886708,,,-0.000693512837621757,0.0,,,,,-0.05264868959784508,0.3495250940322876,0.46257838558723885,0.9607171527963607,0.470944722827085,,0.026874194064551375,,,,,,0.23089560866355896,,
194712,15.3,0.84,1.61,0.030784,0.025273,0.0286,0.0352,0.0243,-0.0192,0.0024,0.0095,0.0008,0.05490196078431372,0.05603735823882588,0.10522875816993464,0.5217391304347826,0.7253256789578274,0.014799999999999999,0.006600000000000002,0.021599999999999998,0.01298701298701288,,0.02592159286584231,0.0011073046429999997,,,0.0047609245,,,,,,-1.587583594796214,,,-0.0008967334275449268,0.028000000000000025,,,,,0.044703755527734756,0.35636264085769653,0.47279374603894053,0.9695477655873695,0.47527350001311747,,0.030620526866752238,,,,,,0.20028623938560486,,
194801,14.69,0.843333,1.64333,-0.037743,-0.038905,0.0286,0.0352,0.0243,0.002,0.0024,0.0097,0.0007000000000000001,0.05740864533696392,0.05511980392156862,0.11186725663716814,0.5131854222828038,0.7518883039597163,0.014599999999999998,0.006600000000000002,0.00039999999999999975,0.012820512820512775,,0.027765388265729718,0.001048863984,,,0.0043871624,,,,,,-1.5114038855848864,,,0.0007657012150987796,0.0,,,,,0.03846612572669983,0.34281736612319946,0.445004939371316,0.9352956917313353,0.45848309153396116,,0.03428466779342889,,,,,,0.2053048461675644,,
194802,14.0,0.846667,1.67667,-0.040232,-0.047782,0.0285,0.0353,0.0241,0.0046,0.0039,0.01,0.0007000000000000001,0.06047621428571428,0.057635602450646695,0.11976214285714286,0.5049693738183423,0.7877697841726619,0.0141,0.006799999999999997,-0.0007000000000000001,-0.008438818565400852,,0.02913440754037297,0.0017556377390000003,,,0.0049033646,,,,,,-1.5445198026874836,,,-0.0013410849998232166,0.0,,,,,-0.08030698448419571,0.31823065876960754,0.4193339894165466,0.8926946748728928,0.4376000209880106,,0.036277808090026044,,,,,,0.28118276596069336,,
194803,15.08,0.85,1.71,0.08144,0.077022,0.028300000000000002,0.0353,0.0241,0.0034,0.0115,0.01,0.0009,0.05636604774535809,0.060714285714285714,0.11339522546419098,0.49707602339181284,0.8414221218961625,0.0141,0.006999999999999996,0.0081,-0.004255319148936176,,0.02718703272745483,0.002082021349,,,0.0058085148,,,,,,-1.5505269897516467,,,-0.016618463679269446,0.0,,,,,0.09390284866094589,0.34057724475860596,0.4286928284623792,0.9483542948889483,0.4648844347666395,,0.0354354097023397,,,,,,0.3352411687374115,,
194804,15.48,0.85,1.76,0.030821,0.028537,0.0278,0.0347,0.0239,0.0045,0.0038,0.01,0.0008,0.05490956072351421,0.05636604774535809,0.11369509043927649,0.4829545454545454,0.8259930197772977,0.013900000000000001,0.006900000000000003,-0.0006999999999999997,0.017094017094017255,,0.02745392951423672,0.0005519692350000002,,,0.0041501792,,,,,,-1.4915408268175505,,,-0.018692687373321526,0.0,,,,,0.0668608620762825,0.33116886019706726,0.43160881439587256,0.966069039336366,0.47356822415195315,,0.03457682445480312,,,,,,0.30252039432525635,,
194805,16.69,0.85,1.81,0.084014,0.077523,0.0276,0.0338,0.0231,0.0141,0.0008,0.01,0.0008,0.050928699820251645,0.05490956072351421,0.10844817255841821,0.46961325966850825,0.7816923560868196,0.013099999999999999,0.006199999999999997,-0.0133,0.004201680672268893,,0.02557812069015036,0.0014527575470000005,,,0.0044591399,,,,,,-1.6364255870246127,,,-0.005793454219362726,0.0,,,,,0.07990884780883789,0.3386067748069763,0.4352753493480822,0.998325133465927,0.5004066427053546,,0.03726949938940194,,,,,,0.21820421516895294,,
194806,16.74,0.85,1.86,0.007665,0.003687,0.0276,0.0334,0.0238,-0.0084,-0.0083,0.01,0.0009,0.050776583034647556,0.050928699820251645,0.11111111111111113,0.45698924731182794,0.7869735036419296,0.013800000000000002,0.0058,9.99999999999994e-05,0.008368200836820217,,0.02389366857431274,0.000907056688,,,0.0031442365,,,,,,-1.6292239607021974,,,0.0031706416385781644,0.0,,,,,0.07955018430948257,0.321964293718338,0.3181136139389459,0.9808448954234832,0.4970485610095233,,0.03646569725983613,,,,,,0.17245759069919586,,
194807,15.85,0.856667,1.93,-0.052296,-0.053144,0.0281,0.0337,0.0241,-0.0021,-0.0052,0.01,0.0008,0.05404839116719243,0.05117485065710872,0.12176656151419558,0.44386891191709843,0.8222577620912148,0.0141,0.005600000000000001,-0.0031,0.012448132780082943,,0.022179327693866144,0.0027669911470000006,,,0.0029631757,,,,,,-1.619114498669341,,,-0.0007890941959880493,0.0,,,,,-0.12421070784330368,0.33922967314720154,0.31481180775220446,0.9387554359080555,0.4757194952383451,,0.03284041432497688,,,,,,0.30886736512184143,,
194808,15.97,0.863333,2.0,0.015539,0.008123,0.028399999999999998,0.0344,0.0242,0.0001,0.0055,0.0106,0.0009,0.054059674389480276,0.05446895899053628,0.12523481527864747,0.4316665,0.8205382202410434,0.0136,0.006000000000000002,0.005399999999999999,0.004098360655737654,,0.01922680896969021,0.0011851393339999997,,,0.0028878628,,,,,,-1.50609420464548,,,-0.008424469824480418,0.0,,,,,-0.021694675087928772,0.34740620851516724,0.3287056636404421,0.9407227169186168,0.476716425741795,,0.028623876034484515,,,,,,0.3119369149208069,,
194809,15.49,0.87,2.07,-0.027016,-0.031159,0.028399999999999998,0.0345,0.0242,0.0014,0.0024,0.0109,0.0004,0.05616526791478373,0.054477144646211645,0.13363460296965785,0.4202898550724638,0.8362310712282669,0.0133,0.006100000000000005,0.0009999999999999998,0.0,,0.019128085479879736,0.002395501641,,,0.0030531024,,,,,,-1.5826006987457355,,,-0.01976946332039553,0.0,,,,,-0.033469099551439285,0.33816245198249817,0.342033299173832,0.9230689583764755,0.4677702862239946,,0.025214842805330786,,,,,,0.3904179632663727,,
194810,16.54,0.89,2.14333,0.070041,0.067023,0.028399999999999998,0.035,0.0243,0.0007,0.0024,0.011200000000000002,0.0004,0.053808948004836765,0.057456423499031635,0.12958464328899638,0.4152417033307983,0.7919056724028043,0.013099999999999997,0.006600000000000005,0.0016999999999999997,-0.004081632653061273,,0.018133729867603334,0.0008275633079999998,,,0.0021893158,,,,,,-1.4478624334836392,,,-0.016317555160335395,0.0,,,,,0.04812069609761238,0.3408982753753662,0.3522347531360331,0.9747359701801616,0.49395282944617885,,0.024384485775436397,,,,,,0.32366377115249634,,
194811,14.75,0.91,2.21667,-0.098332,-0.109939,0.028399999999999998,0.0353,0.0239,0.0076,0.0085,0.011399999999999999,0.0004,0.06169491525423729,0.05501813784764208,0.15028271186440678,0.4105256984575963,0.8709112149532711,0.012500000000000002,0.0069,0.0009000000000000006,-0.008196721311475419,,0.017791531193909842,0.006158903128999999,,,0.0023768242,,,,,,-1.6352120813157631,,,-0.03323727147614974,0.0,,,,,-0.18224889039993286,0.3332798182964325,0.3736707557888864,0.8863118658107269,0.44914342681743047,,0.026318694400974868,,,,,,0.48912477493286133,,
194812,15.2,0.93,2.29,0.035952,0.029719,0.0279,0.0353,0.0237,0.0056,0.0131,0.0116,0.0004,0.06118421052631579,0.06305084745762712,0.1506578947368421,0.40611353711790393,0.8409475465313028,0.0121,0.007399999999999997,0.007500000000000001,-0.004132231404958553,,0.015014544847642721,0.00096740501,,,0.0016330103,,,,,,-1.4517831616970205,,,-0.046553931914142144,0.0,,,,,0.06946352124214172,0.3535362780094147,0.44617775692991374,0.917891903085525,0.46514678489912636,,0.03054144183227861,,,,,,0.43702149391174316,,
194901,15.22,0.946667,2.32,0.002676,0.001377,0.0271,0.0346,0.0233,0.0082,0.0038,0.011699999999999999,0.001,0.062198883048620236,0.06228072368421053,0.152431011826544,0.40804612068965523,0.832402858418937,0.011600000000000003,0.0075,-0.004400000000000001,-0.004149377593361092,,0.013297683998941273,0.0013129862260000001,,,0.0017767354,,,,,,-1.435913937982866,,,-0.05994837374373185,0.0,,,,,0.055612172931432724,0.3633723855018616,0.4149639425452897,0.9273141437150549,0.46992155731038643,,0.0335625524099214,,,,,,0.4257746636867523,,
194902,14.62,0.963333,2.35,-0.031639,-0.041472,0.0271,0.0345,0.0231,0.0049,0.0038,0.011699999999999999,0.0009,0.06589145006839946,0.06329388961892246,0.16073871409028728,0.40992893617021275,0.8615509071998151,0.0114,0.007400000000000004,-0.0010999999999999998,-0.008333333333333304,,0.01721902746525563,0.0014096786060000003,,,0.0021699988,,,,,,-1.4218798568809718,,,-0.07343634580809288,0.0,,,,,-0.002648291178047657,0.3749285042285919,0.4496952559556842,0.8959411886518949,0.4540231392816853,,0.03604060858637359,,,,,,0.25600817799568176,,
194903,15.06,0.98,2.38,0.033981,0.029349,0.027000000000000003,0.0347,0.0227,0.0074,0.0007,0.011699999999999999,0.001,0.0650730411686587,0.06703146374829001,0.15803452855245684,0.411764705882353,0.9017504234895539,0.011000000000000003,0.0076999999999999985,-0.0067,0.0,,0.014658968413256547,0.001120894145,,,0.0027170669,,,,,,-1.4251872841268987,,,-0.09673984550032211,0.0,,,,,0.03715805336833,0.3613737225532532,0.4259906100697229,0.9168564920273349,0.4646220846341527,,0.038285911269148085,,,,,,0.2847273349761963,,
194904,14.74,0.993333,2.38667,-0.018691,-0.021717,0.027000000000000003,0.0345,0.0227,0.0011,0.0023,0.011699999999999999,0.0009,0.06739029850746268,0.06595836653386454,0.1619179104477612,0.4162003963681615,0.9174997127427323,0.011000000000000003,0.0075,0.0012,0.004201680672268893,,0.015288746191675931,0.000499270597,,,0.0036580641,,,,,,-1.3392362958152408,,,-0.10655379800009213,0.0,,,,,-0.03852720186114311,0.3749951422214508,0.4485670931776105,0.9011182439428453,0.45664664060655347,,0.03911090815934263,,,,,,0.25099658966064453,,
194905,14.19,1.00667,2.39333,-0.029423,-0.037792,0.0271,0.0345,0.0227,0.0019,0.0038,0.011699999999999999,0.001,0.07094221282593376,0.06829511533242875,0.16866314305849192,0.4206147919426071,0.9485626039439295,0.011000000000000003,0.007400000000000004,0.0019,-0.004184100418409997,,0.016901436208171056,0.001007660117,,,0.0034218573,,,,,,-1.3384421454125344,,,-0.12435031130467156,0.0,,,,,-0.10863122344017029,0.3782142102718353,0.45659022361102486,0.8716090287844275,0.44169268305480497,,0.03647904559780529,,,,,,0.21935051679611206,,
194906,14.16,1.02,2.4,0.001744,-0.003269,0.0271,0.0347,0.0217,0.0167,0.0084,0.011699999999999999,0.001,0.07203389830508475,0.0718816067653277,0.1694915254237288,0.42500000000000004,0.9538884243220642,0.010000000000000002,0.007600000000000003,-0.0083,0.004201680672268893,,0.016812418029371688,0.001697811674,,,0.0040919143,,,,,,-1.4512114423804814,,,-0.130263000198501,0.0,,,,,0.026432398706674576,0.3750962018966675,0.40443760384092836,0.8737083811710676,0.4392265918094288,,0.03145149160928554,,,,,,0.24104979634284973,,
194907,15.04,1.02667,2.39667,0.062732,0.061657000000000003,0.026699999999999998,0.0346,0.0216,0.0033,0.0099,0.0102,0.0009,0.06826263297872341,0.07250494350282485,0.1593530585106383,0.42837353494640484,0.9077989995452478,0.0114,0.0079,0.006600000000000001,-0.008368200836820106,,0.01951139704525322,0.000640880894,,,0.0036228094,,,,,,-1.3408304803482043,,,-0.13618321369322484,0.0,,,,,0.049790747463703156,0.3523405194282532,0.38826445209536486,0.9270657672849916,0.46152635307080825,,0.03123869465719743,,,,,,0.26021304726600647,,
194908,15.22,1.03333,2.39333,0.0218,0.011738,0.0262,0.034,0.021,0.0111,0.0037,0.0104,0.0009,0.06789290407358739,0.06870545212765958,0.1572490144546649,0.43175408322295716,0.8938766371879547,0.010600000000000002,0.007800000000000001,-0.0074,0.0042194092827005925,,0.019440800875955937,0.001073536357,,,0.0037216875,,,,,,-1.3706770489982791,,,-0.13011733273062065,0.0,,,,,0.026580411940813065,0.37321317195892334,0.4034618156508649,0.9415050590219225,0.46871474670094704,,0.028497695279320175,,,,,,0.26607832312583923,,
194909,15.58,1.04,2.39,0.027415,0.024293,0.026000000000000002,0.0337,0.0212,-0.0011,0.0021,0.010700000000000001,0.0009,0.06675224646983312,0.0683311432325887,0.1534017971758665,0.4351464435146443,0.8750205468193524,0.010499999999999999,0.0076999999999999985,0.0031999999999999997,0.004201680672268893,,0.02334341384855819,0.0015475937490000001,,,0.0026298133,,,,,,-1.4701171232319048,,,-0.12415335299512353,0.0,,,,,-0.03209954500198364,0.35734423995018005,0.40989656776084715,0.9617938448566611,0.4788152268016895,,0.027551746336504177,,,,,,0.28538763523101807,,
194910,16.04,1.07333,2.36667,0.02978,0.028437,0.026099999999999998,0.0336,0.0212,0.0019,0.0067,0.0105,0.0009,0.06691583541147132,0.06889152759948651,0.14754800498753118,0.4535190795505921,0.8425662129365833,0.0107,0.0075,0.0048000000000000004,-0.008368200836820106,,0.02223330722300722,0.0006135020450000001,,,0.0029968918,,,,,,-1.4052655298609122,,,-0.16609536046585482,0.0,,,,,0.01089387759566307,0.38316085934638977,0.37329614005152434,0.9956923723471316,0.4972584411155127,,0.028500010028245343,,,,,,0.29382625222206116,,
194911,16.06,1.10667,2.34333,0.020738,0.000482,0.026000000000000002,0.0335,0.0212,0.0021,0.0021,0.0108,0.0008,0.0689084682440847,0.06899438902743142,0.1459109589041096,0.4722638296782784,0.8337248760114851,0.0104,0.0075,0.0,0.0042194092827005925,,0.023643166423016886,0.0009088615490000003,,,0.0040043923,,,,,,-1.3955202318333424,,,-0.1438046775761701,0.0,,,,,0.025997910648584366,0.37031564116477966,0.39907577220643614,0.989820173625465,0.5025316787784978,,0.03404022292484908,,,,,,0.26755765080451965,,
194912,16.76,1.14,2.32,0.050984,0.046034,0.0258,0.0331,0.0209,0.0052,-0.0145,0.011000000000000001,0.0009,0.06801909307875893,0.07098381070983811,0.13842482100238662,0.49137931034482757,0.7964292838619588,0.009899999999999997,0.0072999999999999975,-0.019700000000000002,-0.008403361344537785,,0.027175581995091392,0.00047323949399999995,,,0.004252018,,,,,,-1.4443424903217557,,,-0.12996703102225293,0.0,,,,,0.03708943724632263,0.33996856212615967,0.4105685013371327,1.0,0.5260644856625653,,0.03730402321322602,,,,,,0.17022687196731567,,
195001,17.05,1.15,2.33667,0.019703,0.018245,0.025699999999999997,0.032400000000000005,0.0215,-0.0061,0.0037,0.010700000000000001,0.0009,0.06744868035190615,0.06861575178997613,0.1370480938416422,0.49215336354727024,0.7914168194657812,0.010799999999999997,0.006700000000000008,0.0098,-0.00423728813559332,,0.027102225852408384,0.0009891529749999999,,,0.0044582231,,,,,,-1.5184978351983784,,,-0.11643439121632948,0.0,,,,,0.012708425521850586,0.3550451397895813,0.37660556296851366,0.9990593128032479,0.5293963323451478,,0.03929817305480116,,,,,,0.19038011133670807,,
195002,17.22,1.16,2.35333,0.019603,0.009975,0.0258,0.032400000000000005,0.0214,0.0021,0.0007,0.011200000000000002,0.0009,0.06736353077816493,0.06803519061583577,0.1366626016260163,0.4929185452104039,0.7849980338183248,0.010199999999999997,0.006600000000000005,-0.0013999999999999998,0.0,,0.025491649147044094,0.00042601425599999996,,,0.0042464942,,,,,,-1.419807931744774,,,-0.11648522271158024,0.0,,,,,0.04884527996182442,0.37540677189826965,0.3678115078160468,0.9943790019062515,0.5337251095311802,,0.03737893302481517,,,,,,0.1869114339351654,,
195003,17.29,1.17,2.37,0.008185,0.003542,0.0258,0.032400000000000005,0.0215,0.0008,0.0022,0.011200000000000002,0.001,0.06766917293233082,0.06794425087108014,0.13707345286292655,0.49367088607594933,0.8255277845183208,0.010299999999999997,0.006600000000000005,0.0014000000000000002,0.004255319148936287,,0.029291341669718397,0.0006243024780000001,,,0.00455264,,,,,,-1.4539274121065753,,,-0.08837689845560392,0.0,,,,,-0.0038791790138930082,0.37658870220184326,0.380808021950234,0.9822194680141101,0.5405724479890862,,0.0371845888281399,,,,,,0.2119351625442505,,
195004,18.07,1.18,2.42667,0.045887,0.044493,0.026000000000000002,0.0323,0.0214,0.003,-0.0008,0.0115,0.0009,0.0653016048699502,0.06824754193175246,0.13429275041505256,0.4862630683199611,0.7964974714365985,0.009899999999999999,0.0063,-0.0038,0.0,,0.026397514462720255,0.000714010739,,,0.0040222115,,,,,,-1.5059928075046438,,,-0.05947114688255484,0.0,,,,,0.07666599005460739,0.37685415148735046,0.33273540807276614,0.9918721842924156,0.5602749429388462,,0.04051442446443336,,,,,,0.1873970627784729,,
195005,18.78,1.19,2.48333,0.046902,0.03759,0.026099999999999998,0.0325,0.0213,0.0033,-0.0008,0.0116,0.001,0.06336528221512247,0.06585500830105147,0.13223269435569754,0.4791952740876162,0.7613463432100976,0.0097,0.006400000000000003,-0.0041,0.004237288135593209,,0.028572263411494,0.000641262983,,,0.0038032122,,,,,,-1.4607896485605696,,,-0.04031179563013554,0.0,,,,,0.056614961475133896,0.3399147689342499,0.3658648894634882,1.0,0.5861426660020462,,0.03953906591170553,,,,,,0.176637664437294,,
195006,17.69,1.2,2.54,-0.054224,-0.057849,0.0262,0.032799999999999996,0.0216,-0.0025,0.0023,0.0115,0.001,0.06783493499152063,0.06389776357827476,0.143583945732052,0.47244094488188976,0.8134474678398927,0.010100000000000001,0.006599999999999995,0.0048000000000000004,0.0042194092827005925,,0.030396650480538766,0.0058557165030000006,,,0.0041153743,,,,,,-1.632600599925502,,,-0.014841818960802833,0.0,,,,,-0.22844968736171722,0.3235369324684143,0.334452023313229,0.9156230843331291,0.5486003620431829,,0.03813305018169162,,,,,,0.40940621495246887,,
195007,17.84,1.24333,2.6,0.016981,0.015875,0.0265,0.0332,0.0214,0.0055,0.0069,0.0116,0.001,0.06969338565022422,0.07028434143583945,0.14573991031390135,0.47820384615384615,0.8123209169054441,0.0098,0.006700000000000001,0.0014000000000000002,0.012605042016806678,,0.030117342134757672,0.003110250034,,,0.0043203314,,,,,,-1.7898561638993482,,,0.013092678858194429,0.0,,,,,0.016621548682451248,0.3133936822414398,0.2915782342318037,0.9168928978019092,0.5493611774273945,,0.044707915417213306,,,,,,0.44752630591392517,,
195008,18.42,1.28667,2.66,0.048063,0.031526,0.026099999999999998,0.0323,0.0214,0.0014,0.0038,0.012,0.001,0.06985179153094462,0.07212275784753364,0.14440825190010856,0.4837105263157894,0.7843408493567574,0.009399999999999999,0.006200000000000004,0.0024000000000000002,0.008298755186721962,,0.02955086613481709,0.0010756051259999998,,,0.0044526781,,,,,,-1.5214227519292134,,,0.040050910148734076,0.0,,,,,0.04067118838429451,0.3235008716583252,0.31552340727781014,0.9496015412908311,0.5689587323241598,,0.04496392533341376,,,,,,0.4442887604236603,,
195009,19.45,1.33,2.72,0.059466,0.05651,0.0264,0.0321,0.022,-0.0072,-0.0039,0.013000000000000001,0.001,0.06838046272493574,0.07220412595005428,0.1398457583547558,0.4889705882352941,0.7514578547446544,0.008999999999999998,0.005699999999999997,0.0033,0.00411522633744843,,0.02591420685682341,0.0013183729690000002,,,0.0040318334,,,,,,-1.5993597615649628,,,0.02978313251626652,0.0,,,,,0.009507089853286743,0.32978957891464233,0.33550073808833425,0.9911550923898766,0.5938557598971588,,0.0428597565651197,,,,,,0.3232075572013855,,
195010,19.53,1.37667,2.76,0.005084,0.003425,0.026699999999999998,0.0322,0.0225,-0.0048,-0.0008,0.0131,0.0012,0.07049001536098311,0.07077994858611826,0.141321044546851,0.4987934782608696,0.755966401493267,0.009399999999999999,0.005500000000000001,0.003999999999999999,0.00819672131147553,,0.02734103779800906,0.001759406518,,,0.003975191,,,,,,-1.5569515569488455,,,0.03233863837411599,0.0,,,,,-0.00810411386191845,0.3316711485385895,0.33873392546015857,0.97095883317511,0.5903140331085867,,0.027912856243749798,,,,,,0.2561875581741333,,
195011,19.51,1.42333,2.8,0.02243,-7.3e-05,0.026699999999999998,0.0322,0.0224,0.0035,0.0054,0.013600000000000001,0.0011,0.07295386981035366,0.07287916026625703,0.1435161455663762,0.5083321428571429,0.7473637961335676,0.008799999999999999,0.005500000000000001,0.0019000000000000002,0.00406504065040636,,0.025540132200622644,0.002457673046,,,0.0048867653,,,,,,-1.6230971429915726,,,0.02689127786468326,0.0,,,,,-0.09821899980306625,0.3445885479450226,0.3290623204804975,0.9665774833312099,0.5971089015399952,,0.027895107228045862,,,,,,0.3555474877357483,,
195012,20.41,1.47,2.84,0.055425,0.051025,0.026699999999999998,0.032,0.0224,0.0016,0.0023,0.0134,0.0011,0.0720235178833905,0.07534597642234751,0.13914747672709454,0.5176056338028169,0.7225384419335655,0.009,0.005300000000000003,0.0006999999999999999,0.012145748987854255,,0.031359199992622835,0.002489540943,,,0.0056625153,,,,,,-1.717517272358796,,,0.04049167033726775,0.0,,,,,0.02438713237643242,0.33310332894325256,0.3225261830731241,0.9997876587251029,0.6176246819004643,,0.037166472754561274,,,,,,0.3922938108444214,,
195101,21.66,1.48667,2.83667,0.065105,0.063309,0.026600000000000002,0.0317,0.0221,0.0058,0.0019,0.0134,0.0013,0.06863665743305632,0.07284027437530621,0.1309635272391505,0.5240898659343526,0.6835992444640919,0.008700000000000001,0.005099999999999997,-0.0039,0.016000000000000014,,0.030045965488267334,0.001704688583,,,0.0056360733,,,,,,-1.6573101804601889,,,0.03978573418833298,0.0,,,,,0.04750806465744972,0.3237575888633728,0.3450151771857715,0.9969949515185512,0.6528058346669465,,0.039504111275041776,,,,1.0522597454234897,,0.3727481961250305,,
195102,21.8,1.50333,2.83333,0.014546,0.004185,0.026600000000000002,0.0316,0.0228,-0.0074,-0.0044,0.013600000000000001,0.001,0.06896009174311926,0.06940581717451524,0.12996926605504588,0.530587683044333,0.6748660979964293,0.0092,0.005000000000000001,0.003,0.011811023622047223,,0.031120933361576158,0.0006506439630000001,,,0.0055102499,,,,,,-1.566078993404308,,,0.04220243349743891,0.0,,,,,0.001066138269379735,0.32096776366233826,0.32629541628059316,0.9856869109538149,0.661253508933022,,0.04059756129297189,,,,1.0522597454235034,,0.30168765783309937,,
195103,21.4,1.52,2.83,-0.017484,-0.019706,0.0278,0.0323,0.0241,-0.0157,-0.0237,0.013999999999999999,0.0011,0.07102803738317758,0.06972477064220184,0.1322429906542056,0.5371024734982333,0.7813946002494668,0.010100000000000001,0.004500000000000004,-0.008,0.0038910505836575737,,0.03268766894878925,0.001227664949,,,0.0057490293,,,,,,-1.5657069223778908,,,0.04302505043546523,0.0,,,,,0.014552031643688679,0.34054774045944214,0.3542331134964323,0.9719213171170467,0.652018784269486,,0.03218576597234766,,,,1.0522597454234996,,0.2799844443798065,,
195104,22.43,1.53333,2.79333,0.049108,0.047903,0.0287,0.0335,0.0248,-0.0063,-0.0009,0.0147,0.0013,0.06836067766384307,0.07165093457943926,0.12453544360231833,0.5489254760447209,0.7494307876355497,0.0101,0.004800000000000002,0.0054,0.0,,0.03209334162710536,0.000848198137,,,0.0044062337,,,,,,-1.5214327539581134,,,0.040747684010185914,0.0,,,,,0.07554814219474792,0.32276302576065063,0.32682017046067413,1.0,0.6798278983130887,,0.03107874825517214,,,,1.052259745423503,,0.2776411473751068,,
195105,21.52,1.54667,2.75667,-0.029979,-0.040917,0.028900000000000002,0.034,0.0254,-0.0069,-0.0015,0.0155,0.0012,0.07187128252788104,0.06895541685242979,0.12809804832713756,0.5610646178178744,0.7778890446625275,0.009899999999999999,0.0051,0.0054,0.003875968992248069,,0.03067590381919767,0.001407420007,,,0.0039686672,,,,,,-1.5140282354882462,,,0.03381750247522364,0.0,,,,,0.045526981353759766,0.3338908851146698,0.3631115442140396,0.9487705696803862,0.6549571057533384,,0.0312873653823776,,,,1.0522597454235023,,0.30148398876190186,,
195106,20.96,1.56,2.72,-0.025848,-0.028186,0.0294,0.0349,0.0259,-0.0062,-0.0093,0.014499999999999999,0.0012,0.07442748091603053,0.0724907063197026,0.1297709923664122,0.5735294117647058,0.8003626772172766,0.0114,0.005500000000000001,-0.0030999999999999995,0.0,,0.036342027969807456,0.001136773276,,,0.0040645158,,,,,,-1.4999543033398683,,,0.02532431100202759,0.0,,,,,-0.03899757191538811,0.34346845746040344,0.4067568240271254,0.9221297457530497,0.6365663614660125,,0.032890920983397555,,,,0.5375757218052718,,0.2818421721458435,,
195107,22.4,1.54667,2.65,0.070935,0.070014,0.0294,0.0353,0.0252,0.0138,0.0205,0.015600000000000001,0.0013,0.06904776785714287,0.07379150763358779,0.11830357142857144,0.5836490566037736,0.7531218490653843,0.0096,0.005899999999999999,0.006700000000000001,0.0,,0.03259944777879122,0.0014082078629999999,,,0.0037154163,,,,,,-1.4877129117768644,,,0.005786109123047556,0.0,,,,,0.038750842213630676,0.32908764481544495,0.40447921027672595,0.979971877018964,0.6764960516305061,,0.03184053584039463,,,,0.7803982348754693,,0.2839747667312622,,
195108,23.28,1.53333,2.58,0.05022,0.038396,0.0288,0.035,0.0246,0.0099,0.0114,0.016200000000000003,0.0013,0.06586469072164948,0.06845223214285714,0.11082474226804123,0.5943139534883721,0.7185938945420907,0.008399999999999998,0.006200000000000004,0.0014999999999999996,0.0,,0.030322015546074946,0.000581779531,,,0.0039216119,,,,,,-1.4793030307019055,,,-0.00758524335073929,0.0,,,,,0.09887136518955231,0.3483653664588928,0.41852049629028065,1.0,0.7090012330456227,,0.032679647890328324,,,,0.788031817331767,,0.23449085652828217,,
195109,23.26,1.52,2.51,0.002868,0.001195,0.028399999999999998,0.0346,0.0253,-0.008,-0.0057,0.0163,0.0012,0.06534823731728288,0.06529209621993128,0.10791057609630265,0.6055776892430279,0.7161823277769581,0.009000000000000001,0.006200000000000001,0.0023,0.007722007722007929,,0.028800314104136946,0.00025476904200000006,,,0.0039337103,,,,,,-1.518316165585172,,,-0.005017408938819301,0.0,,,,,0.00665331119671464,0.33462923765182495,0.42009772195372064,0.9811484603972935,0.7113886192512527,,0.029423186449777462,,,,0.5419623949876413,,0.17801275849342346,,
195110,22.94,1.48333,2.48667,-0.013321,-0.015088,0.028900000000000002,0.035,0.0254,0.001,-0.0145,0.0154,0.0016,0.06466129032258064,0.06377171109200344,0.10839886660854403,0.5965126052109849,0.7402325138174194,0.009999999999999998,0.006100000000000001,-0.0155,0.003831417624520883,,0.029145082421777786,0.0015110762550000002,,,0.0038418979,,,,,,-1.5534218738948615,,,-0.010414140713794318,0.0,,,,,0.02669915184378624,0.33584120869636536,0.42438968702667484,0.9492709049462678,0.6882755725791642,,0.028017466867345006,,,,-0.2624821632312428,,0.23772713541984558,,
195111,22.88,1.44667,2.46333,0.011388,-0.002574,0.0296,0.0356,0.0264,-0.0136,-0.0061,0.015600000000000001,0.0011,0.06322858391608391,0.06306320836965998,0.10766302447552448,0.5872822561329581,0.7432923795307537,0.010799999999999999,0.005999999999999998,0.007499999999999999,0.007633587786259444,,0.03162179197110487,0.0010239816519999998,,,0.004017421,,,,,,-1.480112566808166,,,-0.006289457649844454,0.0,,,,,0.06548649072647095,0.33641189336776733,0.3654122195237547,0.9453631001917718,0.6854421911483064,,0.021493506851504335,,,,-0.5269337812810552,,0.2734486758708954,,
195112,23.77,1.41,2.44,0.041815,0.038467,0.0301,0.0361,0.0269,-0.0061,0.0058,0.0173,0.0012,0.05931846865797223,0.06162587412587413,0.10265039966344132,0.5778688524590164,0.7213163466181332,0.009600000000000001,0.006000000000000002,0.0119,0.0037878787878788955,,0.03615078668450711,0.000427036368,,,0.0041468933,,,,,,-1.4058604783838573,,,-0.003790253577589997,0.0,,,,,0.05519656091928482,0.34321215748786926,0.3847446819559173,0.9741650685675002,0.7063252616942571,,0.02163211825332715,,,,-0.5269337812810547,,0.27864089608192444,,
195201,24.14,1.41333,2.42667,0.017768,0.016303,0.0298,0.0359,0.0268,0.0028,0.0199,0.015700000000000002,0.0015,0.05854722452361226,0.05945856121161128,0.10052485501242751,0.5824154087700428,0.7174258376740921,0.011099999999999999,0.006100000000000001,0.0171,0.0,,0.035150697197390474,0.0005384210810000001,,,0.0035154761,,,,,,-1.4130562531935744,,,0.0033437208460589396,0.0,,,,,-0.0420956164598465,0.33492305874824524,0.3824027280276897,0.9794478416615406,0.7101555736285646,,0.02008518291029713,,,,-0.28086435893692996,,0.18992577493190765,,
195202,23.26,1.41667,2.41333,-0.025241,-0.035743,0.029300000000000003,0.0353,0.0269,0.0014,-0.0085,0.0154,0.0012,0.06090584694754944,0.05868558409279205,0.10375451418744626,0.5870187666005063,0.7466933251307291,0.0115,0.005999999999999995,-0.0099,-0.007547169811320753,,0.03487169961523611,0.0009316009840000001,,,0.0036388713,,,,,,-1.4190680939932678,,,0.005743491295245207,0.0,,,,,-0.010042276233434677,0.3525969088077545,0.3572228893825436,0.9410572782863552,0.6823202245717134,,0.02286386257071946,,,,-0.25507227073301886,,0.20023095607757568,,
195203,24.37,1.42,2.4,0.052805,0.050655,0.0296,0.0351,0.0263,0.0111,0.0076,0.0159,0.0011,0.05826836274107509,0.06104901117798796,0.09848173984407058,0.5916666666666667,0.7518741186075856,0.0104,0.005499999999999998,-0.0035000000000000005,0.0,,0.032094143138500494,0.000631815169,,,0.0033227299,,,,,,-1.3638318795904725,,,0.005040011537439604,0.0,,,,,0.07859039306640625,0.3442446291446686,0.3669743829426155,0.9749972862466981,0.7069286669989767,,0.025080866871790924,,,,0.5171501600228091,,0.2033633142709732,,
195204,23.32,1.43,2.38,-0.041423,-0.043268,0.029300000000000003,0.035,0.0254,0.0171,-0.0004,0.015700000000000002,0.0012,0.061320754716981125,0.05867870332375871,0.1020583190394511,0.6008403361344538,0.7863990994837557,0.009699999999999997,0.0057,-0.0175,0.0038022813688212143,,0.03323144212889792,0.0008078352789999999,,,0.0038390162,,,,,,-1.4036057553151888,,,-0.00801944163734003,0.0,,,,,0.0015480266883969307,0.3464658856391907,0.365612482971691,0.9321923508340269,0.6758926463257864,,0.026396904102599636,,,,-0.25302890465624384,,0.24248278141021729,,
195205,23.86,1.44,2.36,0.033698,0.023274,0.029300000000000003,0.0349,0.0257,-0.0033,0.0031,0.0167,0.0013,0.06035205364626991,0.06174957118353344,0.0989103101424979,0.6101694915254238,0.7705179888948048,0.009000000000000001,0.005599999999999997,0.0063999999999999994,0.0,,0.032149122359546395,0.0005264526110000001,,,0.004511025,,,,,,-1.3601176701127407,,,-0.021156008263522708,0.0,,,,,0.06627744436264038,0.3705073595046997,0.3567120465571597,0.9514057242102978,0.6898234383608364,,0.025799881956440396,,,,0.7816017780726218,,0.20870880782604218,,
195206,24.96,1.45,2.34,0.047832,0.045795,0.0294,0.035,0.0259,0.0003,0.0016,0.017,0.0015,0.05809294871794871,0.06077116512992456,0.09374999999999999,0.6196581196581197,0.7387150878728214,0.008899999999999998,0.005600000000000004,0.0013000000000000002,0.0037878787878788955,,0.027731269993829022,0.00032527064899999996,,,0.0044307208,,,,,,-1.3543106356971837,,,-0.034382916219596105,0.0,,,,,0.0275765098631382,0.35279616713523865,0.37817094349935765,0.9923653073777906,0.719521473358344,,0.025571563038060473,,,,1.0522597454235025,,0.2001124620437622,,
195207,25.4,1.45,2.34667,0.019129,0.017659,0.029500000000000002,0.035,0.0261,-0.002,0.0016,0.0181,0.0015,0.05708661417322835,0.05809294871794871,0.09238858267716536,0.6178968495783387,0.7247102589783946,0.008,0.005500000000000001,0.0036,0.007547169811320753,,0.027922820575683394,0.00034488178100000003,,,0.0041125604,,,,,,-1.3405844772518514,,,-0.05410577446731901,0.0,,,,,0.02163805440068245,0.3645934760570526,0.3724842002999923,1.0,0.7334260303801453,,0.02282086834701892,,,,1.0522597454235025,,0.13565492630004883,,
195208,25.03,1.45,2.35333,-0.005674,-0.015007,0.0294,0.0351,0.0267,-0.007,0.0063,0.0183,0.0015,0.05793048341989612,0.05708661417322835,0.0940203755493408,0.6161481815130049,0.7366201279813844,0.008400000000000001,0.0057,0.0133,0.0,,0.028042879576055182,0.00028953667400000003,,,0.003761577,,,,,,-1.3131100895645254,,,0.004451533100458871,0.0,,,,,-0.00607706792652607,0.38253676891326904,0.37453760327243435,0.9812693995504655,0.7215678043917413,,0.021263483069490958,,,,1.0522597454235025,,0.12272732704877853,,
195209,24.54,1.45,2.36,-0.018085,-0.020098,0.029500000000000002,0.0352,0.0277,-0.013,-0.0018,0.0171,0.0016,0.05908720456397718,0.05793048341989612,0.09616951915240424,0.614406779661017,0.748678910609364,0.010599999999999998,0.0057,0.0112,0.0,,0.031038052968652995,0.00044117257299999997,,,0.0035043688,,,,,,-1.3543837455859318,,,0.036301515873160994,0.0,,,,,-0.048470597714185715,0.3447241187095642,0.3817982850307427,0.9654643405044775,0.7099456935225752,,0.02024978501611257,,,,0.8061903230793789,,0.1700146347284317,,
195210,24.52,1.43667,2.37333,0.00032,-0.001244,0.0301,0.0354,0.0269,0.0148,0.0039,0.0174,0.0014000000000000002,0.05859176182707993,0.0585440097799511,0.09679159869494292,0.6053393333417603,0.7525164357612449,0.009500000000000001,0.005300000000000003,-0.0109,0.0,,0.029927598865387966,0.0010262180079999997,,,0.0035754811,,,,,,-1.3507777048253506,,,0.04269391530661748,0.0,,,,,0.06471609324216843,0.3636275827884674,0.35967924346020264,0.9605408683863141,0.7063252616942571,,0.02358428684718314,,,,-0.2624821632312416,,0.2420634776353836,,
195211,25.66,1.42333,2.38667,0.061382,0.048273,0.0298,0.0353,0.0272,-0.0015,0.0108,0.018500000000000003,0.001,0.055468823070927514,0.058047716150081564,0.09301130163678878,0.5963664855216683,0.7142353521821898,0.008699999999999996,0.005499999999999998,0.0123,0.0,,0.02655136050002464,0.0004590891249999999,,,0.0035423516,,,,,,-1.4806661555228195,,,0.058938879448698245,0.0,,,,,0.08034232258796692,0.3391684293746948,0.37929922309886654,1.0,0.7441823858121048,,0.027560410345240594,,,,-0.018939278616962662,,0.25267279148101807,,
195212,26.57,1.41,2.4,0.038215,0.035725,0.0297,0.0351,0.0279,-0.0086,-0.0091,0.0209,0.0016,0.053067369213398566,0.054949337490257204,0.09032743695897628,0.5875,0.6940733127783488,0.007000000000000003,0.0053999999999999986,-0.0005000000000000004,0.0,,0.026535607923680014,0.00026771746700000003,,,0.0034459187,,,,,,-1.4260276652256492,,,0.060827568107620245,0.0,,,,,0.08220156282186508,0.36089926958084106,0.39507140870186913,0.9996575342465752,0.7658000367290184,,0.02838182629784278,,,,0.7880318173317662,,0.20910215377807617,,
195301,26.38,1.41,2.41,-0.006207,-0.006795,0.0302,0.0351,0.0279,0.0012,-0.008,0.0196,0.0016,0.05344958301743745,0.053067369213398566,0.09135708870356331,0.5850622406639003,0.6991752079235256,0.008300000000000002,0.004899999999999998,-0.0092,-0.0037453183520598232,,0.025934928549873035,0.00040095887699999994,,,0.0033213634,,,,,,-1.4448093088850584,,,0.05988506056759446,0.0,,,,,0.07036638259887695,0.37293100357055664,0.3851215579996773,0.9863167568671499,0.7602119789070493,,0.03015972143842988,,,,0.8061903230793789,,0.1518932282924652,,
195302,25.9,1.41,2.42,-0.00754,-0.017804,0.030699999999999998,0.0353,0.0287,-0.0087,-0.004,0.0197,0.0014000000000000002,0.05444015444015444,0.05344958301743745,0.09343629343629344,0.5826446280991735,0.7127027122102227,0.009000000000000001,0.0046,0.004699999999999999,-0.003759398496240629,,0.02651639484279871,0.000490663735,,,0.0031140907,,,,,,-1.4629389748562696,,,0.06173424790938409,0.0,,,,,0.02040366642177105,0.38925668597221375,0.3545040216781785,0.9675959018346436,0.7457827216202744,,0.036397223845000784,,,,0.001745764860494744,,0.1476464867591858,,
195303,25.29,1.41,2.43,-0.022288,-0.024368,0.031200000000000002,0.035699999999999996,0.0294,-0.0088,-0.0033,0.020099999999999996,0.0018,0.05575326215895611,0.05444015444015444,0.09608540925266905,0.5802469135802468,0.7624968735484332,0.009300000000000003,0.004499999999999994,0.0055000000000000005,0.0037735849056603765,,0.024014260046270913,0.0006826524659999999,,,0.0028973121,,,,,,-1.4608465404449116,,,0.06632862711471832,0.0,,,,,-0.12476765364408493,0.3713700771331787,0.4005633532649206,0.9526192178086388,0.7342393157908544,,0.04044592284637046,,,,-0.7955483825551599,,0.22265776991844177,,
195304,24.62,1.41333,2.45667,-0.025308,-0.026832,0.0323,0.0365,0.0303,-0.0105,-0.0248,0.0219,0.0016,0.05740576766856214,0.05588493475682088,0.09978350934199837,0.5753031542698043,0.7767060964513194,0.008400000000000001,0.004199999999999995,-0.014299999999999998,0.0,,0.026294099595236313,0.001271594922,,,0.0033969102,,,,,,-1.498326473082069,,,0.06673341302273039,0.0,,,,,-0.04819079115986824,0.3660803735256195,0.411713491895339,0.9351918036692876,0.7208069890075294,-2.3326592996249973,0.03631306277633865,,,,-2.1795648867219426,,0.2871153950691223,,
195305,24.54,1.41667,2.48333,0.007401,-0.00273,0.0334,0.0378,0.0314,-0.0148,-0.003,0.0216,0.0017000000000000001,0.05772901385493073,0.05754142973192527,0.10119519152404238,0.5704719066737003,0.783752019979433,0.009799999999999996,0.004400000000000001,0.011800000000000001,0.003759398496240518,,0.027226518833889064,0.0005931666050000001,,,0.0028534772,,,,,,-1.3725456621019683,,,0.06849442502820713,0.0,,,,,0.008147848770022392,0.3571871817111969,0.39798199150966806,0.9267844378637801,0.7143269407351049,-2.320748159190564,0.027995403604306995,,,,-2.450069990964551,,0.30115291476249695,,
195306,24.14,1.42,2.51,-0.014266,-0.016183,0.034,0.038599999999999995,0.0301,0.0223,0.0109,0.021099999999999997,0.0018,0.0588235294117647,0.057864710676446614,0.10397680198840098,0.5657370517928287,0.7954969059867293,0.009000000000000001,0.004599999999999993,-0.0114,0.0037453183520599342,,0.027462858700616086,0.0011056921389999996,,,0.0028537844,,,,,,-1.4843821581355336,,,0.06064640038155478,0.09727626459143979,,,,,-0.04769536107778549,0.3507313132286072,0.35103601694856584,0.9131011947309302,0.703780465409135,-2.2942136560674533,0.021262435805284592,,,,-2.685335776515435,,0.3410939872264862,,
195307,24.75,1.42,2.52333,0.026314,0.024844,0.032799999999999996,0.038599999999999995,0.0301,0.0039,0.0177,0.0204,0.0015,0.05737373737373737,0.0588235294117647,0.10195272727272728,0.5627484316359731,0.7749291887573535,0.009699999999999997,0.0058,0.0138,0.0,,0.0261528071072941,0.000581014596,,,0.0025605978,,,,,,-1.3521515489835791,,,0.069227515992631,0.0,,,,,0.05336003005504608,0.3704143464565277,0.3778610048131524,0.9373361925184654,0.7224597948421964,-2.312124990788664,0.02206489530641952,,,,-2.417834555583716,,0.32194802165031433,,
195308,23.32,1.42,2.53667,-0.050101,-0.060097,0.032400000000000005,0.0385,0.0303,-0.0008,-0.0085,0.0204,0.0017000000000000001,0.06089193825042881,0.05737373737373737,0.10877658662092624,0.5597890147319123,0.8169359160860576,0.009899999999999999,0.006099999999999994,-0.0077,0.003731343283581934,,0.02808906619226783,0.000681473835,,,0.0024851686,,,,,,-1.4024676407670928,,,0.06005210129307015,0.0,,,,,-0.1261012852191925,0.37428411841392517,0.3854325599356725,0.8891385002893223,0.6853110160820631,-2.247532411702931,0.022678515368248782,,,,-2.685335776515435,,0.336812287569046,,
195309,23.35,1.42,2.55,0.002187,7.2e-05,0.0329,0.0388,0.0284,0.0299,0.0253,0.0179,0.0016,0.060813704496788,0.06089193825042881,0.10920770877944325,0.5568627450980392,0.8082108771398273,0.010500000000000002,0.0059000000000000025,-0.0046,0.0,,0.025878649356623266,0.0011056425909999998,,,0.0026094226,,,,,,-1.5116035588620296,,,0.03563069247184192,0.0,,,,,-0.0234833974391222,0.3677920401096344,0.39153030722644383,0.8987371932332618,0.6927092898181914,-2.2427994940994185,0.025032514932717187,,,,-2.685335776515435,,0.3224758803844452,,
195310,24.54,1.43,2.53667,0.051046,0.049806,0.0316,0.0382,0.0281,0.0074,0.0227,0.0138,0.0013,0.0582722086389568,0.06124197002141327,0.10336878565607172,0.5637311908919962,0.773721039846271,0.0143,0.006599999999999995,0.015300000000000001,0.003717472118959231,,0.02469690095807994,0.000572851756,,,0.0026167199,,,,,,-1.401018438437359,,,0.023517227465557067,0.0,,,,,0.10136789828538895,0.38370466232299805,0.3965732715301084,0.938799823002825,0.7235879004118897,-2.295704613161763,0.026368056951965337,,,,-1.9353859673463207,,0.3048129677772522,,
195311,24.76,1.44,2.52333,0.023763,0.009879,0.0311,0.0375,0.0286,-0.0049,-0.0073,0.0144,0.0008,0.058158319870759284,0.05867970660146699,0.10191155088852988,0.5706744658843671,0.7584319579201763,0.0142,0.0063999999999999994,-0.0024000000000000002,-0.0037037037037037646,,0.025798712561103644,0.000376498263,,,0.0028678282,,,,,,-1.4019209920762405,,,-0.00439445235575775,0.0,,,,,0.09845037013292313,0.38433414697647095,0.41833770431150147,0.9577249055447768,0.7381745677781567,-2.310097160054831,0.026677507793501313,,,,-1.0913077145219254,,0.2513158321380615,,
195312,24.81,1.45,2.51,0.001713,-0.001189,0.0313,0.0374,0.0274,0.0206,0.0172,0.016,0.0013,0.05844417573559049,0.058562197092084003,0.1011688835147118,0.5776892430278885,0.7597009611961553,0.0114,0.006100000000000001,-0.0034000000000000002,0.0,,0.024823248782877824,0.0004172688719999999,,,0.0027933096,,,,,,-1.3848987463275348,,,-0.03290252533491422,0.0,,,,,0.0620238296687603,0.4019200801849365,0.46574698972141404,0.9561251233874535,0.7369415221554686,-2.316534320671547,0.02757561057463388,,,,0.5494927389409001,,0.16924305260181427,,
195401,26.08,1.45667,2.52333,0.053486,0.052586,0.030600000000000002,0.0371,0.0291,0.0089,0.0124,0.0118,0.0011,0.055853911042944786,0.0587130189439742,0.09675345092024541,0.5772808154304034,0.7298471219945963,0.017300000000000003,0.006499999999999999,0.0034999999999999996,0.0,,0.02338426794686622,0.0004982249349999999,,,0.0025728274,,,,,,-1.443974338357913,,,-0.04401510582754797,0.0,,,,,0.04946011304855347,0.3967457115650177,0.48173551900725625,0.998429229981219,0.7670855523782039,-2.3600867508824273,0.027715683897910025,,,,0.8169939598726187,,0.17451338469982147,,
195402,26.15,1.46333,2.53667,0.012916,0.002343,0.029500000000000002,0.0361,0.0279,0.024,0.0198,0.0097,0.0007000000000000001,0.05595908221797324,0.0561092791411043,0.09700458891013385,0.5768704640335558,0.7245195898689482,0.0182,0.006599999999999998,-0.004199999999999999,0.0,,0.022563484125155187,0.000340712561,,,0.00259655,,,,,,-1.378920643884443,,,-0.044738663159332503,0.0,,,,,0.11694011092185974,0.3756779730319977,0.497987667169936,1.0,0.7727260802266706,-2.357396880069399,0.02495604779670571,,,,1.0522597454235025,,0.18564188480377197,,
195403,26.94,1.47,2.55,0.03053,0.028423,0.0286,0.0351,0.0278,0.0058,0.0039,0.0103,0.0008,0.05456570155902004,0.05621414913957935,0.09465478841870822,0.5764705882352942,0.8049158182596949,0.017499999999999998,0.006499999999999999,-0.0018999999999999998,0.0,,0.02209436515124509,0.000356548585,,,0.002326738,,,,,,-1.4247790732393075,,,-0.05438992327940495,0.0,,,,,0.08293823897838593,0.36196205019950867,0.5050592453099643,1.0,0.7962588871107379,-2.3809423267554712,0.02235974764849573,,,,1.0522597454235025,,0.1726069152355194,,
195404,28.26,1.46333,2.57333,0.048358,0.04714,0.0285,0.0347,0.0273,0.0104,-0.0034,0.0097,0.0009,0.05178096249115357,0.054318114328136595,0.0910590941259731,0.568652291000377,0.7650393010365454,0.0176,0.006200000000000001,-0.0138,-0.0037174721189590088,,0.02085708527811599,0.000730701935,,,0.0025692037,,,,,,-1.4570886995770767,,,-0.0640674008654889,0.0,,,,,0.0741451233625412,0.3753366768360138,0.5143969969641192,1.0,0.8377626780701524,-2.418888327706257,0.026971022472099208,,,,1.0522597454235025,,0.18459317088127136,,
195405,29.19,1.45667,2.59667,0.042777,0.033606,0.0288,0.0347,0.0279,-0.0087,-0.0042,0.0076,0.0005,0.04990304898937992,0.05154529370134465,0.08895751969852689,0.5609761733296876,0.7459769763962258,0.020300000000000002,0.0059000000000000025,0.0045,0.003731343283581934,,0.01849341918422496,0.00042985320500000005,,,0.0023611898,,,,,,-1.465425746320148,,,-0.06176598390443422,0.0,,,,,0.056359902024269104,0.39500465989112854,0.5666610784937378,1.0,0.8591704488810766,-2.4430198448988407,0.03428490179990573,,,,1.0522597454235025,,0.15632888674736023,,
195406,29.21,1.45,2.62,0.002467,0.000533,0.028999999999999998,0.0349,0.0272,0.0163,0.0063,0.0064,0.0006,0.04964053406367682,0.04967454607742377,0.08969530982540226,0.5534351145038168,0.7324678439720566,0.0208,0.0059000000000000025,-0.009999999999999998,0.0,,0.018358243495418633,0.00093542851,,,0.0018383463,,,,,,-1.4706525390827614,,,-0.06246503097005096,0.0,,,,,-0.017974790185689926,0.3698117136955261,0.4126331843859762,0.9899970317601662,0.8750163968832804,-2.4348579936679897,0.03651831475704511,,,,1.0522597454235025,,0.18458519876003265,,
195407,30.88,1.45667,2.62333,0.058701,0.05778,0.028900000000000002,0.035,0.0266,0.0134,0.004,0.0072,0.0005,0.04717195595854922,0.04986888052036973,0.084952396373057,0.5552751655338825,0.7021729133134054,0.0194,0.006100000000000001,-0.0094,0.0,,0.017708257749132882,0.0006133067360000002,,,0.002042287,,,,,,-1.5046359393520943,,,-0.06465781769799683,0.0,,,,,0.07996038347482681,0.37645846605300903,0.3865982335774161,1.0,0.9127685809481334,-2.4884037090137,0.03606722278320483,,,,1.0522597454235025,,0.15841908752918243,,
195408,29.83,1.46333,2.62667,-0.025894,-0.034753,0.0287,0.0349,0.0269,-0.0036,0.0018,0.0092,0.0005,0.049055648675829705,0.04738762953367876,0.08805464297686892,0.5571046229636765,0.7275163787969029,0.0177,0.006200000000000001,0.0054,0.0,,0.017527531397013244,0.0011449665549999998,,,0.0019820372,,,,,,-1.6468314386836331,,,-0.06981763500324911,0.0,,,,,-0.00913824699819088,0.38490650057792664,0.394857467908041,0.958388035846795,0.8809717448907312,-2.453123539593748,0.03219150963396426,,,,1.0522597454235025,,0.209161639213562,,
195409,32.31,1.47,2.63,0.0825,0.080888,0.028900000000000002,0.0347,0.0271,-0.001,0.004,0.0101,0.0009,0.04549675023212627,0.04927924907810929,0.08139894769421231,0.55893536121673,0.6777451034788882,0.017,0.0058,0.005,-0.0037174721189590088,,0.016884188602312594,0.000691789464,,,0.0022077679,,,,,,-1.5151086427703158,,,-0.07200260286725069,0.0,,,,,6.651799048995599e-05,0.35790112614631653,0.40963088738514275,0.9921281514917978,0.9456672875619802,-2.5319141286880797,0.03218184638048198,,,,1.0522597454235025,,0.19288931787014008,,
195410,31.68,1.49333,2.67667,-0.017867,-0.018659,0.0287,0.0346,0.0271,0.0006,0.004,0.0098,0.0007000000000000001,0.04713794191919192,0.04621881770349737,0.08449084595959597,0.5579059054720978,0.6937581643664452,0.0173,0.005899999999999999,0.0034000000000000002,0.0,,0.017579611194469463,0.000499174367,,,0.0029143838,,,,,,-1.5131531626308008,,,-0.0638477873305896,0.0,,,,,-0.011419964954257011,0.35246753692626953,0.45422984484123924,0.9662761024064977,0.923839756539077,-2.495121534786779,0.027474519578090172,,,,1.0522597454235025,,0.2132236361503601,,
195411,34.24,1.51667,2.72333,0.095774,0.082712,0.028900000000000002,0.0345,0.0274,-0.0025,0.0025,0.009300000000000001,0.0006,0.04429526869158878,0.047874684343434344,0.07953650700934578,0.5569174503273566,0.6316415440701193,0.018099999999999998,0.005600000000000001,0.005,0.0,,0.014153219014120507,0.001266825747,,,0.0033198161,,,,,,-1.6630773897768834,,,-0.05149232045499463,0.0,,,,,0.09530993551015854,0.3386167287826538,0.43260112041521115,0.9955213508017812,0.9955213508017812,-2.556036626661084,0.030493773620531534,,,,1.0522597454235025,,0.20476984977722168,,
195412,35.98,1.54,2.77,0.054288,0.052361,0.028999999999999998,0.0345,0.0272,0.0064,0.0017,0.0115,0.0008,0.04280155642023347,0.04497663551401869,0.07698721511951084,0.555956678700361,0.604119785355721,0.0157,0.005500000000000005,-0.0047,-0.003731343283582156,,0.026992812470241084,0.000882280984,,,0.0028454745,,,,,,-1.737581746455847,,,-0.042226296656618256,0.0,,,,,0.08567629009485245,0.3361532390117645,0.4804773766019134,1.0,1.0,-2.5889060771303587,0.03757949453528718,,,,1.0522597454235025,,0.2197044938802719,,
195501,36.63,1.54667,2.83333,0.018076,0.017591,0.029300000000000003,0.0345,0.0286,-0.0241,-0.0097,0.012199999999999999,0.0008,0.04222413322413322,0.042986937187326296,0.07734998634998635,0.5458841716284372,0.5975588875571755,0.0164,0.0052,0.0144,0.0,,0.026412209141496137,0.0025173979019999996,,,0.0027903739,,,,,,-1.8117417675956498,,,-0.02331524161684273,0.0,,,,,0.046224579215049744,0.3522295653820038,0.4861234750457435,0.9998532612683118,0.9998532612683118,-2.585180086319869,0.04181331274978785,,,,1.0522597454235025,,0.2695111334323883,,
195502,36.76,1.55333,2.89667,0.013526,0.005446,0.029300000000000003,0.0347,0.0292,-0.0078,-0.0063,0.011699999999999999,0.0009,0.04225598476605006,0.04240595140595141,0.07879951033732317,0.5362467937321131,0.5931483235001336,0.0175,0.0053999999999999986,0.0014999999999999996,0.0,,0.02804465334951944,0.0006040311319999999,,,0.0024695423,,,,,,-1.7053694433756688,,,-0.014489261355977057,0.0,,,,,0.10470117628574371,0.36092695593833923,0.48121752310637245,0.9948791033599845,0.9948791033599845,-2.5670034536078226,0.03863107084259882,,,,1.0522597454235025,,0.24805457890033722,,
195503,36.58,1.56,2.96,-0.002242,-0.003851,0.0302,0.0348,0.0288,0.0087,0.0092,0.0128,0.001,0.042646254784035,0.04243743199129489,0.08091853471842538,0.5270270270270271,0.6077617769099342,0.016,0.0045999999999999965,0.0005000000000000004,0.0,,0.02796834193326807,0.002482548154,,,0.0028220555,,,,,,-1.830915720120116,,,0.005006372500287792,0.0,,,,,-0.042453981935977936,0.34543102979660034,0.4616501130836428,0.9762199771254289,0.9762199771254289,-2.5407595446415985,0.032999969748715316,,,,1.0522597454235025,,0.35816264152526855,,
195504,37.96,1.56333,3.04667,0.039843,0.038885,0.0301,0.0349,0.029,0.0001,-0.0001,0.0159,0.001,0.041183614330874606,0.04273728813559322,0.0802600105374078,0.5131274473441495,0.5849876659227065,0.0131,0.004800000000000002,-0.0002,0.0,,0.026509678885879365,0.000628050342,,,0.0012310804,,,,,,-1.667614221480223,,,0.013406191988737604,0.0,,,,,0.04223652184009552,0.338549941778183,0.465033867863826,0.9884125952071335,0.9884125952071335,-2.5496124502407254,0.030720910625343458,,,,1.0522597454235025,,0.32090020179748535,,
195505,37.91,1.56667,3.13333,0.006433,-0.001081,0.0304,0.035,0.0287,0.0073,-0.0018,0.014499999999999999,0.0014000000000000002,0.04132603534687418,0.041271601685985246,0.08265180691110526,0.5000015957463785,0.586075413077249,0.0142,0.004600000000000003,-0.0091,0.0,,0.02541871530725801,0.000745073396,,,0.0014133625,,,,,,-1.669875085258371,,,0.025597021030044242,0.0,,,,,0.02291727438569069,0.35651451349258423,0.485268032345571,0.9865781162920305,0.9865781162920305,-2.5203445790043397,0.03120441932523349,,,,1.0522597454235025,,0.3400014340877533,,
195506,41.03,1.57,3.22,0.0813,0.07993,0.0305,0.0351,0.0293,-0.0076,0.0029,0.0141,0.001,0.03826468437728491,0.04141387496702718,0.07847916158908116,0.48757763975155277,0.5516416323275289,0.0152,0.0046,0.010499999999999999,0.0,,0.025363932271466653,0.0006457440699999999,,,0.00045419824,,,,,,-1.6374407521095655,,,0.023273332836577953,0.0,,,,,0.08520358055830002,0.3416348099708557,0.251450721708994,1.0,1.0,-2.5723427424737704,0.033466233895394985,,,,1.0522597454235025,,0.16086047887802124,,
195507,43.52,1.58667,3.29333,0.057646,0.057068,0.030600000000000002,0.0352,0.03,-0.0102,-0.0041,0.016,0.001,0.036458409926470585,0.03867097245917621,0.07567394301470588,0.4817828762984578,0.5345068154985511,0.013999999999999999,0.0046,0.0061,0.0037453183520599342,,0.024760441615846195,0.002082118547,,,0.00064126365,,,,,,-1.6803600164737778,,,0.027451374562847075,0.0,,,,,0.10833373665809631,0.33101025223731995,0.21819625452639152,0.9944497811932971,0.9944497811932971,-2.609908848454194,0.03832600277456106,,,,1.0522597454235025,,0.14787082374095917,,
195508,43.18,1.60333,3.36667,-0.000648,-0.008313,0.0311,0.0356,0.0301,0.0004,-0.0038,0.019,0.0016,0.03713131079203335,0.03684122242647058,0.0779682723483094,0.4762361621424137,0.5318467256183519,0.011099999999999999,0.0045000000000000005,-0.0042,0.0,,0.02667106263285441,0.00112040356,,,0.00057374836,,,,,,-1.5890371197496767,,,0.022527407885909678,0.0,,,,,0.03230111300945282,0.3380967378616333,0.18428022279769332,0.9994236311239193,0.9994236311239193,-2.580720797489606,0.037885050011126846,,,,1.0522597454235025,,0.1597202867269516,,
195509,43.67,1.62,3.44,0.011286,0.010117,0.0313,0.0359,0.0298,0.0073,0.0076,0.0207,0.0016,0.03709640485459125,0.03751736915238536,0.07877261277765056,0.4709302325581396,0.5336247910505336,0.0091,0.0046,0.0002999999999999999,0.003731343283581934,,0.025633980800136215,0.005711080807,,,0.00020638789,,,,,,-1.6876877042263616,,,0.025374592988325784,0.0,,,,,-0.3797553777694702,0.34172603487968445,0.20365542038153286,0.9572674120422607,0.9572674120422607,-2.5704573937927306,0.03384877833056996,,,,1.0522597454235025,,0.4224562644958496,,
195510,42.34,1.62667,3.5,-0.030468,-0.031,0.031,0.0359,0.0292,0.0144,0.0078,0.0223,0.0018,0.03841922531884742,0.037249141286924664,0.08266414737836561,0.46476285714285714,0.547409149866995,0.0069,0.004900000000000002,-0.0066,0.0,,0.025100692051345908,0.0026798957789999993,,,0.00063240877,,,,,,-1.6501948441153163,,,0.0383920510548621,0.0,,,,,-0.06655851006507874,0.3396163284778595,0.2491368630515427,0.9331623756282696,0.9331623756282696,-2.521362371712569,0.027696999540749445,,,,1.0522597454235025,,0.5035044550895691,,
195511,45.51,1.63333,3.56,0.087825,0.075124,0.031,0.0358,0.0295,-0.0045,-0.003,0.022400000000000003,0.0017000000000000001,0.03588947484069435,0.03857652338214454,0.07822456602944408,0.4588005617977528,0.5152505897446509,0.007099999999999995,0.004799999999999999,0.0014999999999999996,0.0,,0.026033702380185486,0.0019291618190000002,,,0.00037276775,,,,,,-1.6279426425033718,,,0.03730861178763245,0.0,,,,,0.11235208064317703,0.35531383752822876,0.2678027390454347,0.9914042465893937,0.9914042465893937,-2.5766618075642387,0.02976664844895128,,,,1.0522597454235025,,0.48116937279701233,,
195512,45.48,1.64,3.62,-0.000309,-0.001685,0.0315,0.0362,0.0295,0.0037,0.0063,0.0254,0.0018,0.03605980650835532,0.036036036036036036,0.07959542656112578,0.4530386740331491,0.5098280098280098,0.0040999999999999995,0.004700000000000003,0.0026,-0.0037174721189590088,,0.025244549543947777,0.000474703249,,,0.00024379918,,,,,,-1.5791569484431947,,,0.037487915556427165,0.0,,,,,0.08543303608894348,0.3646792471408844,0.23841865297562229,1.0,1.0,-2.5599690203444356,0.03013953190424367,,,,1.0522597454235025,,0.2897302806377411,,
195601,43.82,1.67,3.64333,-0.035057,-0.036279,0.0311,0.036000000000000004,0.0292,0.0083,0.0104,0.0241,0.0022,0.03811045184847102,0.036719437115215484,0.08314308534915564,0.4583718740822269,0.5289544122020648,0.0051,0.004900000000000005,0.0020999999999999994,0.0,,0.026424476733219023,0.001179984062,,,-0.00039753293,,,,,,-1.674481052072339,,,0.04016831519229758,0.0,,,,,0.09080183506011963,0.33328375220298767,0.22975628676705956,0.9638411138411139,0.9638411138411139,-2.5157796924123974,0.029672582469456293,,,,0.001745764860494744,,0.231077179312706,,
195602,45.34,1.7,3.66667,0.041397,0.034458,0.0308,0.0358,0.0293,-0.0002,0.0026,0.0232,0.0019,0.037494486104984556,0.03879507074395253,0.08087053374503748,0.4636359421491435,0.5148351080326683,0.006100000000000001,0.0049999999999999975,0.0028,0.0,,0.024165343952536143,0.001100147203,,,0.0003637531,,,,,,-1.6119673906912142,,,0.02775337851828663,0.0,,,,,0.04495150223374367,0.3335738480091095,0.23502408487384688,0.9902743652743653,0.9902743652743653,-2.542909948268224,0.02494355584387635,,,,-0.26500870096108664,,0.2808879613876343,,
195603,48.48,1.73,3.69,0.070328,0.069226,0.031,0.036000000000000004,0.0303,-0.0149,-0.0146,0.0225,0.0015,0.035684818481848186,0.03815615350683722,0.07611386138613861,0.46883468834688347,0.5310771996326619,0.007800000000000001,0.0050000000000000044,0.0002999999999999999,0.0,,0.02669506808833615,0.0010088558209999999,,,0.00074149788,,,,,,-1.6468398679850997,,,0.024153310425140795,0.0,,,,,0.08496180921792984,0.3179738223552704,0.24564641034218376,0.9975829873496678,0.9975829873496678,-2.6046952610084033,0.026385302173052124,,,,0.7880318173317662,,0.27611368894577026,,
195604,48.38,1.75333,3.66,-0.000637,-0.001425,0.032400000000000005,0.0368,0.0311,-0.0113,-0.0115,0.026000000000000002,0.0019,0.03624080198429103,0.036166047854785485,0.07565109549400578,0.479051912568306,0.5266217158800279,0.005099999999999997,0.004399999999999994,-0.00020000000000000052,0.003731343283581934,,0.026213748440649994,0.000814899402,,,0.0004518148,,,,,,-1.6364236122434759,,,0.028110817280970313,0.0,,,,,0.126724973320961,0.3526819944381714,0.2598941264817746,0.9905383360522024,0.9905383360522024,-2.612928207597019,0.028957462974008308,,,,0.8061903230793789,,0.22952602803707123,,
195605,45.2,1.77667,3.63,-0.058414,-0.065976,0.032799999999999996,0.0373,0.0299,0.0225,0.0052,0.026099999999999998,0.0023,0.03930685840707964,0.036723232740801984,0.08030973451327433,0.48944077134986225,0.568559774082209,0.0038000000000000013,0.004500000000000004,-0.0173,0.003717472118959231,,0.029302982313753976,0.0018364287110000004,,,0.00050480841,,,,,,-1.7021487431938873,,,0.015701175782521837,0.0,,,,,0.14022031426429749,0.32827404141426086,0.2881745240905707,0.9174743306784379,0.9174743306784379,-2.552102621622036,0.030913599020348737,,,,-0.5310967645053474,,0.27333909273147583,,
195606,46.97,1.8,3.6,0.03891,0.037762,0.0326,0.037599999999999995,0.0299,0.0027,-0.0018,0.024900000000000002,0.002,0.03832233340430062,0.03982300884955752,0.07664466680860124,0.5,0.5515645927188604,0.0049999999999999975,0.0049999999999999975,-0.0045000000000000005,0.007407407407407307,,0.025671521780858374,0.0010370448649999998,,,0.00093993644,,,,,,-1.5632480112701446,,,0.0032122623192076816,0.0,,,,,0.027483975514769554,0.32801613211631775,0.5835197742309749,0.9457441704251032,0.9457441704251032,-2.5981340568183837,0.02964939534937633,,,,-0.5269337812810542,,0.3039860725402832,,
195607,49.39,1.81333,3.55333,0.051427,0.050619,0.032799999999999996,0.038,0.0313,-0.0209,-0.0093,0.0231,0.0022,0.03671451710872647,0.03860613157334469,0.07194432071269487,0.5103184899798218,0.5249029566829533,0.008200000000000002,0.005200000000000003,0.0116,0.007352941176470562,,0.024753605879929867,0.0004955763430000001,,,0.0010155226,,,,,,-1.5706141699128782,,,-0.03150494254685432,0.0,,,,,0.06882275640964508,0.32386520504951477,0.6604181437005501,0.9937817867767009,0.9937817867767009,-2.662488976111449,0.027186698562727707,,,,0.5235801992819537,,0.2964242994785309,,
195608,47.51,1.82667,3.50667,-0.032788,-0.039976,0.034300000000000004,0.0393,0.0325,-0.0187,-0.0208,0.026000000000000002,0.0017000000000000001,0.03844811618606609,0.03698461226969022,0.07380909282256368,0.5209130029344078,0.5413911242132101,0.006499999999999999,0.0049999999999999975,-0.0020999999999999977,-0.0036496350364962904,,0.023812519848275433,0.001235405334,,,0.0010104698,,,,,,-1.5996654441257487,,,0.004943183837069487,0.0,,,,,0.026632605120539665,0.3264184892177582,0.6617911364895352,0.9635159773534211,0.9635159773534211,-2.6390309102256575,0.026310603583876716,,,,0.27981362470959853,,0.2624545097351074,,
195609,45.35,1.84,3.46,-0.044022,-0.045127,0.0356,0.0407,0.0324,0.005,0.0012,0.028399999999999998,0.0018,0.04057331863285557,0.0387286886971164,0.0762954796030871,0.5317919075144509,0.5719095213045766,0.004,0.0051,-0.0038000000000000004,0.00366300366300365,,0.02936303867916932,0.000787779448,,,0.0013593543,,,,,,-1.5805423972780377,,,0.023895941383216712,0.0,,,,,-0.015613043680787086,0.3486953675746918,0.6698821339949806,0.9121005661644757,0.9121005661644757,-2.6063829212713148,0.024841309827351127,,,,-1.622292276445791,,0.2435920685529709,,
195610,45.58,1.80667,3.44333,0.006619,0.005298,0.0359,0.0417,0.0329,-0.0054,-0.0105,0.028999999999999998,0.0025,0.039637340939008336,0.03983836824696803,0.0755447564721369,0.5246868583609471,0.5664270084401375,0.0039000000000000007,0.0058,-0.0051,0.0036496350364965124,,0.029458401361645972,0.0016420104589999996,,,0.0012720931,,,,,,-1.585959988278307,,,0.028949643678390036,0.0,,,,,0.012939737178385258,0.3430231809616089,0.7514155796867842,0.9209288935802707,0.9209288935802707,-2.6158843342797273,0.028689121753671398,,,,-2.182568770032832,,0.3131798803806305,,
195611,45.08,1.77333,3.42667,-0.001921,-0.011161,0.0369,0.0424,0.0333,-0.0057,-0.0126,0.029900000000000003,0.002,0.03933740017746229,0.03890587977182975,0.07601308784383319,0.5175082514511172,0.5748974152882949,0.0034000000000000002,0.005499999999999998,-0.0069,0.0,,0.027089545731721076,0.0017315170259999996,,,0.0015415947,,,,,,-1.6134110130340011,,,0.016754446676505275,0.0,,,,,0.11674070358276367,0.36961954832077026,0.7861250070065642,0.9073601381825162,0.9073601381825162,-2.611154548742484,0.0318612378769898,,,,-2.685335776515435,,0.3346536159515381,,
195612,46.67,1.74,3.41,0.036284,0.034442,0.0375,0.0437,0.0345,-0.0179,-0.0082,0.0321,0.0024,0.03728305121062781,0.0385980479148181,0.07306620955646026,0.5102639296187683,0.5441768274370833,0.0024000000000000063,0.006200000000000004,0.009699999999999999,0.0036363636363636598,,0.02615040089064192,0.001020275623,,,0.00096984129,,,,,,-1.6099329488494216,,,0.02793502886915311,0.0,,,,,0.11830946058034897,0.35212308168411255,0.6558107191720528,0.9585836292102486,0.9585836292102486,-2.651659882748218,0.03472540326167969,,,,-1.6641623347570862,,0.32967764139175415,,
195701,44.72,1.73667,3.40667,-0.040238,-0.041569,0.0377,0.0449,0.0328,0.0346,0.0197,0.0311,0.0027,0.038834302325581396,0.0372116991643454,0.07617777280858677,0.5097852154743489,0.5672426746806912,0.0017000000000000036,0.007200000000000005,-0.0149,0.0,,0.027993062156042803,0.00090194246,,,0.0007385817,,,,,,-1.6057757832676434,,,0.020708022550895322,0.08865248226950362,,,,,0.04736625775694847,0.35598570108413696,0.6073179958427212,0.9196046444679015,0.9196046444679015,-2.6087004328535697,0.03438754928698102,,,,-2.450069990964551,,0.2845948040485382,,
195702,43.26,1.73333,3.40333,-0.024919,-0.032823,0.036699999999999997,0.0447,0.0328,0.0025,0.0093,0.031,0.0024,0.040067730004623214,0.038759615384615385,0.07867152103559871,0.5093041227268588,0.584994188799449,0.001800000000000003,0.008,0.006799999999999999,0.0036231884057971175,,0.030173938826421016,0.001056040188,,,0.00082731425,,,,,,-1.5907135970677095,,,0.02689433507483585,0.0,,,,,0.010683716274797916,0.34834596514701843,0.6357539842726052,0.8916994530275406,0.8916994530275406,-2.5753283933198046,0.03060527699450733,,,,-2.685335776515435,,0.26505908370018005,,
195703,44.11,1.73,3.4,0.023827,0.020752,0.0366,0.0443,0.0331,-0.0024,0.005,0.0308,0.0023,0.039220131489458174,0.03999075358298659,0.07708002720471548,0.5088235294117647,0.5998188749183885,0.0022999999999999965,0.0076999999999999985,0.0074,0.0036101083032491488,,0.026600729961264214,0.00033029759600000007,,,0.0010540988,,,,,,-1.4874500986448147,,,0.022129563815705744,0.0,,,,,0.043548427522182465,0.37227141857147217,0.6310905607878908,0.9112561174551388,0.9112561174551388,-2.596442565703525,0.027522250234617785,,,,-2.685335776515435,,0.26351919770240784,,
195704,45.74,1.73,3.40667,0.046538,0.045215,0.036699999999999997,0.0444,0.0345,-0.0222,-0.0066,0.030699999999999998,0.0025,0.03782247485789243,0.039220131489458174,0.0744790118058592,0.5078272917541177,0.5760983898373655,0.0038000000000000048,0.0077000000000000055,0.015600000000000001,0.003597122302158251,,0.027421671013069124,0.000302460063,,,0.0021421117,,,,,,-1.5105232641772446,,,0.005141036564463075,0.0,,,,,0.06416880339384079,0.3626556992530823,0.6658840206035916,0.9489586332661484,0.9487765089722676,-2.631446085343821,0.02520668183098759,,,,-1.6368651620292014,,0.2321428656578064,,
195705,47.43,1.73,3.41333,0.038734,0.033208,0.0374,0.0452,0.0348,-0.0023,-0.0075,0.030600000000000002,0.0026,0.03647480497575374,0.03782247485789243,0.07196563356525407,0.5068364324574536,0.5640385796050937,0.004199999999999995,0.0077999999999999944,-0.0052,0.0035842293906811484,,0.028849690628784622,0.000481771175,,,0.0024221896,,,,,,-1.5405546712893758,,,-0.0021019565083362224,0.0,,,,,0.0837944969534874,0.3505184054374695,0.7076296547240638,0.9692484883386121,0.9690624700124749,-2.666933729346506,0.02871807775429765,,,,0.5142534202491766,,0.14543990790843964,,
195706,47.37,1.73,3.42,-0.000705,-0.003632,0.0391,0.0463,0.0361,-0.018,-0.0322,0.0329,0.0024,0.03652100485539371,0.03647480497575374,0.07219759341355289,0.5058479532163743,0.5658765324166981,0.0032000000000000015,0.007199999999999998,-0.0142,0.0035714285714285587,,0.030528885528872302,0.000578621411,,,0.0021760295,,,,,,-1.560076307118544,,,-0.003175235382860464,0.0,,,,,0.0680708959698677,0.3655821979045868,0.32092019634126345,0.9661003935118533,0.9659149793685828,-2.6656443506048433,0.03031139668244185,,,,1.0522597454235025,,0.17837753891944885,,
195707,47.91,1.74,3.43667,0.009747,0.008217,0.039900000000000005,0.0473,0.0365,-0.0041,-0.011,0.0316,0.003,0.036318096430807766,0.03673210892970234,0.07173178877061157,0.5063040676003224,0.560056634940612,0.004899999999999995,0.007399999999999997,-0.006899999999999999,0.007117437722419906,,0.03234721597243603,0.000553867662,,,0.0016312095,,,,,,-1.5433496882541287,,,-0.0005757220182491807,0.0,,,,,0.05397336930036545,0.359134316444397,0.30877554310336486,0.9761397446971877,0.9759524038000192,-2.6733686812148765,0.031382992974381275,,,,0.8169939598726187,,0.2027387171983719,,
195708,45.22,1.75,3.45333,-0.048998,-0.054178,0.040999999999999995,0.0482,0.0367,0.0002,-0.0009,0.0337,0.0025,0.03869969040247678,0.03652682112293885,0.0763673153471915,0.5067572459046775,0.5880045421699185,0.0030000000000000027,0.007200000000000005,-0.0011,0.0,,0.035854179232203895,0.002147248218,,,0.0013495821,,,,,,-1.6144915911088995,,,-0.0041093297678713725,0.0,,,,,0.0862952247262001,0.37826815247535706,0.2297891274110079,0.9300650959156634,0.9295653008348528,-2.6107478935502666,0.02888535879514484,,,,0.27046620505514,,0.3202057480812073,,
195709,42.42,1.76,3.47,-0.057879,-0.060609,0.0412,0.0493,0.0364,0.0076,0.0095,0.0353,0.0026,0.04148986327204149,0.038920831490490936,0.0818010372465818,0.5072046109510087,0.6241507779969319,0.0011000000000000038,0.008099999999999996,0.0018999999999999998,0.0,,0.034362722298313365,0.0015171098810000002,,,0.0011169848,,,,,,-1.5940635362207107,,,-0.016244206370769287,0.0,,,,,-0.0018995630089193583,0.3639732897281647,0.22369998820771936,0.8762025462296216,0.8757316956146244,-2.541916541552021,0.030206106680845685,,,,-1.6141367524749692,,0.3639128804206848,,
195710,41.06,1.77,3.43667,-0.038834,-0.040549,0.040999999999999995,0.0499,0.0369,-0.005,0.0023,0.0358,0.0029,0.04310764734534827,0.04172560113154172,0.08369873356064296,0.51503344807619,0.645746417558498,0.0011000000000000038,0.008900000000000005,0.0073,0.0,,0.0384099275745691,0.004936011404,,,0.001123013,,,,,,-1.76743678394668,,,-0.03469423212105882,0.0,,,,,0.11073988676071167,0.36246567964553833,0.21906618863928246,0.8468997830136146,0.8464446790135305,-2.519463642300182,0.03191273784554781,,,,-2.685335776515435,,0.4884849786758423,,
195711,41.72,1.78,3.40333,0.023703,0.016483,0.0408,0.0509,0.034,0.0533,0.0311,0.0331,0.0028000000000000004,0.042665388302972194,0.04335119337554798,0.0815755033557047,0.5230171626025099,0.6330717762909285,0.000900000000000005,0.010099999999999998,-0.0222,0.0035335689045936647,,0.04099002132639446,0.003490078536,,,0.00080408554,,,,,,-1.7167617474371106,,,-0.06231729532972796,-0.02280130293159599,,,,,0.13693532347679138,0.3520762026309967,0.2080195719882405,0.8638554448220904,0.8633912292486327,-2.5427510407388882,0.04310753917053629,,,,-2.685335776515435,,0.49568989872932434,,
195712,39.99,1.79,3.37,-0.037422,-0.041021,0.0381,0.050300000000000004,0.0323,0.0307,0.0685,0.0304,0.0024,0.044761190297574395,0.042905081495685525,0.08427106776694174,0.5311572700296736,0.6536757786499575,0.0019000000000000024,0.012200000000000003,0.0378,0.0,,0.034873225680043765,0.0012514024429999997,,,0.0006679271,,,,,,-1.607558195871118,,,-0.08527793551068452,0.023333333333333206,,,,,0.057746268808841705,0.34725072979927063,0.1970226593577116,0.8366265337865084,0.8361769503886384,-2.505312240084207,0.048123447680993095,,,,-2.685335776515435,,0.46843624114990234,,
195801,41.7,1.78333,3.29333,0.045518,0.04433,0.036000000000000004,0.0483,0.033,-0.0084,0.0099,0.024399999999999998,0.0028000000000000004,0.04276570743405276,0.04459439859964991,0.07897673860911271,0.5414975116371575,0.6328607617439226,0.008600000000000003,0.012299999999999998,0.0183,0.007042253521126751,,0.029896253141087892,0.000784465273,,,0.00029026727,,,,,,-1.6158562417025701,,,-0.10728733054593498,0.0,,,,,0.025332920253276825,0.36883544921875,0.2273604966951174,0.8641434798471495,0.863679109490452,-2.5690341249795523,0.05347446906276566,,,,-2.685335776515435,,0.3463597297668457,,
195802,40.84,1.77667,3.21667,-0.014109,-0.020288,0.0359,0.0466,0.0325,0.01,-0.0008,0.015300000000000001,0.0012,0.04350318315377081,0.04260599520383693,0.07876273261508325,0.5523320701222071,0.6473904346244772,0.0172,0.010700000000000001,-0.0108,0.0,,0.027751150986515694,0.000736247717,,,0.00063030591,,,,,,-1.5302691129940449,,,-0.13235966280168343,0.0,,,,-0.10639108372496886,0.04059679061174393,0.3710801601409912,0.2418852509400955,0.8447491214931736,0.8442951732079456,-2.5713594516931635,0.044036772104078095,,,,-2.685335776515435,,0.25553658604621887,,
195803,42.1,1.77,3.14,0.033052,0.029736,0.0363,0.046799999999999994,0.0321,0.0102,-0.0046,0.013000000000000001,0.0009,0.04204275534441805,0.04333986287952987,0.07458432304038005,0.5636942675159236,0.6685916375682693,0.019099999999999995,0.010499999999999995,-0.0148,0.006993006993006867,,0.028934376868075082,0.000519205729,,,0.00018732113,,,,,,-1.5035112305480112,,,-0.1482008357732214,0.0,,,,-0.021384906107309254,0.04018263518810272,0.37363529205322266,0.21941348312154849,0.8578835186358661,0.8574225122349103,-2.625189549398078,0.03806743408315057,,,,-2.439266354171311,,0.21916943788528442,,
195804,43.44,1.75667,3.07,0.033511,0.032038,0.036000000000000004,0.0467,0.0311,0.0186,0.0163,0.0113,0.0008,0.04043899631675875,0.04172612826603325,0.07067219152854512,0.5722052117263844,0.65524503136928,0.019799999999999998,0.010699999999999994,-0.0023,0.003472222222222099,,0.02701734633990419,0.0007467615829999999,,,0.00059178144,,,,,,-1.5454085687516077,,,-0.16839699458597934,0.0,,,,-0.05817644528042237,0.035947397351264954,0.3670986294746399,0.17330156007856434,0.8753576434894483,0.8748872469052875,-2.6780961885277925,0.032950566305956205,,,,-0.268431005926535,,0.24638698995113373,,
195805,44.09,1.74333,3.0,0.021313,0.015503,0.035699999999999996,0.0462,0.0313,0.0001,0.0031,0.0091,0.0011,0.03954025856203221,0.04013190607734807,0.06804264005443411,0.58111,0.6455586773287227,0.0222,0.010500000000000002,0.003,0.0,,0.02286860291576454,0.00043311720200000007,,,0.00033967296,,,,,,-1.5344247824836796,,,-0.16212523521288302,0.0,,,,-0.007884826432144564,0.020510898903012276,0.3701261878013611,0.16244077441356747,0.8884920406321408,0.8880145859322522,-2.716402512127189,0.03298572218567382,,,,0.5494927389409001,,0.2094544768333435,,
195806,45.24,1.73,2.93,0.027998,0.024897,0.035699999999999996,0.0455,0.0324,-0.016,-0.0038,0.0083,0.0003,0.03824049513704686,0.039237922431390335,0.06476569407603891,0.590443686006826,0.6246601698105315,0.024099999999999996,0.009800000000000003,0.0122,0.0,,0.02143557735234143,0.000438202446,,,0.00075771817,,,,,,-1.5747750737155586,,,-0.1395741703914033,0.0,,,,0.02692848591832499,0.03562759980559349,0.3660740554332733,0.3721435264227468,0.9182172552182346,0.9177238268880147,-2.7662467258995123,0.035094633021436325,,,,0.8169939598726187,,0.21407689154148102,,
195807,47.19,1.73,2.91333,0.04396,0.042418,0.036699999999999997,0.0453,0.0343,-0.0278,-0.0153,0.0091,0.0007000000000000001,0.036660309387582114,0.03824049513704686,0.061736172917991106,0.5938221897279058,0.5938487842700649,0.025199999999999997,0.008600000000000003,0.012499999999999999,0.0034602076124568004,,0.016932805254793012,0.0006956245959999999,,,0.00094813929,,,,,,-1.615400772523624,,,-0.12828959601309808,0.0,,,,-0.007772652100854113,0.0021668877452611923,0.33554545044898987,0.3714196304218245,0.9958226093842804,0.965339218884944,-2.816383915963747,0.03293643247740517,,,,0.8169939598726187,,0.19717775285243988,,
195808,47.75,1.73,2.89667,0.017999,0.01327,0.0385,0.0467,0.0371,-0.0435,-0.032,0.0169,0.0004,0.036230366492146594,0.036660309387582114,0.06066324607329843,0.5972375175632709,0.5872638263570769,0.020200000000000003,0.008199999999999999,0.011499999999999996,-0.0034482758620689724,,0.015089654786730468,0.0005889618930000002,,,0.0012465824,,,,,,-1.6267651783540873,,,-0.11197424582111815,0.0,,,,-0.01032164780805321,0.00016473345749545842,0.3435885012149811,0.36176969254252317,0.9926037235080598,0.9761635159773535,-2.837205091055888,0.03298347884630519,,,,1.0522597454235025,,0.2080688625574112,,
195809,50.06,1.73,2.88,0.050837,0.047954,0.0409,0.0487,0.038,-0.0117,-0.0096,0.024399999999999998,0.0019,0.03455852976428286,0.036230366492146594,0.05753096284458649,0.6006944444444444,0.5613711966020786,0.013600000000000001,0.007800000000000001,0.002100000000000001,0.0,,0.0139825511188217,0.000510180329,,,0.0013977792,,,,,,-1.6619776615442359,,,-0.10634312700921145,0.0,,,,-0.04109210661841751,0.07851856201887131,0.34654700756073,0.37350920537665405,1.0,1.0,-2.892342345875871,0.03317549438733137,,,,1.0522597454235025,,0.18962477147579193,,
195810,51.33,1.73667,2.88333,0.02737,0.025878,0.041100000000000005,0.0492,0.0374,0.0138,0.0107,0.0263,0.0018,0.03383343074225599,0.034691769876148616,0.05617241379310345,0.6023139911144406,0.5498692978903574,0.011100000000000002,0.008099999999999996,-0.0031000000000000003,0.0,,0.012278005703459745,0.000793475042,,,0.0011634523,,,,,,-1.720882963617551,,,-0.09823370033272649,0.0,,,,0.0018992022027700345,0.04275801405310631,0.34015512466430664,0.32575774254526874,0.9942528735632185,0.9942528735632185,-2.9166252851102628,0.03628053468885701,,,,1.0522597454235025,,0.190198615193367,,
195811,52.48,1.74333,2.88667,0.028617,0.023385,0.0409,0.0487,0.0368,0.012,0.0105,0.026699999999999998,0.0011,0.03321894054878049,0.033963179427235535,0.05500514481707317,0.6039242448911721,0.535823198076992,0.010100000000000001,0.007800000000000001,-0.0014999999999999996,0.0034602076124568004,,0.011534113459222454,0.0015302102740000002,,,0.0015285202,,,,,,-1.8686453934523202,,,-0.07268607904391233,-0.02280130293159599,,,,0.04878044793214194,0.05771302804350853,0.3399706780910492,0.3933983516403972,0.9824122374171719,0.9824122374171719,-2.9370461389310174,0.04520118786544566,,,,1.0522597454235025,,0.26735562086105347,,
195812,55.21,1.75,2.89,0.054112,0.051432,0.0408,0.048499999999999995,0.0382,-0.0181,-0.0058,0.0277,0.0022,0.03169715631226227,0.033346036585365856,0.05234558956710741,0.6055363321799307,0.511779319797824,0.010499999999999999,0.007699999999999992,0.012300000000000002,-0.0034482758620689724,,0.023686105736377618,0.0007127718850000002,,,0.0015858124,,,,,,-1.775056427414733,,,-0.07491078245796734,0.0,,,,-0.0012219131246763886,0.15895435214042664,0.32905101776123047,0.4289658683983872,1.0,1.0,-2.987761246599694,0.04568662444972833,,,,1.0522597454235025,,0.2356003224849701,,
195901,55.42,1.75667,2.96333,0.006331,0.005395,0.0412,0.0487,0.0408,-0.008,-0.0028,0.0282,0.0021,0.03169740166005052,0.03181796775946386,0.053470407795019846,0.5928026915665822,0.5028958179001952,0.012600000000000004,0.0075,0.0052,0.0034602076124568004,,0.027735541905643243,0.0005848679840000002,,,0.0017223872,,,,,,-1.8480174095323951,,,-0.06358251841973939,0.0,,,,0.05774881587574701,0.051421523094177246,0.32337266206741333,0.6594689181363989,0.9938091891711007,0.9938091891711007,-2.968039905793989,0.04630377592857459,,,,1.0522597454235025,,0.23176196217536926,,
195902,55.41,1.76333,3.03667,0.006711,0.00221,0.0414,0.0489,0.0402,0.0117,0.0126,0.027000000000000003,0.0019,0.03182331709077784,0.03181757488271382,0.054803645551344524,0.5806788356983142,0.4949461474730737,0.013199999999999996,0.0075,0.0008999999999999998,-0.0034482758620689724,,0.027898134369096595,0.0008447334539999999,,,0.001945027,,,,,,-1.7837773855405237,,,-0.047653020738881224,-0.009999999999999898,,,,0.07006657757797788,0.05132799595594406,0.335969477891922,0.6718352526848934,1.0,1.0,-2.9428345863664602,0.03895375101779097,,,,1.0522597454235025,,0.17620213329792023,,
195903,55.44,1.77,3.11,0.003352,0.000826,0.041299999999999996,0.048499999999999995,0.0403,0.0017,-0.0083,0.027999999999999997,0.0022,0.03192640692640693,0.03194369247428262,0.056096681096681096,0.5691318327974276,0.5168602815309701,0.012300000000000005,0.007199999999999998,-0.01,0.0,,0.024984383092185966,0.000491508124,,,0.0017683065,,,,,,-1.8258369510477297,,,-0.03680628292838373,0.0,,,,0.07168022397017036,0.07710552215576172,0.3335995376110077,0.6451835125555886,0.9788836649367973,0.9788836649367973,-2.9198031833745546,0.03829483318053417,,,,1.0522597454235025,,0.17876780033111572,,
195904,57.59,1.77667,3.20667,0.040054,0.039093,0.042300000000000004,0.048600000000000004,0.0414,-0.0117,-0.0172,0.029500000000000002,0.002,0.030850321236325747,0.03204671717171717,0.055681021010592115,0.5540545176148466,0.49859719438877753,0.011899999999999997,0.0063,-0.0055,0.0034602076124568004,,0.02436055938225842,0.0004925502089999999,,,0.0013570631,,,,,,-1.7759110419705377,,,-0.019187783656281265,0.0,,,,0.04699277300098428,0.05151277035474777,0.31889957189559937,0.6525083437689793,0.9902837093368473,0.9902837093368473,-2.9284898201468494,0.03707383034659449,,,,1.0522597454235025,,0.16219593584537506,,
195905,58.68,1.78333,3.30333,0.023631,0.019043,0.0437,0.0496,0.0417,-0.0005,-0.0114,0.028399999999999998,0.0022,0.030390763462849354,0.03096596631359611,0.056293967280163594,0.5398582642363918,0.48307677969524226,0.013300000000000003,0.0058999999999999955,-0.0109,0.0,,0.025887223804802607,0.00042780091399999997,,,0.0019126436,,,,,,-1.8202313713066332,,,-0.007686070999792349,0.0,,,,-0.008903684744850225,0.07443992793560028,0.33583804965019226,0.6664321984344007,1.0,1.0,-2.9193649513830278,0.03680479027629826,,,,1.0522597454235025,,0.12631452083587646,,
195906,58.47,1.79,3.4,-0.000725,-0.003196,0.0446,0.0504,0.0419,0.001,0.0044,0.0321,0.0024,0.030613990080383104,0.03050443081117928,0.05814947836497349,0.5264705882352941,0.483219390926041,0.009800000000000003,0.0058,0.0034000000000000002,0.0034482758620690834,,0.02688215980131547,0.000915070174,,,0.0019170919,,,,,,-1.8077173777092685,,,-0.009989700271347601,0.0,,,,0.021681711804512383,0.08355721086263657,0.334227055311203,0.5111120751183572,0.9997048727069386,0.9997048727069386,-2.8872229821716187,0.03388825340049899,,,,1.0522597454235025,,0.16451063752174377,,
195907,60.51,1.79667,3.41,0.034504,0.033514,0.0447,0.0508,0.0417,0.006,0.0089,0.032,0.0025,0.029692117005453645,0.030728065674704978,0.056354321599735586,0.5268826979472141,0.4608226647700332,0.0097,0.006100000000000001,0.0029,0.0034364261168384758,,0.027141487680075987,0.00048779601599999997,,,0.0015859289,,,,,,-1.8283958243477214,,,-0.03767089775016608,0.0,,,,-0.024076287425107225,0.07493879646062851,0.3195025622844696,0.5549336737087884,1.0,1.0,-2.919155838799251,0.033967043734225794,,,,1.0522597454235025,,0.16155895590782166,,
195908,59.6,1.80333,3.42,-0.011076,-0.015179,0.0443,0.0509,0.0423,-0.0041,-0.0068,0.0338,0.0019,0.03025721476510067,0.029802181457610315,0.057382550335570465,0.5272894736842105,0.4680844659171295,0.0085,0.006600000000000002,-0.0026999999999999993,0.0,,0.028146254817639587,0.0010696993439999998,,,0.0014395527,,,,,,-1.7853028999004619,,,-0.075576381234284,0.0,,,,-0.0009369562993040744,0.05279577523469925,0.32934123277664185,0.5980688085681293,0.979811237280637,0.979811237280637,-2.901361827500156,0.031981733092769984,,,,1.0522597454235025,,0.21866194903850555,,
195909,56.88,1.81,3.43,-0.043182,-0.045586,0.0452,0.0518,0.0429,-0.0057,-0.0088,0.0404,0.0031,0.031821378340365684,0.030369127516778522,0.06030239099859353,0.5276967930029154,0.4923378926038501,0.0025000000000000022,0.006600000000000002,-0.0031000000000000003,0.0034246575342467,,0.030528520482765338,0.0017098447549999997,,,0.0013970167,,,,,,-1.888721867083166,,,-0.08022543114033764,0.0,,,,0.047998533907362466,0.03943583369255066,0.3144162893295288,0.6030693993488666,0.9315440200560389,0.9315440200560389,-2.854121415990991,0.0310768928310122,,,,0.5375757218052729,,0.2739439606666565,,
195910,57.52,1.81667,3.41667,0.012574,0.011436,0.045700000000000005,0.0528,0.0421,0.015,0.0165,0.0405,0.003,0.031583275382475656,0.03193864275668073,0.059399687065368564,0.5317077739436352,0.48097742035261365,0.0015999999999999973,0.007099999999999995,0.0015000000000000013,0.0034129692832762792,,0.031020333525272625,0.00061818331,,,0.0013316314,,,,,,-1.7347385029338507,,,-0.09094488809105927,0.0,,,,0.041069914195550554,0.08413531631231308,0.33260881900787354,0.6360954433185585,0.95354667453178,0.95354667453178,-2.8677702464437282,0.028872223163623673,,,,0.5023156247338569,,0.2874486446380615,,
195911,58.28,1.82333,3.40333,0.018486,0.013114,0.045599999999999995,0.0526,0.0432,-0.0119,0.0135,0.0415,0.0026,0.0312856897735072,0.0316990611961057,0.0583961908030199,0.5357488107236148,0.47179829485117875,0.0017000000000000001,0.007000000000000006,0.0254,0.0,,0.029722481056780204,0.000499692726,,,0.0015158997,,,,,,-1.803675184618748,,,-0.08829559685687549,0.0,,,,-0.006754956784994197,0.11466484516859055,0.3257463872432709,0.6171542075730297,0.9720985105441674,0.9720985105441674,-2.884808542807473,0.02918507532081485,,,,0.4966246383068254,,0.24505622684955597,,
195912,59.89,1.83,3.39,0.029627,0.026911,0.0458,0.0528,0.0447,-0.0159,-0.0096,0.0449,0.0034000000000000002,0.03055601936884288,0.03140013726835964,0.05660377358490566,0.5398230088495575,0.45778379651436646,-0.00020000000000000573,0.006999999999999999,0.006300000000000002,0.0,,0.02285629123836622,0.000307543518,,,0.0009753718,,,,,,-1.8022503765875393,,,-0.03173717465205517,0.0,,,,-0.02631891920828473,0.09048133343458176,0.3194044828414917,0.6151231488467059,1.0,1.0,-2.9175130412271844,0.030374699329037334,,,,0.7779541577223658,,0.129064679145813,,
196001,55.61,1.86667,3.39,-0.069933,-0.070835,0.0461,0.053399999999999996,0.0441,0.0112,0.0107,0.0435,0.0033,0.03356716417910448,0.03116830856570379,0.06096025894623269,0.5506401179941003,0.499502104012078,0.0006000000000000033,0.007299999999999994,-0.0005000000000000004,-0.00340136054421758,,0.02211616336875037,0.0009194175330000001,,,0.00088855224,,,,,,-1.8136909142982605,,,-0.00924181872680263,0.0,,,,-0.08270297541766944,-0.026804331690073013,0.33891671895980835,0.6192725997393183,0.9083110858243248,0.9083110858243248,-2.843653055420666,0.02992759555684902,,,,-0.6003713600173861,,0.16377229988574982,,
196002,56.12,1.90333,3.39,0.013922,0.009129,0.045599999999999995,0.053399999999999996,0.0429,0.0204,0.0128,0.039599999999999996,0.0029,0.03391535994297933,0.03422639812983276,0.06040627227369922,0.5614542772861356,0.49355678283501553,0.0033000000000000043,0.007800000000000001,-0.007600000000000001,0.0034129692832762792,,0.024037486225986546,0.0011502457680000002,,,0.00066084815,,,,,,-1.7712787813939896,,,-0.021595925265675664,0.0,,,,-0.0675467708496765,0.0397549532353878,0.3148775100708008,0.6224339603735147,0.9192524836973172,0.9192524836973172,-2.850583520899829,0.029270083846367544,,,,-0.8708764642599938,,0.21360576152801514,,
196003,55.34,1.94,3.39,-0.012566,-0.015238,0.0449,0.0525,0.0411,0.0282,0.0191,0.0331,0.0034999999999999996,0.03505601734730755,0.0345687811831789,0.06125767979761474,0.5722713864306784,0.5497980830049141,0.008,0.007599999999999996,-0.0091,0.0,,0.025593399195342665,0.0009691464609999998,,,0.00036098225,,,,,,-1.7370198509893509,,,-0.03402672728570444,0.0,,,,-0.06509450368750049,0.0017931134207174182,0.3263794779777527,0.6295121654733529,0.8995142019344392,0.8995142019344392,-2.8342877276572405,0.029972653690938482,,,,-1.1061422498108775,,0.2612573504447937,,
196004,54.37,1.94333,3.34667,-0.016113,-0.017097,0.044500000000000005,0.052000000000000005,0.0426,-0.017,-0.0022,0.0323,0.0019,0.03574268898289498,0.035116190820383086,0.06155361412543683,0.5806757164584497,0.5634036895462855,0.010299999999999997,0.0075,0.0148,0.003401360544217802,,0.02557711700727129,0.0006451660990000002,,,0.00012148666,,,,,,-1.6954823590398416,,,-0.04539465494996442,0.0,,,,-0.05356584246809562,-0.0318666473031044,0.33457517623901367,0.6360052150387211,0.8777918800239253,0.8777918800239253,-2.829756112624125,0.02849817152024897,,,,-2.156656230373885,,0.23094114661216736,,
196005,55.83,1.94667,3.30333,0.033513,0.028312,0.0446,0.0528,0.0417,0.0152,-0.0021,0.0329,0.0027,0.03486781300376142,0.03580411991907302,0.05916765180010747,0.58930533734141,0.5419664268585132,0.008800000000000002,0.008199999999999999,-0.0173,0.0,,0.024414363040336298,0.00042355850300000004,,,-3.575882e-05,,,,,,-1.765053699002964,,,-0.04994028838477593,0.0,,,,-0.031264607430852354,0.06878334283828735,0.3355135917663574,0.6779802248242955,0.9125125826075539,0.9125125826075539,-2.8699607562658453,0.03268679121650547,,,,-1.6422316884506492,,0.16593991219997406,,
196006,56.92,1.95,3.26,0.021802,0.019133,0.044500000000000005,0.0526,0.0407,0.0173,0.0141,0.0246,0.0024,0.0342586085734364,0.03492745835572273,0.0572733661278988,0.598159509202454,0.5291748618525803,0.0161,0.008099999999999996,-0.0031999999999999997,0.003389830508474523,,0.024269812943596255,0.0004989478820000001,,,-4.2243115e-06,,,,,,-1.7928649584801772,,,-0.06599196528211992,0.0,,,,-0.012489011570774922,0.07844065874814987,0.3461996912956238,0.7450924982976505,0.9345704407195063,0.9345704407195063,-2.900581559561925,0.03452903434187125,,,,-0.5700264276050534,,0.11676431447267532,,
196007,55.51,1.95,3.26333,-0.022948,-0.023813,0.0441,0.052199999999999996,0.0382,0.0368,0.0257,0.023,0.0013,0.0351288056206089,0.0342586085734364,0.058788146279949556,0.5975491292636663,0.549673276798599,0.015199999999999998,0.008099999999999996,-0.011099999999999999,0.0,,0.025778333499076,0.000977819962,,,-0.00044859757,,,,,,-1.7269671335338375,,,-0.07286775610958429,0.0,,,,-0.04135023201112005,0.08627501130104065,0.35722672939300537,0.7246887513102503,0.8997184413614017,0.8997184413614017,-2.8720737503958325,0.034297340643374793,,,,-1.1061422498108775,,0.1484861820936203,,
196008,56.96,1.95,3.26667,0.031467,0.026197,0.042800000000000005,0.0508,0.039,-0.0067,0.0117,0.023,0.0017000000000000001,0.03423455056179775,0.0351288056206089,0.05735024578651685,0.5969381663896262,0.541542197159699,0.016,0.007999999999999993,0.0184,0.0,,0.025195382444997815,0.0006369673730000001,,,-0.00077142974,,,,,,-1.732031663305424,,,-0.07742155084924685,0.0,,,,0.020992171966108933,0.010254197753965855,0.342119961977005,0.7834998884307399,0.9132274206019227,0.9132274206019227,-2.895873934431358,0.054614865211423905,,,,-0.28530890729226266,,0.16934137046337128,,
196009,53.52,1.95,3.27,-0.058713,-0.06092,0.0425,0.0501,0.0387,0.0075,-0.0063,0.0248,0.0016,0.03643497757847533,0.03423455056179775,0.061098654708520175,0.5963302752293578,0.5843417106215741,0.0139,0.007599999999999996,-0.0138,0.0,,0.02831230823942634,0.001771622224,,,-0.0011943574,,,,,,-1.8030537905068118,,,-0.0913330384988913,0.0,,,,0.007209289429658165,0.06319041550159454,0.3401530981063843,0.8621553552923692,0.8463390082716967,0.8463390082716967,-2.832561215654508,0.05536523772999486,,,,-1.1061422498108775,,0.2757140100002289,,
196010,53.39,1.95,3.27,-0.001079,-0.002407,0.043,0.051100000000000007,0.0391,-0.0028,0.0008,0.023,0.0022,0.03652369357557595,0.03643497757847533,0.06124742461135044,0.5963302752293578,0.5841202012543938,0.016100000000000003,0.00810000000000001,0.0036,0.006756756756756799,,0.027823607776101215,0.0010487145690000002,,,-0.0008968794,,,,,,-1.7374442313524179,,,-0.0958926655682455,0.0,,,,-0.052075088815446,-0.005546413362026215,0.3419620990753174,0.8408600432374685,0.8466599559426379,0.8466599559426379,-2.8309959386972814,0.05825211887423565,,,,-2.156656230373885,,0.28382351994514465,,
196011,55.54,1.95,3.27,0.046081,0.039977,0.0431,0.0508,0.0399,-0.0066,-0.007,0.023700000000000002,0.0013,0.03510983075261073,0.03652369357557595,0.05887648541591646,0.5963302752293578,0.5676300190884431,0.016199999999999996,0.0076999999999999985,-0.0004000000000000002,0.0,,0.026034029017606933,0.0006686740349999999,,,-0.00095527831,,,,,,-1.7526312159703603,,,-0.1134907093565527,0.0,,,,-0.03067909778476754,0.014598073437809944,0.34931033849716187,0.8560251750659094,0.8712562183611244,0.8712562183611244,-2.8708609065817297,0.03663747301966809,,,,-1.9087266725772372,,0.292599081993103,,
196012,58.11,1.95,3.27,0.048839,0.046597,0.0435,0.051,0.038,0.0279,0.0104,0.0225,0.0016,0.03355704697986577,0.03510983075261073,0.05627258647392876,0.5963302752293578,0.5504229651398789,0.0155,0.0075,-0.0175,0.0,,0.02276135162775655,0.000450305539,,,-0.0013625136,,,,,,-1.7376432098916186,,,-0.13614830851952586,0.0,,,,-0.02154469996251534,0.12301617860794067,0.3412697911262512,0.6437079758205564,0.8984930047996265,0.8984930047996265,-2.915228848145541,0.03290271735608795,,,,0.8169939598726187,,0.18197785317897797,,
196101,61.78,1.94667,3.21,0.06432,0.063181,0.0432,0.051,0.0404,-0.0107,0.0148,0.022400000000000003,0.0019,0.03150971188086759,0.033499741868869386,0.051958562641631595,0.6064392523364486,0.5229867324899722,0.017999999999999995,0.0077999999999999944,0.025500000000000002,0.0,,0.021815330549471053,0.0007411236840000001,,,-0.0013306273,,,,,,-1.8690277571915452,,,-0.13830706456409558,0.0,,,,-0.01542121184974761,0.028886597603559494,0.34257951378822327,0.6059448330853855,0.9874775296304197,0.9456285468364772,-2.9949898173161995,0.03389032086288772,,,,1.0522597454235025,,0.11929336190223694,,
196102,63.44,1.94333,3.15,0.032838,0.028612,0.042699999999999995,0.0507,0.0392,0.02,0.021,0.0242,0.0014000000000000002,0.030632566204287517,0.03145564907737132,0.04965321563682219,0.6169301587301588,0.5120227162880618,0.015,0.008000000000000007,0.0010000000000000009,0.0,,0.019419901401943346,0.00054745936,,,-0.0012541776,,,,,,-1.8990822057144787,,,-0.14289104116509765,0.0,,,,0.00701757265864654,0.05455996096134186,0.3395591974258423,0.645858215440298,1.0,0.9658774271667615,-3.0397952124405534,0.03450584569614912,,,,1.0522597454235025,,0.1138613373041153,,
196103,65.06,1.94,3.09,0.029345,0.027051,0.042199999999999994,0.050199999999999995,0.0397,-0.0037,-0.0029,0.0239,0.002,0.029818628957885028,0.030580075662042877,0.047494620350445736,0.627831715210356,0.5466798693525264,0.015799999999999998,0.008,0.0008000000000000004,0.0,,0.022737600973699038,0.000414941168,,,-0.0012149657,,,,,,-1.9310015312642477,,,-0.1401894354232187,0.0,,,,-0.01678523976651364,0.08659866452217102,0.3310142457485199,0.5760446667985365,0.9959521917042009,0.9871037390403664,-3.0838564130707145,0.04580418851377585,,,,1.0522597454235025,,0.11726627498865128,,
196104,65.31,1.94,3.07,0.004537,0.003843,0.0425,0.0501,0.0391,0.0115,-0.0116,0.0229,0.0017000000000000001,0.029704486296126164,0.029818628957885028,0.04700658398407594,0.6319218241042346,0.5450044938191568,0.016200000000000003,0.007599999999999996,-0.0231,0.0,,0.023259282735476786,0.0010092086259999998,,,-0.0015040745,,,,,,-1.9775919609542356,,,-0.12320625065935698,0.0,,,,0.024157996164914267,0.04692266508936882,0.3280974328517914,0.5951216531473582,0.9741503042829257,0.9741503042829257,-3.094570690266962,0.04597128618134333,,,,1.0522597454235025,,0.1471734195947647,,
196105,66.56,1.94,3.05,0.023553,0.018924,0.042699999999999995,0.0501,0.0397,-0.0046,0.0049,0.0229,0.0018,0.029146634615384612,0.029704486296126164,0.045823317307692304,0.6360655737704918,0.5309162934894935,0.0168,0.007400000000000004,0.0095,0.0,,0.022465697915777127,0.000404343422,,,-0.0014627354,,,,,,-1.8993655269588818,,,-0.11127666162362893,0.0,,,,0.016826773498962055,0.06432811915874481,0.3320166766643524,0.6226576906478077,0.9869114397416284,0.9869114397416284,-3.1193905625071845,0.04436775567201766,,,,1.0522597454235025,,0.12914113700389862,,
196106,64.64,1.94,3.03,-0.026673,-0.028725,0.0433,0.050300000000000004,0.0404,-0.0075,-0.008,0.0233,0.002,0.03001237623762376,0.029146634615384612,0.046875,0.6402640264026402,0.5408211006491607,0.017099999999999997,0.007000000000000006,-0.0005000000000000004,0.0,,0.022482163583148963,0.0005489074040000001,,,-0.0011481273,,,,,,-1.7918552462321111,,,-0.10072653033304979,0.0,,,,0.006950615623088809,0.039173491299152374,0.3394351303577423,0.5428424896108858,0.9688367612895915,0.9688367612895915,-3.0983369954980184,0.03372818119732667,,,,1.0522597454235025,,0.15712639689445496,,
196107,66.76,1.94667,3.03667,0.033795,0.033119,0.0441,0.0509,0.0404,0.0035,0.004,0.022400000000000003,0.0018,0.029159227082085078,0.03011556311881188,0.0454863690832834,0.6410541810601744,0.5244056310872308,0.017999999999999995,0.0068000000000000005,0.0005,0.006711409395973034,,0.025179673047700687,0.000628373737,,,-0.0015422544,,,,,,-1.785662076013524,,,-0.09263356735458705,0.0,,,,0.020100854510407145,0.057290855795145035,0.3304678201675415,0.5418504439401332,0.9991642585982208,0.9991642585982208,-3.1287937648698914,0.02923573637765012,,,,1.0522597454235025,,0.1611102670431137,,
196108,68.07,1.95333,3.04333,0.02473,0.019511,0.044500000000000005,0.051100000000000007,0.041,-0.0038,-0.0018,0.0239,0.0014000000000000002,0.02869590127809608,0.029258987417615335,0.04470882914646688,0.6418396953337299,0.5137928160680056,0.0171,0.006600000000000002,0.002,-0.0033333333333334103,,0.025425953517668274,0.00040621505100000004,,,-0.0019986084,,,,,,-1.7800205153915305,,,-0.08692028557978437,0.0,,,,0.026322141581832822,0.012256816029548645,0.33243632316589355,0.589733710051384,0.9919808201058202,0.9919808201058202,-3.147189531404304,0.027916582221026526,,,,1.0522597454235025,,0.16697660088539124,,
196109,66.73,1.96,3.05,-0.018674,-0.019877,0.044500000000000005,0.0512,0.0403,0.0129,0.0144,0.022799999999999997,0.0017000000000000001,0.029372096508317097,0.0287938886440429,0.04570657875018732,0.6426229508196721,0.5275167210963905,0.017500000000000005,0.006699999999999998,0.0014999999999999996,0.0033444816053511683,,0.02496340649526535,0.0008224996059999999,,,-0.0022923683,,,,,,-1.7903264174923699,,,-0.09138920984934229,0.0,,,,-0.002879992186416239,0.05230823904275894,0.3189946711063385,0.5808789684398828,0.9651494088337715,0.9651494088337715,-3.1245414232636737,0.026627121040659275,,,,1.0522597454235025,,0.1875566691160202,,
196110,68.62,1.98,3.09667,0.028174,0.026791,0.044199999999999996,0.0513,0.04,0.0071,0.0127,0.023,0.0019,0.028854561352375397,0.029671811778810127,0.04512780530457592,0.6393965130285113,0.5254858506648483,0.017,0.007100000000000002,0.005599999999999999,0.0,,0.025835926814774025,0.00026750879100000005,,,-0.0020361304,,,,,,-1.761039873885304,,,-0.07572043421548713,0.0,,,,0.004758718027882869,0.04235531762242317,0.32385629415512085,0.5742798422745506,0.9688794681568552,0.9688794681568552,-3.136707883221234,0.028469654514191728,,,,1.0522597454235025,,0.15008586645126343,,
196111,71.32,2.0,3.14333,0.045226,0.039324,0.043899999999999995,0.051100000000000007,0.0404,-0.002,0.0028,0.0248,0.0015,0.028042624789680316,0.029146021568055958,0.04407361189007292,0.6362679069649066,0.512610864745011,0.0156,0.007200000000000012,0.0048000000000000004,0.0,,0.025570748681004903,0.0003603902050000001,,,-0.0020734466,,,,,,-1.8950395843876995,,,-0.063669177007045,0.0,,,,0.01607818444706604,0.0713994950056076,0.3280447721481323,0.6344728095805395,0.9826510880518561,0.9826510880518561,-3.1605376690558367,0.031052594979505257,,,,1.0522597454235025,,0.1382785141468048,,
196112,71.55,2.02,3.19,0.004696,0.003465,0.044199999999999996,0.051,0.0415,-0.0125,-0.0026,0.026000000000000002,0.0019,0.028232005590496156,0.02832305103757712,0.044584206848357795,0.6332288401253918,0.5059222583910058,0.0155,0.0068000000000000005,0.0099,0.0,,0.0223243074528514,0.000336901535,,,-0.0022107435,,,,,,-1.8378800232038484,,,-0.058314060888560615,0.0,,,,0.02992554375306531,0.01859584078192711,0.3262667655944824,0.6272833967296505,0.9948701201507668,0.9948701201507668,-3.1501730590797727,0.03472564852040622,,,,1.0522597454235025,,0.09031891077756882,,
196201,68.84,2.02667,3.25,-0.037356,-0.038692,0.044199999999999996,0.0508,0.0419,-0.0014,0.008,0.027200000000000002,0.0024,0.029440296339337597,0.02832522711390636,0.047210923881464265,0.6235907692307693,0.5284285714285714,0.014699999999999998,0.006600000000000002,0.0094,0.0,,0.024721375347346548,0.0008115306510000001,,,-0.0022987448,,,,,,-1.8065240372346378,,,-0.07032995195372926,0.0,,,,0.030691162164283272,0.030508805066347122,0.3282695710659027,0.5938443158648534,0.9524975847382673,0.9524975847382673,-3.0931196232178504,0.03840008415842182,,,,1.0522597454235025,,0.1470419317483902,,
196202,69.96,2.03333,3.31,0.020592,0.016147,0.044199999999999996,0.0507,0.0414,0.0103,0.0052,0.0273,0.002,0.029064179531160663,0.0295370424171993,0.04731275014293883,0.6142990936555891,0.522420732999082,0.014099999999999998,0.006500000000000006,-0.0051,0.0033333333333334103,,0.0287833898219817,0.00026509674700000003,,,-0.0022097278,,,,,,-1.7349762422248234,,,-0.057427594620627964,0.0,,,,0.03268548373984699,0.05095643177628517,0.3247690200805664,0.5756939968563151,0.9634513069627573,0.9634513069627573,-3.090580715353789,0.03315441700853195,,,,1.0522597454235025,,0.1600465327501297,,
196203,69.55,2.04,3.37,-0.003842,-0.005137,0.043899999999999995,0.0504,0.0398,0.0253,0.0151,0.027200000000000002,0.002,0.0293314162473041,0.029159519725557463,0.048454349388928834,0.6053412462908012,0.5457245915552726,0.0126,0.006500000000000006,-0.010199999999999999,0.0,,0.024075295489537057,0.000279492147,,,-0.0028841357,,,,,,-1.71488318758262,,,-0.05539323257540252,0.0,,,,-0.022379042821359812,-0.007911884225904942,0.32419124245643616,0.6118253936872449,0.961954525043883,0.961954525043883,-3.0656805836174197,0.03026618657217991,,,,1.0522597454235025,,0.16181357204914093,,
196204,65.24,2.04667,3.40333,-0.061743,-0.062443,0.0433,0.050199999999999995,0.0394,0.0082,0.0142,0.0273,0.0022,0.031371397915389336,0.029427318475916613,0.05216630901287554,0.6013727731368983,0.5798626245622472,0.012099999999999996,0.006899999999999996,0.006,0.0033222591362125353,,0.025152065210778445,0.001019690809,,,-0.0023948455,,,,,,-1.793709666127985,,,-0.056573938195421114,0.0,,,,-0.03037897129309116,-0.1421298086643219,0.3475508987903595,0.5227202209160962,0.9053217400770164,0.9053217400770164,-2.9909994806444455,0.02697127861083839,,,,-1.3535680784604291,,0.1861698478460312,,
196205,59.63,2.05333,3.43667,-0.079847,-0.085499,0.042800000000000005,0.05,0.0393,0.0046,0.0,0.0269,0.0024,0.03443451282911286,0.03147348252605763,0.05763323830286768,0.5974766270837758,0.6289943915481936,0.012400000000000001,0.007199999999999998,-0.0046,0.0,,0.02772230425938946,0.010914839126000001,,,-0.0029059114,,,,,,-2.026135766373066,,,-0.06095310563060918,0.0,,,,-0.02119889656226482,0.12156057357788086,0.3121955692768097,0.5407368571668041,0.8346055979643766,0.8346055979643766,-2.89162575509425,0.030248621295006564,,,,-2.685335776515435,,0.4774223864078522,,
196206,54.75,2.06,3.47,-0.080669,-0.082222,0.042800000000000005,0.050199999999999995,0.0401,-0.0076,-0.0026,0.0273,0.002,0.03762557077625571,0.03454636927720946,0.06337899543378996,0.5936599423631124,0.6873574686431015,0.012799999999999995,0.00739999999999999,0.005,0.0,,0.02645544341872154,0.0061611301890000005,,,-0.0027952766,,,,,,-1.9841755648374186,,,-0.06639225625313827,0.0,,,,-0.011602569039365594,0.13541656732559204,0.3314357399940491,0.3461656117712731,0.7637397776598495,0.7637397776598495,-2.7969777286143063,0.03309227669597829,,,,-2.685335776515435,,0.5195299386978149,,
196207,58.23,2.06667,3.49,0.065203,0.063969,0.0434,0.050499999999999996,0.0412,-0.0109,-0.0015,0.0292,0.0027,0.03549149922720247,0.03774739726027397,0.05993474154216041,0.5921690544412607,0.6452260298028198,0.012,0.007099999999999995,0.0094,0.0033112582781458233,,0.03048582725670396,0.0018434771641473386,,,-0.0025626272,,,,,,-1.7815995630854906,,,-0.060127645831907106,0.0,,,,-0.0015254638020369968,0.045080166310071945,0.4241408407688141,0.3869972726298399,0.8136098297750745,0.8136098297750745,-2.8538158120116424,0.033714049034049995,,,,-2.685335776515435,,0.53179532289505,,
196208,59.12,2.07333,3.51,0.021669,0.015803,0.0435,0.0506,0.0401,0.0187,0.0143,0.0282,0.0023,0.03506985791610284,0.03560587326120557,0.05937077131258457,0.5906923076923077,0.6333103516202109,0.011899999999999997,0.007100000000000002,-0.004400000000000001,0.0,,0.029328677549369964,0.0008019519321379935,,,-0.0027495972,,,,,,-1.6575552947113263,,,-0.062370126181259256,0.0,,,,-0.026234453127484018,0.046658359467983246,0.43215855956077576,0.34994294817724403,0.8289178266726538,0.8289178266726538,-2.86298162612965,0.03384613199348855,,,,-2.685335776515435,,0.426771879196167,,
196209,56.27,2.08,3.53,-0.048816,-0.050259,0.0432,0.050300000000000004,0.0398,0.0061,0.0089,0.0278,0.0021,0.03696463479651679,0.035182679296346414,0.06273325039985782,0.5892351274787536,0.666344260596221,0.012000000000000004,0.007100000000000002,0.0027999999999999995,0.0033003300330032292,,0.030601603714375633,0.0011769980586619772,,,-0.0029218017,,,,,,-1.6726664493651682,,,-0.059341423808085825,0.0,,,,0.021475495500904905,-0.028712280094623566,0.44620785117149353,0.35909421818856785,0.7878243594453743,0.7878243594453743,-2.807892049467461,0.031423077746625644,,,,-2.685335776515435,,0.31160902976989746,,
196210,56.52,2.09667,3.57667,0.008313,0.006405,0.042800000000000005,0.0499,0.0395,0.0084,0.0068,0.0274,0.0026,0.03709607218683652,0.03726088501866003,0.0632814932767162,0.5862072821926541,0.6541533140037642,0.0121,0.007099999999999995,-0.0015999999999999999,0.0,,0.02809449505131808,0.003452108150190437,,,-0.0022837634,,,,,,-1.7223502820637338,,,-0.061583850358283954,0.0,,,,0.03581782161840281,0.08867445588111877,0.44364655017852783,0.3529284136722224,0.802506429358697,0.802506429358697,-2.7987097674880532,0.03199515874778447,,,,-2.439266354171311,,0.36203303933143616,,
196211,62.26,2.11333,3.62333,0.108268,0.100528,0.0425,0.0496,0.0396,0.0021,0.0062,0.028300000000000002,0.002,0.03394362351429489,0.037390835102618536,0.05819675554127851,0.5832562863443296,0.5941783459109811,0.011300000000000001,0.007099999999999995,0.0040999999999999995,0.0,,0.024810431643642886,0.0012747828264660001,,,-0.002819534,,,,,,-1.85256002815279,,,-0.06068306292740999,0.0,,,,-5.684563569158392e-05,0.02609970234334469,0.4269144833087921,0.3787675407042699,0.8835095453865099,0.8835095453865099,-2.8823768588863308,0.03290198386941516,,,,-1.1019792665865846,,0.3770589828491211,,
196212,63.1,2.13,3.67,0.015534,0.01404,0.0424,0.0492,0.0395,0.0035,0.0023,0.0287,0.0023,0.03375594294770206,0.034211371667202055,0.058161648177496035,0.5803814713896458,0.5916270510657875,0.0108,0.0068000000000000005,-0.0012000000000000001,0.0,,0.019968021526393473,0.0005438822656559563,,,-0.0027965748,,,,,,-1.7178049806563749,,,-0.06396646703082709,0.0,,,,0.08015992035608277,0.053439661860466,0.4600864052772522,0.3795551799987303,0.8981969945317558,0.8873195357254631,-2.8824027599087705,0.033030586292029346,,,,0.2789876346982928,,0.33810651302337646,,
196301,66.2,2.13667,3.68333,0.050367,0.048957,0.0421,0.049100000000000005,0.0398,-0.0001,0.0059,0.0291,0.0025,0.03227598187311178,0.03386164817749604,0.05563942598187311,0.5800919276850024,0.5649849893827341,0.010700000000000001,0.007000000000000006,0.006,0.0,,0.01713622242552168,0.0006997698378649394,,,-0.0030502697,,,,,,-1.7511642447011053,,,-0.05995776468629721,0.0,,,,0.06523623614930467,0.0054460675455629826,0.45334169268608093,0.3612324978588216,0.9437626116040579,0.9291613939121798,-2.9264479889523667,0.03627541423156881,,,,0.8169939598726187,,0.21558968722820282,,
196302,64.29,2.14333,3.69667,-0.024189,-0.029163,0.04190000000000001,0.0489,0.04,0.0008,0.0023,0.0292,0.0023,0.033338466324467256,0.032376586102719034,0.05749992222740706,0.5798001985570798,0.5819531179292243,0.0108,0.006999999999999992,0.0015,0.0,,0.013236746611198202,0.0003921329400086703,,,-0.0030897221,,,,,,-1.6835848480878826,,,-0.051883455522084176,0.0,,,,0.05096714808677456,-0.06490756571292877,0.4690273106098175,0.36449674018161715,0.9162451281200764,0.9020696411805529,-2.894422870120833,0.032121008664598966,,,,0.8169939598726187,,0.2016671597957611,,
196303,66.57,2.15,3.71,0.036581,0.035156,0.04190000000000001,0.048799999999999996,0.0401,0.0009,0.0026,0.028900000000000002,0.0023,0.03229683040408593,0.033442214963446876,0.05573080967402735,0.5795148247978437,0.587528570591338,0.011199999999999995,0.0068999999999999895,0.0017,0.00328947368421062,,0.014380137599130628,0.0003599355103179676,,,-0.0029958802,,,,,,-1.5956864418861154,,,-0.04902262378222133,0.0,,,,0.07285826966040312,-0.005019610747694969,0.47135207056999207,0.35344183513229444,0.9654431006436098,0.9287123593365174,-2.9257695586055066,0.033852616381875665,,,,0.8169939598726187,,0.20333623886108398,,
196304,69.8,2.16667,3.75333,0.04907,0.048177,0.0421,0.0487,0.0405,-0.0012,-0.0051,0.028999999999999998,0.0025,0.031041117478510027,0.032547243503079464,0.05377263610315187,0.5772660544103503,0.5587292740699457,0.011500000000000003,0.006600000000000002,-0.0039000000000000007,0.0,,0.015199396339126536,0.0003221603880612223,,,-0.0026662205,,,,,,-1.6592621252950739,,,-0.04315969615188697,0.0,,,,0.04289411851959023,0.06199071556329727,0.4571415185928345,0.3629026631578534,0.9991229657678226,0.9765821665237922,-2.961922773826541,0.0295012539238763,,,,1.0522597454235025,,0.15301744639873505,,
196305,70.8,2.18333,3.79667,0.019674,0.013844,0.042199999999999994,0.048499999999999995,0.0406,0.0023,0.0048,0.029300000000000003,0.0024,0.03083799435028249,0.0312797994269341,0.05362528248587571,0.5750644643858961,0.5516121932430945,0.011299999999999994,0.0063,0.0024999999999999996,0.0,,0.014648685297754576,0.00030365573267591907,,,-0.0027292359,,,,,,-1.6852254140681213,,,-0.03437260896496097,0.0,,,,0.04552990907986817,0.0649871975183487,0.4570200443267822,0.3654035993339801,1.0,0.9891823488590441,-2.964282043558191,0.03217156929386091,,,,1.0522597454235025,,0.11647727340459824,,
196306,69.37,2.2,3.84,-0.018605,-0.019806,0.042300000000000004,0.0484,0.0407,0.0019,0.0043,0.029900000000000003,0.0023,0.031713997405218394,0.03107344632768362,0.0553553409254721,0.5729166666666667,0.5672815753734721,0.010799999999999997,0.006099999999999994,0.0024000000000000002,0.003278688524590123,,0.018263319017388386,0.0002610983532553293,,,-0.0027715822,,,,,,-1.623619452605394,,,-0.03464237594808628,0.0,,,,-0.011685820744063723,0.062459517270326614,0.45679599046707153,0.4233649466501753,0.9723781225927148,0.9618592752854092,-2.9331066854816243,0.028355451769917023,,,,1.0522597454235025,,0.11823586374521255,,
196307,69.13,2.20333,3.88,-0.001821,-0.003131,0.0426,0.0484,0.0407,0.0031,0.0028,0.0318,0.0027,0.03187226963691595,0.0317620008649272,0.056126139158107914,0.5678685567010309,0.5766216585421969,0.008899999999999998,0.0058,-0.0002999999999999999,0.0032679738562091387,,0.009318905749869589,0.0005297970815772215,,,-0.0020389843,,,,,,-1.6004935292638345,,,-0.04188607498127084,0.0,,,,-0.003384634888007794,0.06067221984267235,0.47799262404441833,0.4295506292554161,0.9566275998679431,0.9462791362207617,-2.9195666386788264,0.024155333170078154,,,,1.0522597454235025,,0.166975200176239,,
196308,72.5,2.20667,3.92,0.053466,0.048496,0.0429,0.0483,0.0408,0.0021,0.0035,0.0332,0.0025,0.030436827586206895,0.031920584406191235,0.05406896551724138,0.5629260204081633,0.5498272363297317,0.007600000000000003,0.005400000000000002,0.0014000000000000002,0.0,,0.009520240873846212,0.0003269086200306698,,,-0.0019554685,,,,,,-1.6145011026222433,,,-0.04314423675449808,0.0,,,,0.0044911894968582815,0.07348329573869705,0.4507274031639099,0.42420592557948467,1.0,0.9923936264304474,-2.9567156212115386,0.021907450463565417,,,,1.0522597454235025,,0.17660647630691528,,
196309,71.7,2.21,3.96,-0.010402,-0.011579,0.0431,0.0484,0.041,0.0004,-0.0023,0.0338,0.0027,0.030822873082287306,0.030482758620689655,0.05523012552301255,0.5580808080808081,0.547223624776539,0.007200000000000005,0.005299999999999999,-0.0027,0.0,,0.01031341287818378,0.000329910267015851,,,-0.0015243919,,,,,,-1.6794197179899948,,,-0.03647082957641823,0.0,,,,0.022037978697999148,0.01923382468521595,0.46149834990501404,0.4181791425943135,0.9823448978497505,0.9823448978497505,-2.9362363705553443,0.021458734649510463,,,,0.8061903230793789,,0.17001394927501678,,
196310,74.01,2.23333,3.98,0.034825,0.03329,0.0432,0.0483,0.0415,-0.0026,0.0049,0.0345,0.0029,0.030176057289555466,0.031148256624825663,0.05377651668693419,0.5611381909547739,0.5309640771685447,0.006999999999999999,0.0051,0.0075,0.0032573289902280145,,0.010280218321743492,0.0005035319049855499,,,-0.0017563594,,,,,,-1.6377497436613737,,,-0.03282847495909236,0.0,,,,0.008918793708846505,0.06427846103906631,0.44768011569976807,0.4210054734445205,0.9930703484549639,0.9930703484549639,-2.9631962464115986,0.023791554459609187,,,,1.0522597454235025,,0.13177190721035004,,
196311,73.23,2.25667,4.0,-0.004487,-0.011085,0.0433,0.0484,0.0414,0.0051,0.0015,0.0352,0.0027,0.030816195548272567,0.03049142007836779,0.05462242250443807,0.5641675,0.5342962212865746,0.006199999999999997,0.0051,-0.0036000000000000003,0.0,,0.006012878052792053,0.003110165661842049,,,-0.0017575761,,,,,,-1.7241402592732755,,,-0.03118025755702236,0.0,,,,0.004959613398000174,0.15512995421886444,0.45323434472084045,0.4156203974622314,0.9868770545693623,0.9868770545693623,-2.9476847060913607,0.02415155736371781,,,,0.5419623949876423,,0.2877569794654846,,
196312,75.02,2.28,4.02,0.026065,0.02465,0.0435,0.048499999999999995,0.0417,-0.0006,-0.0034,0.0352,0.0029,0.03039189549453479,0.031134780827529695,0.053585710477206075,0.5671641791044776,0.5255914542237368,0.006499999999999999,0.0049999999999999975,-0.0028,0.0032467532467532756,,0.008954774905959514,0.00027356667626276583,,,-0.0014968686,,,,,,-1.6433654527453228,,,-0.03636787661535701,0.0,,,,-0.018159850037962683,0.07130391895771027,0.450447142124176,0.43107969017333697,0.9944474133548833,0.9944474133548833,-2.966942774576525,0.02539083758959746,,,,0.7803982348754671,,0.2732464671134949,,
196401,77.04,2.29667,4.07333,0.027391,0.026373,0.043899999999999995,0.0483,0.0421,-0.0014,0.0087,0.0352,0.003,0.029811396677050885,0.030614102905891765,0.052872923156801664,0.5638310669648666,0.510606870909415,0.006899999999999996,0.004400000000000008,0.0101,0.0,,0.014293616927277712,0.0001833411105072051,,,-0.0017279613,,,,,,-1.6971918125089196,,,-0.030843008678408168,0.0,,,,0.059963190693171436,0.07724541425704956,0.4407889246940613,0.3922929865694243,0.9969026885678743,0.9969026885678743,-2.980717914753737,0.026347137247777624,,,,1.0522597454235025,,0.25961732864379883,,
196402,77.8,2.31333,4.12667,0.017015,0.012171,0.0436,0.0483,0.0424,-0.0011,0.0054,0.0353,0.0026,0.02973431876606684,0.03002764797507788,0.05304203084832905,0.5605803226330189,0.5011622965980953,0.007100000000000002,0.004700000000000003,0.006500000000000001,0.0,,0.01740796096142009,7.169954746727038e-05,,,-0.0014884159,,,,,,-1.6332935134512185,,,-0.027311372454644545,0.0,,,,0.02678181821715312,0.07170090079307556,0.4566720724105835,0.37866871839400573,1.0,1.0,-2.9773326265607793,0.025990745518342434,,,,1.0522597454235025,,0.049212921410799026,,
196403,78.98,2.33,4.18,0.017232,0.015814,0.0438,0.0483,0.0424,0.0037,-0.0062,0.0354,0.0031,0.02950113952899468,0.02994858611825193,0.05292479108635097,0.5574162679425838,0.5236754417243542,0.006999999999999999,0.004500000000000004,-0.009899999999999999,0.0,,0.017783275215299963,0.00011471138055620209,,,-0.0018579462,,,,,,-1.6989966080533896,,,-0.030536135078481408,0.0,,,,0.03570325251776999,0.03171448037028313,0.4547208845615387,0.38210844109367353,0.9915147820786345,0.9915147820786345,-2.980217272814816,0.027366016799100133,,,,1.0522597454235025,,0.03473907709121704,,
196404,79.46,2.34667,4.23,0.006192,0.005297,0.044000000000000004,0.048499999999999995,0.0423,0.0047,0.004,0.0347,0.0029,0.029532720865844454,0.029712205621676372,0.05323433173923988,0.5547683215130024,0.5253031069230485,0.007599999999999996,0.00449999999999999,-0.0007000000000000001,0.0,,0.020767988616043988,0.00025475515225983306,,,-0.0019835029,,,,,,-1.742021285591956,,,-0.017526387988803016,0.0,,,,0.043423031493262536,-0.0064600384794175625,0.44377759099006653,0.383078300020278,0.9799838033191108,0.9799838033191108,-2.9744815670914053,0.02726031119036556,,,,1.0522597454235025,,0.05852079391479492,,
196405,80.37,2.36333,4.28,0.016815,0.01146,0.0441,0.048499999999999995,0.0422,0.005,0.0057,0.0348,0.0026,0.02940562398905064,0.029742386106216965,0.05325370162996143,0.5521799065420561,0.5190357804426246,0.007400000000000004,0.004399999999999994,0.0007000000000000001,0.0,,0.02117914509687524,0.00022577711719403738,,,-0.0019289225,,,,,,-1.6474664169873978,,,-0.015079879097252835,0.0,,,,0.05045535772520353,0.0574348010122776,0.4357033669948578,0.3801491312517923,0.9884240577231169,0.9884240577231169,-2.9738299059620963,0.026903817071559415,,,,1.0522597454235025,,0.08030024915933609,,
196406,81.69,2.38,4.33,0.018084,0.016779,0.0441,0.048499999999999995,0.0419,0.0069,0.0048,0.0348,0.003,0.02913453299057412,0.029613039691427145,0.05300526380217897,0.5496535796766744,0.5122068550811786,0.007100000000000002,0.004399999999999994,-0.0021000000000000003,0.003236245954692629,,0.020502810483883145,0.00039785086856362987,,,-0.0019886295,,,,,,-1.6648849947218571,,,-0.015471426362709817,0.0,,,,0.052546419355333426,0.014828143641352654,0.4539167582988739,0.419545103947627,1.0,1.0,-2.978218047347645,0.022846943336667987,,,,1.0522597454235025,,0.11561734974384308,,
196407,83.18,2.4,4.37667,0.01891,0.017953,0.044000000000000004,0.0483,0.0421,0.0008,0.0052,0.0346,0.003,0.028853089685020435,0.029379360998898273,0.05261685501322433,0.548362110919946,0.5063607181072405,0.0075,0.004299999999999998,0.004399999999999999,0.003225806451612856,,0.02131252930934855,0.0001989066578310932,,,-0.0022379109,,,,,,-1.652408995237939,,,-0.012129030799073792,-0.01683501683501687,,,,0.07321046811996476,0.04085240885615349,0.4360569417476654,0.4387602442211252,0.9879602983496799,0.9879602983496799,-2.985764742489838,0.020546802534550497,,,,1.0522597454235025,,0.11169597506523132,,
196408,81.83,2.42,4.42333,-0.011621,-0.016285,0.0441,0.0482,0.0423,0.002,0.0037,0.035,0.0028000000000000004,0.029573506049126237,0.02909353209906227,0.05405511426127337,0.5470991311975367,0.5079429443755367,0.007299999999999994,0.0040999999999999995,0.0017000000000000001,-0.003215434083601365,,0.020696510843525303,0.00042592625682035353,,,-0.0018720556,,,,,,-1.6310768998048095,,,-0.008825368997576355,0.0,,,,0.02604340557946714,-0.0036804773844778538,0.4834143817424774,0.45551950906944955,0.9848828331473541,0.9848828331473541,-2.9587970878790713,0.019513553518069514,,,,1.0522597454235025,,0.1452305167913437,,
196409,84.18,2.44,4.47,0.030399,0.029022,0.044199999999999996,0.0482,0.0421,0.005,0.0021,0.0353,0.0028000000000000004,0.02898550724637681,0.029817915190028108,0.05310049893086243,0.5458612975391499,0.4865371214457886,0.0068000000000000005,0.0040000000000000036,-0.0029000000000000002,0.003225806451612856,,0.020402970906003747,0.00017049742327560072,,,-0.0019531682,,,,,,-1.6801748278144972,,,-0.008326739688594209,0.0,,,,0.04410332183956518,0.07020215690135956,0.45450204610824585,0.45939829030571777,0.9995775001712837,0.9995775001712837,-2.9767108980481223,0.02183295337646473,,,,1.0522597454235025,,0.11496628820896149,,
196410,84.86,2.46,4.49667,0.008745,0.007566,0.044199999999999996,0.0481,0.0421,0.0043,0.005,0.035699999999999996,0.0029,0.028988922931887814,0.02922309337134711,0.052989276455338206,0.5470714995763531,0.48781325880789844,0.006400000000000003,0.0039000000000000007,0.0007000000000000001,0.0,,0.020115530804322972,0.00018704386666130088,,,-0.0022257355,,,,,,-1.6779123815516672,,,-0.025470920688622556,0.0,,,,0.06926229316459116,0.07518982142210007,0.4652538597583771,0.44419417055956395,0.9904480998298355,0.9904480998298355,-2.978711686369056,0.022478263633636364,,,,1.0522597454235025,,0.11284086108207703,,
196411,84.42,2.48,4.52333,0.001598,-0.004588,0.0443,0.0481,0.0422,0.0017,-0.0004,0.0364,0.0029,0.02937692489931296,0.029224605232147066,0.05358126036484245,0.5482686427919254,0.486503775287573,0.0058,0.003799999999999998,-0.0021,0.003215434083601254,,0.01916709921290301,0.00021286585460055077,,,-0.0024802459,,,,,,-1.6956220025889328,,,0.0017664251043392198,0.0,,,,0.029964973619829655,-0.004837952088564634,0.46081632375717163,0.47231508915935655,0.9817429433335949,0.9817429433335949,-2.967217873814522,0.023770654639205874,,,,1.0522597454235025,,0.0779697448015213,,
196412,84.75,2.5,4.55,0.005228,0.003803,0.0444,0.0481,0.0423,0.003,0.0088,0.0384,0.0031,0.029498525073746312,0.029613835583984838,0.05368731563421829,0.5494505494505495,0.4872273002871426,0.0039000000000000007,0.003699999999999995,0.0058000000000000005,0.0,,0.02309531664854291,0.0003512132858212789,,,-0.0023805734,,,,,,-1.6459590198873062,,,0.01031653907158514,0.0,,,,0.03379651417242172,0.05478166788816452,0.4601263105869293,0.49563569376209876,0.9802850702582678,0.9802850702582678,-2.965528499626655,0.02240085218141062,,,,1.0522597454235025,,0.10899065434932709,,
196501,87.56,2.51667,4.59333,0.034791,0.033837,0.0443,0.048,0.0422,0.004,0.0081,0.0381,0.0028000000000000004,0.02874223389675651,0.029695221238938054,0.05245922795797167,0.5478966240178694,0.47172319074939634,0.0040999999999999995,0.003700000000000002,0.0040999999999999995,0.0,,0.01790374661081962,0.00016581280118521305,,,-0.0022007442,,,,,,-1.7156037754679652,,,0.017844246454841173,0.0,,,,0.061497705376893565,0.028079835698008537,0.4521866738796234,0.47980367610517294,1.0,1.0,-2.988764990862928,0.024559815545462674,,,,1.0522597454235025,,0.10171791911125183,,
196502,87.43,2.53333,4.63667,0.003746,-0.000853,0.0441,0.0478,0.0424,0.0014,0.0009,0.0393,0.003,0.028975523275763464,0.028932503426222018,0.053032940638224856,0.5463684066366595,0.4713994775755965,0.0030999999999999986,0.003700000000000002,-0.0005,0.0,,0.014823216409768152,0.0003931965476332794,,,-0.0022017761,,,,,,-1.7619709176934562,,,0.020860178609168223,0.0,,,,0.046267005781167984,0.02744082733988762,0.4537692964076996,0.48842338840968896,0.9968884475339292,0.9968884475339292,-2.9780799450347994,0.024995672663121426,,,,1.0522597454235025,,0.12647250294685364,,
196503,86.16,2.55,4.68,-0.012213,-0.013685,0.044199999999999996,0.0478,0.0422,0.0054,0.0012,0.0393,0.0036,0.029596100278551533,0.029166190094933084,0.054317548746518104,0.5448717948717948,0.469489904954727,0.0029,0.003600000000000006,-0.004200000000000001,0.0032051282051281937,,0.019134234586095887,0.00014462028189985647,,,-0.0021373681,,,,,,-1.6771925172324338,,,0.030834222455648597,0.0,,,,0.03871451218069043,0.03505723550915718,0.44913798570632935,0.489466590356753,0.9809665673618008,0.9809665673618008,-2.9541458309348223,0.02551924679304641,,,,0.8061903230793789,,0.09762275218963623,,
196504,89.11,2.57,4.73333,0.035612,0.034769,0.0443,0.048,0.0422,0.0036,0.0021,0.0393,0.0031,0.028840758612950285,0.029828226555246053,0.05311783189316575,0.5429581288437527,0.45255933471392484,0.0029,0.003700000000000002,-0.0015,0.0031948881789136685,,0.014722572331669861,0.00016275968488075286,,,-0.0021429735,,,,,,-1.7123195959956286,,,0.03200501379865228,0.0,,,,0.046631493522130654,0.07642573863267899,0.4442013204097748,0.4996440120614539,1.0,1.0,-2.9763845332422982,0.023444723513419523,,,,0.7803982348754671,,0.10181178152561188,,
196505,88.42,2.59,4.78667,-0.003122,-0.008354,0.0444,0.0481,0.0423,0.0018,-0.0008,0.038900000000000004,0.0031,0.02929201538113549,0.02906520031421838,0.05413560280479529,0.5410859741741126,0.4546642847806196,0.0033999999999999933,0.003699999999999995,-0.0026,0.0,,0.016245056568909486,0.00033376402913468236,,,-0.0025656153,,,,,,-1.7327695634758655,,,0.03661208010069528,0.0,,,,0.04310796468302361,0.04690282419323921,0.4487874209880829,0.4854097074466038,0.9770332687682254,0.9770332687682254,-2.9575011250837853,0.022247673006894036,,,,-0.2562758139301735,,0.09028511494398117,,
196506,84.12,2.61,4.84,-0.04688,-0.048367,0.0446,0.048499999999999995,0.0423,0.0047,0.0003,0.038,0.0034999999999999996,0.031027104136947214,0.029518208550101784,0.057536852116024724,0.5392561983471075,0.480858956487679,0.004299999999999998,0.0038999999999999937,-0.0044,0.006369426751592355,,0.01755122257685039,0.0018293746304502963,,,-0.0023808197,,,,,,-1.9141087717966865,,,0.041159867688633334,0.0,,,,0.03855845391168406,0.13459891080856323,0.40608736872673035,0.3776260271278183,0.9238096251676209,0.9238096251676209,-2.8965675381222034,0.02335198984707743,,,,-1.622292276445791,,0.26094016432762146,,
196507,85.25,2.62667,4.88667,0.014486,0.013678,0.044800000000000006,0.048799999999999996,0.0424,0.0022,0.0019,0.0384,0.0031,0.030811378299120232,0.03122527341892534,0.057321642228739,0.5375173686784661,0.47338217615170003,0.0040000000000000036,0.00399999999999999,-0.00030000000000000014,0.0,,0.01562749390520257,0.0005218655993088785,,,-0.0019181837,,,,,,-1.7172886844889033,,,0.047347412536066,0.0,,,-0.5671832383900076,0.037290251666857094,0.09679289907217026,0.4248960316181183,0.36657804455064996,0.9384006300419319,0.9384006300419319,-2.900218969576398,0.022736521145815584,,,,-1.9120636657902248,,0.29151010513305664,,
196508,87.17,2.64333,4.93333,0.02756,0.022473,0.0449,0.048799999999999996,0.0428,-0.0013,-0.0006,0.0384,0.0033,0.030323849948376738,0.031006803519061585,0.056594355856372604,0.5358104971692549,0.46736087784122715,0.004400000000000001,0.0038999999999999937,0.0007,0.0,,0.015601188262299318,0.00010753436077897705,,,-0.0017357486,,,,,,-1.6849950093996804,,,0.048412262948925644,0.0,,,-0.53935568872075,0.03310907507224668,0.03249156102538109,0.4172654151916504,0.3715140529611994,0.9504906238692238,0.9504906238692238,-2.9134676932882484,0.02332669980628928,,,,-0.8450794899762473,,0.28353825211524963,,
196509,89.96,2.66,4.98,0.033366,0.032034,0.0452,0.049100000000000005,0.0433,-0.0034,-0.0015,0.0392,0.0031,0.029568697198755007,0.030515085465182976,0.055357936860827045,0.5341365461847389,0.4485374712544864,0.0040999999999999995,0.0039000000000000076,0.0018999999999999998,0.0,,0.016895389946368976,0.00029910124224625633,,,-0.0013951451,,,,,,-1.7744177785974664,,,0.04778260318894745,0.0,,,-0.4967709931866192,0.05549416318525338,0.0372733511030674,0.4086364805698395,0.37010752058439017,0.9903790894191269,0.9903790894191269,-2.935940530199583,0.02346697969688994,,,,1.0522597454235025,,0.11744001507759094,,
196510,92.42,2.68,5.05,0.028812,0.027737,0.045599999999999995,0.0493,0.0433,0.0027,0.0046,0.0403,0.0031,0.02899805236961697,0.02979101823032459,0.05464185241289764,0.5306930693069307,0.4344205990716263,0.0029999999999999957,0.003700000000000002,0.0018999999999999998,0.0031645569620253333,,0.01746419296943057,0.00018837912036113934,,,-0.00099855407,,,,,,-1.7873756878033542,,,0.054664698523241295,0.0,,,-0.46837833304779347,0.06804939174600312,0.01717223972082138,0.44851186871528625,0.37599777560869446,1.0,1.0,-2.9495356096899705,0.02596799872815285,,,,1.0522597454235025,,0.06014186143875122,,
196511,91.61,2.7,5.12,-0.003821,-0.010306,0.046,0.0495,0.0441,-0.0062,-0.0057,0.0409,0.0034999999999999996,0.029472764981988867,0.02921445574550963,0.05588909507695666,0.52734375,0.44089531113012426,0.0032000000000000015,0.003500000000000003,0.0004999999999999996,0.0,,0.020762499843492727,0.00014141885326216663,,,-0.0010197298,,,,,,-1.8068674040167958,,,0.055668070989626894,0.0,,,-0.6661946554501957,0.05058588233570053,0.04375690221786499,0.448214590549469,0.3659135710162693,0.9842594999220253,0.9842594999220253,-2.927924298990184,0.02940533497541456,,,,1.0522597454235025,,0.06593023985624313,,
196512,92.43,2.72,5.19,0.010349,0.009059,0.046799999999999994,0.050199999999999995,0.045,-0.0078,-0.0149,0.0438,0.0033,0.02942767499729525,0.02969108175963323,0.056150600454397924,0.5240847784200385,0.43063780616140146,0.0011999999999999997,0.0034000000000000002,-0.0071,0.003154574132492094,,0.020837518729631407,0.0003013655280646578,,,-0.00081288747,,,,,,-1.899196034399447,,,0.06487594236187055,0.0,,,-0.5581740017285278,0.05776963206387638,0.06707325577735901,0.4200388193130493,0.3502202039454566,1.0,1.0,-2.924882456053262,0.03165012398059325,,,,1.0522597454235025,,0.06636077910661697,,
196601,92.88,2.74,5.24,0.005705,0.004874,0.047400000000000005,0.0506,0.0457,-0.0104,0.0022,0.045899999999999996,0.0038,0.029500430663221364,0.029644054960510657,0.05641688199827735,0.5229007633587787,0.4243983284359081,-0.0001999999999999988,0.0031999999999999945,0.0126,0.0,,0.02027862691342897,0.00015180444363155273,,,-0.00053976201,,,,,,-1.878031743948307,,,0.07151136007406578,0.0,,,-0.5281866008590739,0.08662019651829093,0.03920562192797661,0.406255304813385,0.32826421264220385,0.9892476362904847,0.9892476362904847,-2.9200558024242635,0.03482662245968018,,,,1.0522597454235025,,0.05869433283805847,,
196602,91.22,2.76,5.29,-0.01275,-0.017548,0.0478,0.0512,0.0477,-0.025,-0.0113,0.04650000000000001,0.0034999999999999996,0.030256522692392016,0.029715762273901807,0.05799166849375137,0.5217391304347826,0.4384960447110485,0.0011999999999999927,0.0034000000000000002,0.013700000000000002,0.0062893081761006275,,0.020025974238215696,0.00033706547003400895,,,-0.00079369557,,,,,,-1.9347329845906702,,,0.07483796179928648,0.0,,,-0.4565770692510431,0.06961609434824054,0.0637504830956459,0.39166969060897827,0.306393999448226,0.956529166457318,0.956529166457318,-2.894625729889736,0.03651657136637441,,,,1.0522597454235025,,0.07496930658817291,,
196603,89.23,2.78,5.34,-0.023041,-0.024608,0.0492,0.053200000000000004,0.046,0.0296,-0.0059,0.045899999999999996,0.0038,0.03115544099518099,0.03047577285682964,0.05984534349434047,0.5205992509363295,0.49017593563805056,0.00010000000000000286,0.0040000000000000036,-0.035500000000000004,0.0031250000000000444,,0.016788179507743927,0.0009310078959741423,,,-0.0004888765,,,,,,-1.9174135068617228,,,0.085302737576888,0.0,,,-0.6156743404210188,0.09404945132428912,0.012302803806960583,0.3832745850086212,0.3042371572196577,0.9292769934180777,0.9292769934180777,-2.863542954798179,0.0361731645212727,,,,-0.021666951153639924,,0.1305522620677948,,
196604,91.06,2.79667,5.38,0.022158,0.02125,0.0496,0.0541,0.0467,-0.0063,0.0013,0.0462,0.0034000000000000002,0.030712387436854824,0.03134226157122044,0.05908192400614979,0.5198271375464685,0.4854982435095536,0.0005000000000000004,0.004500000000000004,0.0076,0.006230529595015355,,0.015636342372411332,0.00035126467384596763,,,-0.00077685742,,,,,,-1.8957141761685872,,,0.08376138928623966,0.0,,,-0.601707803809314,0.07099538618189632,0.05600854754447937,0.3802923858165741,0.31180143210975503,0.9382304175249963,0.9382304175249963,-2.8752366285470985,0.03386757165081869,,,,0.4966246383068254,,0.1451883167028427,,
196605,86.13,2.81333,5.42,-0.04914,-0.054645,0.049800000000000004,0.0548,0.0473,-0.0059,-0.0026,0.0464,0.0040999999999999995,0.03266376407755718,0.03089534372940918,0.06292813189364914,0.5190645756457565,0.5127422036716549,0.000900000000000005,0.0049999999999999975,0.0033,0.0,,0.01594568871498835,0.0019354753996564922,,,-0.00042074561,,,,,,-2.012822366849869,,,0.09010865306118054,0.0,,,-0.6264575058169969,0.05991953978233708,0.006400424055755138,0.35939717292785645,0.3086145168780688,0.8883786363864745,0.8883786363864745,-2.8124546953415104,0.031968008405527035,,,,-1.8883011107947734,,0.21769094467163086,,
196606,84.74,2.83,5.46,-0.01438,-0.015904,0.0507,0.0558,0.0477,-0.0016,0.003,0.045,0.0038,0.03339627094642436,0.032857308719377684,0.06443238140193533,0.5183150183150184,0.5209746006206183,0.002700000000000001,0.0051,0.0046,0.003095975232198178,,0.01712305373395355,0.0005012069312327924,,,-0.00066601648,,,,,,-1.78239742639995,,,0.091692665400251,0.0,,,-0.7904070395189996,0.07963317589393056,0.025089755654335022,0.3687593936920166,0.3709142228048163,0.8743405516756269,0.8743405516756269,-2.7891179566355935,0.029870920339797644,,,,-2.450069990964551,,0.18343891203403473,,
196607,83.6,2.85,5.47667,-0.012129,-0.013039,0.0516,0.056799999999999996,0.0482,-0.0037,-0.0098,0.048,0.0034999999999999996,0.034090909090909095,0.033632286995515695,0.0655104066985646,0.5203892146139899,0.5349430007788714,0.0001999999999999988,0.005199999999999996,-0.0060999999999999995,0.0030864197530864335,,0.01864137395031891,0.001013784454286449,,,-0.0010224731,,,,,,-1.8019455013391596,,,0.0940356823267714,0.0,,,-0.7727601743550847,0.0747348090724687,0.0076792421750724316,0.369741827249527,0.36209838451558296,0.851509822639803,0.851509822639803,-2.7745268902886693,0.025247338037794005,,,,-2.685335776515435,,0.22665926814079285,,
196608,77.1,2.87,5.49333,-0.07165,-0.077487,0.053099999999999994,0.0583,0.0499,-0.0206,-0.0259,0.0496,0.0040999999999999995,0.03722438391699093,0.034330143540669864,0.07124941634241246,0.5224517733323867,0.5749546555726082,0.00030000000000000165,0.005200000000000003,-0.005299999999999999,0.006153846153846176,,0.02147041529575887,0.003165234678005566,,,-0.001167014,,,,,,-1.8941784259477246,,,0.09170080172341066,0.017123287671233056,,,-0.7780773442160914,0.04404971731656565,0.09857497364282608,0.370389848947525,0.36289202962891687,0.7922524242576496,0.7922524242576496,-2.692451861866938,0.02205191291756798,,,,-2.685335776515435,,0.2789979875087738,,
196609,76.56,2.89,5.51,-0.006244,-0.007692,0.054900000000000004,0.060899999999999996,0.048,0.0332,0.0078,0.0537,0.004,0.03774817136886102,0.037483787289234766,0.07196969696969696,0.5245009074410164,0.5854924956730645,-0.005699999999999997,0.0059999999999999915,-0.0254,0.0,,0.016984596597491002,0.0016003107116250844,,,-0.0017065219,,,,,,-1.8093928677320719,,,0.09787613034243758,0.0,,,-0.6041113816815763,0.08250370998735687,0.05166948586702347,0.3960621654987335,0.3680394981194299,0.7779932673466312,0.7779932673466312,-2.6820131061529824,0.02106785854357268,,,,-2.685335776515435,,0.3070032298564911,,
196610,80.2,2.88333,5.52333,0.048333,0.047244,0.0541,0.061,0.0467,0.0228,0.0261,0.0535,0.0045000000000000005,0.03595174563591022,0.03766105015673981,0.06886945137157106,0.522027472557316,0.56166131810128,-0.0068000000000000005,0.006899999999999996,0.003300000000000001,0.006116207951070152,,0.015184170287673134,0.002546776640774611,,,-0.0013716259,,,,,,-1.8562979903656247,,,0.10167571159250244,0.0,,,-0.4166634413329731,0.04265326883898326,0.04562945291399956,0.375015527009964,0.3701203791387683,0.8110033663266845,0.8110033663266845,-2.7244279733324017,0.030307959187370642,,,,-2.685335776515435,,0.3094016909599304,,
196611,80.45,2.87667,5.53667,0.011223,0.003741,0.0535,0.0613,0.048,-0.0148,-0.002,0.053200000000000004,0.004,0.03575724052206339,0.035868703241895256,0.06882125543816034,0.5195668154323808,0.572644929824783,-0.005200000000000003,0.007800000000000001,0.0128,0.0,,0.017549742908941502,0.0007744163149016078,,,-0.0011406594,,,,,,-1.8307597852767215,,,0.09167004043856508,0.0,,,-0.22802242416923751,0.013106038001251366,0.021735303103923798,0.3837493658065796,0.39883000646017747,0.7954479224237553,0.7954479224237553,-2.7265554503081093,0.03554949316617363,,,,-2.685335776515435,,0.2457665503025055,,
196612,80.33,2.87,5.55,0.000326,-0.001089,0.053899999999999997,0.061799999999999994,0.0455,0.0413,0.0201,0.0496,0.004,0.03572762355284452,0.03567433188315724,0.0690900037345948,0.5171171171171172,0.5769451055759905,-0.0040999999999999995,0.007899999999999997,-0.021200000000000004,0.0,,0.017207641129152573,0.0006269420700952824,,,-4.9878855e-05,,,,,,-1.811668781250097,,,0.09088159579999644,0.0,,,-0.20355174159009493,0.013740493355563037,0.038209445774555206,0.39070093631744385,0.4160184321519291,0.7895191679646285,0.7895191679646285,-2.7196104148944924,0.03612416927815138,,,,-2.685335776515435,,0.21436884999275208,,
196701,86.61,2.88,5.51667,0.079215,0.077723,0.052000000000000005,0.059699999999999996,0.0448,0.0154,0.045,0.0472,0.0043,0.03325251125736058,0.03585211004606,0.0636955316937998,0.5220540652241297,0.5333631411123793,-0.0023999999999999994,0.007699999999999992,0.029599999999999998,0.0,,0.015697532268506783,0.0007334878431993827,,,0.00024917822,,,,,,-1.984700975416943,,,0.09249634123306505,0.010101010101009944,,,-0.11556591969542936,0.009635422971149292,0.047048721462488174,0.36269810795783997,0.40899458129058325,0.8540320554690248,0.8540320554690248,-2.798423007730459,0.04000344537380839,,,,-1.0728755641454186,,0.14034020900726318,,
196702,86.78,2.89,5.48333,0.007514,0.00242,0.050300000000000004,0.0582,0.0465,-0.0221,-0.0201,0.045599999999999995,0.0036,0.03330260428670201,0.03336797136589308,0.06318656372436045,0.5270519921288707,0.5400478930626541,0.000900000000000005,0.007899999999999997,0.0020000000000000018,0.0,,0.01770096483976888,0.0004124037219870662,,,0.00055525637,,,,,,-1.918338733437544,,,0.07800222800809875,0.0,,,-0.1277333169243974,0.008756694378431499,0.026505809277296066,0.35638558864593506,0.40762376724680766,0.8791700271280886,0.8434607848063106,-2.8069237311347184,0.0365346229550107,,,,0.5525423418228061,,0.12087346613407135,,
196703,90.2,2.9,5.45,0.041137,0.039544,0.0513,0.058499999999999996,0.0455,0.0198,0.0117,0.0426,0.0039000000000000003,0.03215077605321508,0.03341783821156948,0.06042128603104213,0.5321100917431192,0.5495507979399062,0.0029,0.007199999999999998,-0.008100000000000001,0.003039513677811634,,0.014921266750043238,0.0005011362075850718,,,0.00071807065,,,,,,-1.9030849669532197,,,0.06926558466094113,0.0,,,-0.003949168001688568,-0.015250707343547207,0.08673787862062454,0.36105507612228394,0.41254719140502527,0.9070417814460633,0.8702004722906095,-2.8508134056901095,0.036575010152222115,,,,1.0522597454235025,,0.10169272869825363,,
196704,94.01,2.9,5.41,0.043371,0.042544,0.051100000000000007,0.0583,0.0477,-0.0291,-0.0071,0.0384,0.0032,0.030847782150835015,0.03215077605321508,0.05754706946069567,0.5360443622920518,0.5305166936068224,0.009300000000000003,0.007199999999999991,0.022,0.003030303030303161,,0.015045822807813884,0.0008370969069925273,,,0.00058346768,,,,,,-1.8845673311622761,,,0.07557262050028202,0.0,,,0.06474301331240007,0.004239885678071558,0.054153233766555786,0.3525957763195038,0.4304438728907719,0.9607681432610745,0.9014218961965532,-2.9000298255101544,0.026058763699590287,,,,1.0522597454235025,,0.1270628571510315,,
196705,89.08,2.9,5.37,-0.04681,-0.052314,0.0524,0.0596,0.0482,-0.0039,-0.0254,0.036000000000000004,0.0033,0.032555006735518636,0.030847782150835015,0.06028289178266727,0.5400372439478585,0.5582011823214789,0.012199999999999996,0.007199999999999998,-0.0215,0.0030211480362538623,,0.011464041127895393,0.0008903396231535441,,,0.0013629683,,,,,,-1.9506275062164349,,,0.06373282341335473,0.0,,,-0.02292345057176547,0.04263998411946215,0.007115534972399473,0.3585115075111389,0.4169806403547324,0.9372602046986137,0.8567150680801889,-2.8560675052282316,0.025042255764799203,,,,1.0522597454235025,,0.15958265960216522,,
196706,90.64,2.9,5.33,0.019319,0.018015,0.054400000000000004,0.061500000000000006,0.0507,-0.0312,-0.0223,0.0354,0.0027,0.031994704324801414,0.032555006735518636,0.05880406001765225,0.5440900562851783,0.5532048450468463,0.015300000000000001,0.007100000000000002,0.008899999999999998,0.0030120481927708997,,0.010152764923360957,0.0010707327571480442,,,0.0017294553,,,,,,-1.9679855550648746,,,0.06053642567698603,0.0,,,0.1586750447441714,0.0511220263865662,0.0506633035838604,0.35835570096969604,0.3501915377436457,0.9457251849653155,0.8644525950861679,-2.8825250007636196,0.03312975163993345,,,,1.0522597454235025,,0.19437262415885925,,
196707,94.75,2.90667,5.32,0.046454,0.045623,0.0558,0.0626,0.0505,0.0068,0.0041,0.0421,0.0032,0.030677255936675463,0.032068292144748455,0.05614775725593668,0.5463665413533835,0.5262983278775546,0.008400000000000005,0.0068000000000000005,-0.0026999999999999993,0.0030030030030030463,,0.006686938314883244,0.00021844692810296147,,,0.0016540993,,,,,,-1.9991685209811552,,,0.05518815706616165,0.023333333333333206,,,0.19751590941491373,0.03033309816716465,0.06195272505283356,0.34246113896369934,0.3414939512238416,0.9940745138133087,0.9086469376475909,-2.9300813544825717,0.03588947762704144,,,,1.0522597454235025,,0.14944684505462646,,
196708,93.64,2.91333,5.31,-0.006824,-0.012197,0.0562,0.0633,0.0514,-0.0084,-0.0007,0.042699999999999995,0.0031,0.031112024775736866,0.030747546174142482,0.05670653566851772,0.5486497175141244,0.5280209477526656,0.008700000000000006,0.007099999999999995,0.007699999999999999,0.0029940119760478723,,0.005841227503896185,0.00029661791501019733,,,0.0020824119,,,,,,-1.9273322715501071,,,0.07110200784519671,0.0,,,0.2295289716945977,0.011780519006307463,0.060876354575157166,0.3679283559322357,0.33861888934920376,0.9725591332872927,0.9056825604180274,-2.9213190889577785,0.035913828869535785,,,,1.0522597454235025,,0.1140614002943039,,
196709,96.71,2.92,5.3,0.033815,0.032597,0.0565,0.064,0.0517,-0.0004,0.0094,0.044199999999999996,0.0032,0.030193361596525695,0.031183255019222554,0.05480301933615966,0.5509433962264151,0.5135648457902575,0.007500000000000007,0.0075,0.0098,0.0029850746268658135,,0.005600712667264423,0.0003585438170942761,,,0.0022640229,,,,,,-1.9300647636783141,,,0.06641650101862506,0.0,,,0.10751935892995156,0.006669306791994923,0.09633034467697144,0.34720826148986816,0.32977599087709886,0.9825889638206726,0.9311762045922725,-2.955653222322634,0.031992111422372356,,,,1.0522597454235025,,0.06160563603043556,,
196710,93.9,2.92,5.31,-0.027448,-0.028701,0.0582,0.0652,0.0549,-0.04,-0.0281,0.045599999999999995,0.0039000000000000003,0.031096911608093716,0.030193361596525695,0.05654952076677316,0.5499058380414313,0.5409552822424807,0.009300000000000003,0.006999999999999992,0.0119,0.0029761904761904656,,0.0037161806816109074,0.0004449024953697818,,,0.0022940724,,,,,,-2.001080444029871,,,0.07146955006925104,0.0,,,-0.22462488685540696,0.046512704277063936,-0.00115272868424654,0.3525874614715576,0.32745329144402274,0.9328370869915595,0.8840275335376576,-2.925989726457364,0.03177579056490326,,,,1.0522597454235025,,0.0879916176199913,,
196711,94.0,2.92,5.32,0.006435,0.000533,0.060700000000000004,0.0672,0.0567,-0.0196,-0.0272,0.0473,0.0036,0.031063829787234043,0.031096911608093716,0.056595744680851066,0.5488721804511277,0.543382697160343,0.009399999999999999,0.006499999999999992,-0.007599999999999999,0.0029673590504448732,,0.002774020214555978,0.000954782524756538,,,0.0028493145,,,,,,-2.07730022711453,,,0.08261927175823525,0.0,,,-0.06369011195086911,0.013762297153807532,0.05125264450907707,0.312152624130249,0.3554425174794293,0.9286698901471773,0.8800783801436969,-2.927729110854747,0.03303312603581094,,,,1.0522597454235025,,0.1280241310596466,,
196712,96.47,2.92,5.33,0.027079,0.025857,0.061900000000000004,0.0693,0.0556,0.0192,0.0127,0.049699999999999994,0.0033,0.03026847724681248,0.031063829787234043,0.05525033689229813,0.5478424015009381,0.525792445117168,0.0059000000000000025,0.007399999999999997,-0.006499999999999999,0.002958579881656931,,0.014362056484052687,0.0002708991606293759,,,0.0029522247,,,,,,-2.0068464884449435,,,0.09028128086837617,0.0,,,-0.08204873272627258,0.04848014813790807,0.0548347570002079,0.30910247564315796,0.34680567914815214,0.9597383042795945,0.9095211777119028,-2.951315547892809,0.03448478709268438,,,,1.0522597454235025,,0.12116320431232452,,
196801,92.24,2.93,5.36667,-0.041875,-0.043523,0.0617,0.0684,0.0536,0.0328,0.0361,0.05,0.004,0.031764960971379014,0.03037213641546595,0.05818159150043366,0.5459623938121778,0.5563023834851017,0.003599999999999999,0.0067000000000000046,0.0032999999999999974,0.005899705014749346,,0.01285522379450471,0.0004833189350448043,,,0.0025043814,,,,,,-2.123547229337887,,,0.08616022644873844,0.0,,,-0.12250905497910679,-0.006035462840622401,0.024852212518453598,0.31601595878601074,0.3422025377747039,0.9071022606777792,0.8596392503642667,-2.8980113582155838,0.037658515963903995,,,,0.23823076967430498,,0.10923802852630615,,
196802,89.36,2.94,5.40333,-0.0269,-0.031973,0.061,0.068,0.0542,-0.0033,0.0037,0.049800000000000004,0.0039000000000000003,0.032900626678603405,0.031873373807458805,0.06046698746642794,0.544108910616231,0.5662105889351576,0.004399999999999994,0.007000000000000006,0.007,0.0029325513196480912,,0.01045181420356053,0.0008204453063018298,,,0.0025561893,,,,,,-2.005739012336774,,,0.08669539591099129,0.0,,,-0.07585568226077002,0.014546779674015853,-0.013897880911827087,0.3347657322883606,0.35968062191314154,0.8912287398736056,0.844596292016279,-2.8597670502318384,0.03807224769751534,,,,-1.3832312565404021,,0.1046568974852562,,
196803,90.2,2.95,5.44,0.009696,0.008585,0.0611,0.06849999999999999,0.056,-0.0212,-0.0197,0.051699999999999996,0.0038,0.03270509977827051,0.03301253357206804,0.06031042128603104,0.5422794117647058,0.5668098064638919,0.004300000000000005,0.00739999999999999,0.0015000000000000013,0.0029239766081869956,,0.01267824380749793,0.0013954810358281918,,,0.0034032192,,,,,,-1.9801653872890101,,,0.0867759686424523,0.0,,,-0.10061726612792313,0.04925976617727462,0.03752048686146736,0.32478711009025574,0.3357993351206174,0.8914090002968994,0.8447671205345928,-2.8640634310199395,0.031455276892883625,,,,-1.6776238702506465,,0.18046118319034576,,
196804,97.59,2.96333,5.48333,0.084092,0.082642,0.0621,0.0697,0.0547,0.0227,0.0048,0.0538,0.0043,0.03036509888308228,0.03285288248337029,0.0561874167435188,0.5404252525381474,0.5223520641950407,0.000899999999999998,0.007599999999999996,-0.017900000000000003,0.00291545189504383,,0.008141156699304824,0.0016075746379292835,,,0.0036993101,,,,,,-2.1420340528182935,,,0.08518872215845397,0.0,,,0.038091351016007184,0.011409470656373615,0.10204619914293289,0.30592989921569824,0.3594721972330404,0.9672774313950036,0.916665829271969,-2.9339293499538592,0.034762718923622725,,,,0.5074490534797585,,0.2535131871700287,,
196805,98.68,2.97667,5.52667,0.016374,0.011104,0.06269999999999999,0.0703,0.0547,0.0043,0.0032,0.056600000000000004,0.0045000000000000005,0.03016487636805837,0.030501793216518084,0.05600597892176733,0.538601002050059,0.5300333704115684,-0.0019000000000000059,0.0076000000000000095,-0.0010999999999999998,0.0029069767441860517,,0.010647451384805495,0.00038653102139201936,,,0.0029648972,,,,,,-2.055527369847175,,,0.09331482574535244,0.0,,,0.11002369155082482,-0.023472763351348788,0.08613059669733047,0.31253305077552795,0.3226943426122506,0.9532595325953259,0.9033813997889766,-2.939338567853186,0.04037864397067758,,,,1.0522597454235025,,0.21972110867500305,,
196806,99.58,2.99,5.57,0.009916,0.008695,0.06280000000000001,0.0707,0.0534,0.023,0.0122,0.0552,0.0043,0.030026109660574417,0.03029995946493717,0.055934926692106854,0.5368043087971275,0.5307418133214524,-0.001799999999999996,0.00789999999999999,-0.010799999999999999,0.005797101449275477,,0.012091116984326343,0.0004995047042005234,,,0.0026268741,,,,,,-2.2393649150931103,,,0.09395620479857181,0.0,,,0.16639257536314953,-0.003540731190849972,0.061122845858335495,0.2973824441432953,0.3823456315165474,0.9519871060779572,0.9021755514244083,-2.939190191022841,0.04232502545278263,,,,1.0522597454235025,,0.14824001491069794,,
196807,97.74,3.00333,5.6,-0.017444,-0.018664,0.062400000000000004,0.0698,0.0517,0.0289,0.0341,0.053099999999999994,0.0048,0.030727747084100678,0.030159971881904,0.05729486392469818,0.5363089285714286,0.5396375990939978,-0.0013999999999999915,0.007399999999999997,0.0052,0.0057636887608067955,,0.013886487706896208,0.0007566192973929713,,,0.0026163853,,,,,,-2.202597694765123,,,0.08939956488132683,0.0,,,0.011608924270869925,-0.03519647168297534,0.008265987038612366,0.3120814859867096,0.3817632445155458,0.9362938456970776,0.8873034215947345,-2.913085061028935,0.03628644651790827,,,,1.0522597454235025,,0.10468541830778122,,
196808,98.86,3.01667,5.63,0.016415,0.011259,0.0602,0.0682,0.052,-0.0003,0.0206,0.0509,0.0042,0.030514566053004247,0.03086423163494987,0.056949221120776855,0.5358206039076376,0.5318021004229864,0.0010999999999999968,0.008,0.020900000000000002,0.002865329512893977,,0.01803608266011991,0.0003164033573881045,,,0.0028815826,,,,,,-2.0492304514152924,,,0.08916780042900285,0.0,,,-0.19348920618737797,0.04167033879873639,0.01520709227770567,0.3169337809085846,0.39562172469837387,0.9500890698562158,0.9003768276139276,-2.918377451166184,0.02785029375290271,,,,1.0522597454235025,,0.1086578369140625,,
196809,102.67,3.03,5.66,0.039351,0.03821,0.059699999999999996,0.0679,0.0531,-0.0102,-0.0053,0.0519,0.0043,0.02951202883023278,0.03064940319643941,0.05512808025713451,0.5353356890459363,0.5091954391476721,0.0011999999999999997,0.008200000000000006,0.004900000000000001,0.0028571428571428914,,0.0182871394662552,0.0002682316574578456,,,0.0024118186,,,,,,-2.0830806613586508,,,0.08993417011683702,0.0,,,-0.15419701609133735,0.03643357844993648,0.07036752253770828,0.3067353665828705,0.4048478023663161,0.9922700089069856,0.9403507008993619,-2.9512576172100147,0.027586093839023218,,,,1.0522597454235025,,0.10552991181612015,,
196810,103.41,3.04333,5.69333,0.008587,0.006751,0.060899999999999996,0.0684,0.0543,-0.0132,-0.016,0.0535,0.0044,0.029429745672565517,0.029641862277198793,0.055055894014118555,0.5345430530111552,0.5003202469576539,0.0008000000000000021,0.007500000000000007,-0.0028000000000000004,0.005698005698005604,,0.019410196741644705,0.0002684030204878884,,,0.002547129,,,,,,-2.1508761985482288,,,0.08890931287918269,0.0,,,-0.15354490527895742,0.047739400187390715,0.031073784455657005,0.300213485956192,0.3840205714665406,0.9843926035411219,0.9570316032758881,-2.9537051283922136,0.023522007817117916,,,,1.0522597454235025,,0.06992032378911972,,
196811,108.37,3.05667,5.72667,0.05358,0.048659,0.061900000000000004,0.0701,0.0566,-0.0269,-0.0226,0.0545,0.0042,0.028205868782873487,0.02955874673629243,0.052843683676294176,0.5337604576481619,0.48371705851301416,0.0020999999999999977,0.008199999999999992,0.004300000000000002,0.0028328611898016387,,0.021188804750958797,0.0002629657863405989,,,0.0024623206,,,,,,-2.159389026622035,,,0.09875494151264386,0.0,,,-0.24259758264822281,0.008825017319072948,0.08526851236820221,0.29876598715782166,0.4060562214616385,1.0,0.989880922473999,-2.995851794862997,0.025819991290603694,,,,1.0522597454235025,,0.05166007578372955,,
196812,103.86,3.07,5.76,-0.040826,-0.042142,0.0645,0.0723,0.0598,-0.0363,-0.0233,0.0596,0.0043,0.02955902176006162,0.02832887330442004,0.05545927209705372,0.532986111111111,0.5049006622516556,0.0001999999999999988,0.007800000000000001,0.012999999999999998,0.0028248587570622874,,0.03196144692237285,0.00033397510071427305,,,0.0023475611,,,,,,-2.2155999972583973,,,0.09890605184302714,0.0,,,-0.17549436867214627,0.023481693337443273,0.03486147150397301,0.3047078251838684,0.41040504468442657,0.9579176013235756,0.9483494950509973,-2.9506582506579884,0.026846347045435426,,,,1.0522597454235025,,0.07552056759595871,,
196901,103.01,3.08,5.78,-0.007547,-0.008612,0.0659,0.0732,0.0617,-0.0206,0.0139,0.061399999999999996,0.0053,0.02990000970779536,0.029655305218563452,0.05611105717891467,0.532871972318339,0.5036731673801597,0.00030000000000000165,0.007300000000000001,0.0345,0.0028169014084507005,,0.036524492659354396,0.0006067702772336472,,,0.0021968795,,,,,,-2.0818294259626855,,,0.10193873761785444,-0.0032573289902279035,,,-0.3430277376860898,0.014613254685722846,0.0520990788936615,0.31440895795822144,0.4041458767198932,0.9602521289877284,0.9506607044164196,-2.9390685836440493,0.027008929134132158,,,,1.0522597454235025,,0.1026061475276947,,
196902,98.13,3.09,5.8,-0.042321,-0.047384,0.0666,0.073,0.0618,0.0042,-0.016,0.061200000000000004,0.0046,0.03148884133292571,0.029997087661392096,0.05910526852134923,0.5327586206896552,0.5263971896024127,0.0005999999999999964,0.006399999999999989,-0.0202,0.00561797752808979,,0.041317330574563146,0.0005955962528750203,,,0.0023357287,,,,,,-2.0932550557474476,,,0.1053236898460499,0.0,,,-0.47930504422593934,0.03441380303154244,-0.02447734773159027,0.3183111250400543,0.4093650010129676,0.9187990377685976,0.9096216650756168,-2.888494969093691,0.02585247417409246,,,,-1.0972603506544982,,0.12047478556632996,,
196903,101.51,3.1,5.82,0.034847,0.033598,0.06849999999999999,0.0751,0.062,0.001,-0.02,0.0602,0.0046,0.030538863166190523,0.03159074696830735,0.057334252782977047,0.5326460481099656,0.5570402360285629,0.001800000000000003,0.006600000000000009,-0.021,0.008379888268156499,,0.03950800403548672,0.0005416310257819913,,,0.0022973853,,,,,,-1.9638987559429926,,,0.11014485034315324,0.03921568627450989,,,-0.32674558988814856,0.018262259312538442,0.05892924964427948,0.31783610582351685,0.4132133483712244,0.9495234518529044,0.9400391900718486,-2.9199521534128046,0.02565855436170595,,,,-1.3782789181196795,,0.15835092961788177,,
196904,103.69,3.11,5.82667,0.022771,0.021449,0.0689,0.0754,0.0593,0.0427,0.0335,0.0611,0.0053,0.02999324910791783,0.030637375628016942,0.056193171954865465,0.5337525550614673,0.5484224041760509,-0.001800000000000003,0.006499999999999992,-0.0092,0.005540166204986097,,0.04429095184560803,0.0005504122158703899,,,0.0018842739,,,,,,-1.9535015877390085,,,0.10347394815414157,0.00943396226415083,,,-0.3211270615311063,0.07598674418087728,0.09663381427526474,0.3125405013561249,0.4289654329828986,0.9644441286629246,0.9548108325378083,-2.9388314219660807,0.02665171692986151,,,,-0.038108394027518526,,0.1642034947872162,,
196905,103.46,3.12,5.83333,0.003854,-0.001862,0.0679,0.07519999999999999,0.0635,-0.049,-0.0227,0.0604,0.0048,0.030156582254011216,0.030089690423377377,0.056382466653779245,0.5348574484899705,0.555804428516575,0.0030999999999999986,0.007299999999999987,0.0263,0.0027548209366392573,,0.04400560321855473,0.00042689743733280905,,,0.001576849,,,,,,-1.9560483702224454,,,0.09670245002702504,0.0,,,-0.4504227850243948,0.03033759306533974,0.0356261245906353,0.3230981230735779,0.425068166169384,0.9516346768709208,0.9421293272370999,-2.9368802721596428,0.02680798849584954,,,,-0.26612978358149775,,0.1429336965084076,,
196906,97.71,3.13,5.84,-0.054357,-0.055686,0.0698,0.077,0.0623,0.0214,0.0035,0.0644,0.0051,0.032033568723774435,0.030253237966363814,0.05976870330570055,0.535958904109589,0.596777333684536,-0.0020999999999999977,0.007199999999999998,-0.0179,0.005494505494505475,,0.04515271691608509,0.0007522369142320766,,,0.0011927635,,,,,,-1.9901273266380677,,,0.10344776088923702,0.0,,,-0.47287626569465685,0.0023753389139834135,0.04403652250766754,0.31474852561950684,0.41579472895750735,0.8862983526354787,0.8774456112143899,-2.8809049713608896,0.027569108393515857,,,,-2.685335776515435,,0.15930494666099548,,
196907,91.83,3.13667,5.85667,-0.058632,-0.059919,0.0708,0.0784,0.0621,0.0079,0.0005,0.07,0.0053,0.03415735598388327,0.03210183195169379,0.06377730589132093,0.5355722620533512,0.6390179896256147,-0.007900000000000004,0.007599999999999996,-0.0074,0.005464480874316724,,0.05116083709730978,0.0023056499844712293,,,0.0015607611,,,,,,-2.0499907079063373,,,0.10573866000486642,0.0,,,-0.41337832894749865,0.005112292618623694,0.0771002322435379,0.34043046832084656,0.40641542803270087,0.8277118583855219,0.8194443048786616,-2.8173962551219556,0.028070990489685775,,,,-2.685335776515435,,0.2418392449617386,,
196908,95.51,3.14333,5.87333,0.045728,0.04018,0.0697,0.0786,0.063,-0.0069,-0.002,0.0698,0.005,0.032911004083342056,0.034229881302406624,0.06149439849230447,0.5351870233751551,0.6227889855626733,-0.0068000000000000005,0.008900000000000005,0.0049,0.005434782608695787,,0.04691470634700099,0.0009182338133264014,,,0.0014767373,,,,,,-1.8927729623913652,,,0.10506248021199349,0.0,,,-0.39815550002754,0.005303449594961714,0.08099185675382614,0.305659681558609,0.4214235566203936,0.8492808639782381,0.8407978696678893,-2.8535664369590523,0.028735433559986916,,,,-2.685335776515435,,0.2656846046447754,,
196909,93.12,3.15,5.89,-0.023941,-0.025285,0.07139999999999999,0.0805,0.0677,-0.0531,-0.0244,0.0709,0.0062,0.033827319587628864,0.03298083970264894,0.06325171821305842,0.534804753820034,0.6408884625318231,-0.0032000000000000084,0.00910000000000001,0.0287,0.002702702702702675,,0.0483911789402899,0.0008915878476120781,,,0.0021746674,,,,,,-1.8993315832088453,,,0.10187112481484473,0.0,,,-0.446898366129394,0.03026320754387773,0.02374180220067501,0.316551148891449,0.4057592127466252,0.8252961297591377,0.8170527056222681,-2.8297858450079496,0.028083853938207306,,,,-2.685335776515435,,0.2625330686569214,,
196910,97.24,3.15333,5.85333,0.0469,0.04466,0.0733,0.08220000000000001,0.0653,0.0365,0.0127,0.07,0.006,0.03242832167832168,0.03386307989690721,0.06019467297408474,0.5387241108907238,0.6087687940279677,-0.00470000000000001,0.008900000000000005,-0.023799999999999998,0.005390835579514697,,0.048630240008295945,0.0007537233048115984,,,0.0018446799,,,,,,-1.9721538818340307,,,0.099201815356182,0.0,,,-0.31776414733394814,-0.004058942659061299,0.0795525386929512,0.3149407207965851,0.41544497824268894,0.8688401457557272,0.8601617846555796,-2.878764210850918,0.030216340639801213,,,,-2.685335776515435,,0.17782187461853027,,
196911,93.81,3.15667,5.81667,-0.029152,-0.034433,0.0735,0.0825,0.0676,-0.0243,-0.0471,0.0724,0.0052,0.03364961091568063,0.03246266968325792,0.06200479692996482,0.542693671808784,0.6415117567401207,-0.004800000000000013,0.009000000000000008,-0.022800000000000004,0.00536193029490617,,0.047903885528108425,0.0005091361969821394,,,0.0015408249,,,,,,-1.9320612948171434,,,0.08677114985469947,0.0,,,-0.2582664883750967,-0.006370843856035541,0.07505423575639725,0.32301566004753113,0.41722168159384465,0.8244942702571024,0.8162588554489273,-2.8495097315565174,0.028615723208541936,,,,-2.685335776515435,,0.16281354427337646,,
196912,92.06,3.16,5.78,-0.016922,-0.018365,0.07719999999999999,0.08650000000000001,0.0687,-0.0068,-0.0134,0.0782,0.0064,0.03432543993048012,0.03368510819742032,0.06278514012600478,0.5467128027681661,0.6510820130941076,-0.009500000000000008,0.009300000000000017,-0.006600000000000001,0.005333333333333412,,0.03427378325373619,0.0011635548351533978,,,0.00082225183,,,,,,-1.9710863208424665,,,0.08112805452725258,0.0,,,-0.0184458912101852,-0.013517850103653741,0.05527878180146217,0.3092488646507263,0.4309568859343276,0.8260927904216339,0.8042606642214741,-2.8417518935270905,0.030024617540040235,,,,-2.685335776515435,,0.17790792882442474,,
197001,85.02,3.16333,5.73,-0.075398,-0.076809,0.0791,0.0886,0.0693,-0.0021,0.0141,0.0787,0.006,0.037206892495883326,0.03436161199217901,0.06739590684544813,0.552064572425829,0.7003467462301428,-0.009400000000000006,0.009499999999999995,0.0162,0.0026525198938991412,,0.03447320792151207,0.001067097271218063,,,0.00090760752,,,,,,-1.898203593694254,,,0.05948696367457673,0.0,,,0.08342007205951968,-0.02388225701882408,-0.03274580091238022,0.336995929479599,0.40702468566538796,0.7679826598544666,0.7476862784504849,-2.772185696009442,0.03048269620622092,,,,-2.685335776515435,,0.16963845491409302,,
197002,89.5,3.16667,5.68,0.059521,0.053615,0.0793,0.08779999999999999,0.0651,0.0587,0.0401,0.0713,0.0062,0.0353817877094972,0.03724617737003058,0.06346368715083799,0.557512323943662,0.6701475070409856,-0.006199999999999997,0.008499999999999994,-0.018600000000000005,0.005291005291005346,,0.035855215274286,0.0010587117306881857,,,0.00037891846,,,,,,-1.8992961419650318,,,0.05588156937689748,0.0,,,0.016963817503233627,-0.02808528379100784,0.05856359750032425,0.3255465626716614,0.41510581090953436,0.8025907003148063,0.7813796915037935,-2.827186519927417,0.0329259261395613,,,,-2.685335776515435,,0.18856775760650635,,
197003,89.63,3.17,5.63,0.002806,0.001232,0.0784,0.0863,0.0661,-0.0068,-0.0045,0.0663,0.005699999999999999,0.03536762244784113,0.03541899441340782,0.06281379002566105,0.5630550621669627,0.6903267690975978,-0.00019999999999999185,0.007900000000000004,0.0023,0.0052631578947368585,,0.035841581177216954,0.0009635389970893111,,,-0.00043143621,,,,,,-1.8422324163185868,,,0.05163904189540425,0.0,,,0.04213939383541403,-0.03859926176185061,0.036700621247291565,0.3412307798862457,0.45158582785734636,0.8108272694431543,0.7893985831281717,-2.835893283399759,0.032125806460434767,,,,-2.439266354171311,,0.1896267682313919,,
197004,81.52,3.17333,5.59333,-0.088831,-0.090035,0.0783,0.087,0.0699,-0.0413,-0.025,0.06509999999999999,0.005,0.03892701177625123,0.03540477518687939,0.06861297841020608,0.5673418160559095,0.7367505807871533,0.004800000000000013,0.0087,0.016300000000000002,0.00785340314136107,,0.03571212482675271,0.0016146769913286704,,,0.00049399428,,,,,,-1.8535913832350763,,,0.04612518804548715,0.0,,,0.11306994185913984,-0.04904558129109083,0.0586463138461113,0.3723371922969818,0.45351127666930235,0.7597357692109202,0.7396573380897353,-2.750570454373287,0.03671322686458614,,,,-2.685335776515435,,0.22701627016067505,,
197005,76.55,3.17667,5.55667,-0.054689,-0.061112,0.08109999999999999,0.0898,0.0743,-0.0468,-0.0163,0.0684,0.0053,0.041497975179621165,0.038967983316977435,0.07258876551273678,0.5716859198044872,0.7742276283478955,0.0059000000000000025,0.008700000000000013,0.030500000000000003,0.0025974025974027093,,0.03866103028103885,0.008151854425065889,,,-0.00023762602,,,,,,-2.1186972173078313,,,0.04202308590883819,0.0,,,0.19951954771591174,-0.03949616963324905,0.1680847406387329,0.3621789216995239,0.4440400534851084,0.7506027840586389,0.7038536903984325,-2.699072474516807,0.037842138693798315,,,,-2.685335776515435,,0.4127970039844513,,
197006,72.72,3.18,5.52,-0.049032,-0.050902,0.0848,0.0925,0.0709,0.0486,0.0001,0.0668,0.0058,0.04372937293729373,0.04154147615937296,0.0759075907590759,0.5760869565217392,0.7933814170555791,0.004100000000000006,0.0076999999999999985,-0.048499999999999995,0.005181347150258864,,0.042290748025659436,0.0026519110173923743,,,-0.00025229462,,,,,,-1.876434693832961,,,0.035851678228863815,0.0,,,0.1507715446534993,-0.02327654812399534,0.025764591991901398,0.32452812790870667,0.4801993036209555,0.7713740802600099,0.6868612771943928,-2.6537170507561245,0.039469506051451525,,,,-2.685335776515435,,0.4012664556503296,,
197007,78.05,3.18333,5.46667,0.075523,0.073219,0.08439999999999999,0.094,0.0687,0.0319,0.0556,0.0645,0.0052,0.04078577834721333,0.04377516501650165,0.07004061499039077,0.5823161083438364,0.7387075682449735,0.004199999999999995,0.009600000000000011,0.0237,0.005154639175257714,,0.04307382176847931,0.002126476383453863,,,0.00032780954,,,,,,-1.7351032328508922,,,0.03537477352502938,0.0,,,0.1729784026920136,-0.03207577545469153,0.06039908155798912,0.33685988187789917,0.4734011722877625,0.8506112044493367,0.737697834497312,-2.7306284903560707,0.03562799716107928,,,,-2.685335776515435,,0.40395388007164,,
197008,81.52,3.18667,5.41333,0.049778,0.043782,0.08130000000000001,0.0944,0.0694,-0.0019,0.01,0.0641,0.0053,0.03909065260058881,0.04082857142857143,0.06640493130520118,0.5886709289845622,0.7092782965811294,0.005299999999999999,0.013099999999999987,0.0119,0.0,,0.03872925270756038,0.0018871043050804042,,,0.0015175963,,,,,,-1.7075290067232016,,,0.0306666220796199,0.0,,,0.2730373968261569,-0.036314448230101874,0.10495131462812424,0.3478289544582367,0.4661446782618888,0.8859046405190893,0.7683062854846003,-2.784583651027127,0.03284467775160649,,,,-2.439266354171311,,0.2834475040435791,,
197009,84.21,3.19,5.36,0.034702,0.033021,0.0809,0.09390000000000001,0.068,0.0228,0.0139,0.061200000000000004,0.0054,0.037881486759292246,0.039131501472031406,0.06365039781498635,0.5951492537313432,0.7129147604774675,0.0068000000000000005,0.013000000000000012,-0.008900000000000002,0.00512820512820511,,0.03794241934808444,0.001057964932286218,,,0.00087569701,,,,,,-1.8656743434689078,,,0.020831014875144938,0.0,,,0.32497138769089806,-0.02606918090267359,0.04874187335371971,0.32396647334098816,0.4622999183688584,0.88138578297897,0.7643872782997537,-2.8256465858412243,0.041840073666978436,,,,-0.8206497471710444,,0.24541692435741425,,
197010,83.25,3.17333,5.28333,-0.009032,-0.011639,0.0803,0.0933,0.0693,-0.0109,-0.0096,0.0591,0.0046,0.03811807807807808,0.03768352927205795,0.06346342342342343,0.6006306628584623,0.7176982835060414,0.0102,0.012999999999999998,0.0013000000000000008,0.005102040816326481,,0.036962491159209604,0.0010433956864619354,,,0.00062401896,,,,,,-1.7635347415413412,,,-0.0022919182191474263,0.0,,,0.31783364251700585,-0.053707515728792614,0.03246067464351654,0.3448677957057953,0.4969508687831425,0.8755112681768148,0.7592925689594534,-2.8280295626257406,0.04098926983591046,,,,-0.28189254142009545,,0.23360078036785126,,
197011,87.2,3.15667,5.20667,0.054387,0.048836,0.0805,0.09380000000000001,0.0637,0.0791,0.0584,0.0528,0.0046,0.036200344036697245,0.03791795795795796,0.05970951834862385,0.606274259747593,0.6829200720321373,0.010900000000000007,0.013300000000000006,-0.020700000000000003,0.005076142131979822,,0.03522492808871251,0.000885453566751327,,,0.00057113489,,,,,,-1.7609085279106824,,,-0.011278483186133226,0.0,,,0.2444909251440387,-0.017695509421373892,0.072894386947155,0.34655097126960754,0.5125655131175366,0.9787750674834528,0.7979601065166055,-2.884426037220512,0.04401494630958882,,,,0.5494927389409001,,0.20184575021266937,,
197012,92.15,3.14,5.13,0.058684,0.057358,0.0764,0.09119999999999999,0.0648,-0.0084,0.0372,0.0487,0.0042,0.03407487791644059,0.03600917431192661,0.0556701030927835,0.6120857699805069,0.6464263576979926,0.016099999999999996,0.014799999999999994,0.045599999999999995,0.005050505050504972,,0.03146170753507015,0.0005351999430460775,,,0.0015125012,,,,,,-1.8353716513556166,,,0.008518519803746738,0.06230529595015577,,,0.25469588835031126,0.01481197309485792,0.022124895825982094,0.3299275040626526,0.5086600455629752,0.9963420427553443,0.8430085916695975,-2.950253426473338,0.03219789967785998,,,,1.0522597454235025,,0.17862926423549652,,
197101,95.88,3.13,5.16,0.042828,0.0415,0.0736,0.0874,0.0612,0.0506,0.0532,0.0444,0.0038,0.03264497288277013,0.03396635919696147,0.05381727158948686,0.6065891472868217,0.6244099021301094,0.016799999999999995,0.013800000000000007,0.002599999999999998,0.0,,0.030593130251482494,0.0005410308778134086,,,0.0016976254,,,,,,-1.9297273780881605,,,0.013276282120505467,0.0,,,0.20930651863927727,0.0339503854212045,0.033423349261283875,0.3256325125694275,0.5117180768927038,1.0,0.8727327538562026,-2.9826913298127447,0.03675974023437484,,,,1.0522597454235025,,0.13270939886569977,,
197102,96.75,3.12,5.19,0.013317,0.008152,0.0708,0.0839,0.0629,-0.0163,-0.0366,0.037000000000000005,0.0033,0.03224806201550388,0.03254067584480601,0.05364341085271318,0.6011560693641618,0.6170704231762684,0.025899999999999992,0.0131,-0.020300000000000002,0.002512562814070307,,0.025801375144664285,0.0004514535841270968,,,0.0018948256,,,,,,-1.9654220291488718,,,0.008468677487035059,0.0,,,0.07943505890906524,0.03557607543890308,0.02170151099562645,0.33065909147262573,0.49071424418381276,0.9873828730647373,0.8831130985278601,-2.9847027406295012,0.03374203629707173,,,,1.0522597454235025,,0.11175041645765305,,
197103,100.31,3.11,5.22,0.039068,0.037624,0.0721,0.08460000000000001,0.0593,0.0526,0.0258,0.0338,0.003,0.03100388794736317,0.03214470284237726,0.05203868009171568,0.5957854406130269,0.6338113825093712,0.025500000000000002,0.012500000000000011,-0.0268,0.0025062656641603454,,0.026398845213223956,0.0004927194343487428,,,0.0021051754,,,,,,-1.8800264206564175,,,0.00448916090358864,0.0,,,0.06511777353960983,-0.00521842780056762,0.07531648129224777,0.3135625422000885,0.4997812590542637,0.9864096942726568,0.908777571220419,-3.011202695888947,0.03495322687374337,,,,1.0522597454235025,,0.11543580889701843,,
197104,103.95,3.10667,5.25333,0.036965,0.035789,0.0725,0.08449999999999999,0.0619,-0.0283,-0.0236,0.038599999999999995,0.0028000000000000004,0.029886195286195284,0.030970690858339145,0.05053708513708514,0.5913715681291676,0.6086541014069552,0.0233,0.011999999999999997,0.004699999999999999,0.0024999999999999467,,0.026556999938894904,0.0003075549167839726,,,0.0020432328,,,,,,-1.877220484947941,,,0.007197180986380669,0.0,,,-0.11436003952287141,-0.021170974330313293,0.009712652303278446,0.32425540685653687,0.49376463685933064,0.9904608653583222,0.9463397477767171,-3.041711700177908,0.02937410034507719,,,,1.0522597454235025,,0.0998082384467125,,
197105,99.63,3.10333,5.28667,-0.03715,-0.042138,0.0753,0.0862,0.0624,-0.0006,-0.0161,0.0414,0.0029,0.03114854963364449,0.029854064454064456,0.05306303322292483,0.5870103486693893,0.6314096562055938,0.020999999999999998,0.010899999999999993,-0.0155,0.004987531172069737,,0.029722592982396885,0.0005392762551897826,,,0.0018246132,,,,,,-1.8089160615377322,,,0.009368338657325559,0.0,,,-0.09816777874801932,-0.04789532147514344,0.048292290419340134,0.336348295211792,0.4999205567788244,0.9547653604257377,0.912234336532181,-2.99821616754153,0.028705671262873364,,,,1.0522597454235025,,0.12241050601005554,,
197106,99.7,3.1,5.32,0.002439,0.001061,0.0764,0.0875,0.0641,-0.0159,0.0107,0.0475,0.0037,0.031093279839518557,0.031115125966074478,0.05336008024072217,0.5827067669172932,0.6432210427093387,0.016600000000000004,0.011099999999999999,0.0266,0.007444168734491496,,0.027278516711123232,0.0009245396225532603,,,0.0013777546,,,,,,-1.826061552554958,,,0.010668817629832628,0.0,,,-0.17369453963784615,-0.041769568106613704,0.05057404562830925,0.34767425060272217,0.395910390585172,0.9372331250920257,0.8954830930010551,-2.993854948571879,0.02883626464355784,,,,1.0522597454235025,,0.15293467044830322,,
197107,95.58,3.09667,5.35667,-0.040827,-0.041901,0.0764,0.0876,0.0643,0.003,-0.0025,0.054000000000000006,0.004,0.0323987235823394,0.03105987963891675,0.05604383762293367,0.5780960932818336,0.667730624512191,0.01029999999999999,0.011200000000000002,-0.0055,0.0024630541871921707,,0.025796339014432776,0.000518434449077196,,,0.0015360273,,,,,,-1.7580957848027403,,,0.004883024144402892,0.0,,,-0.3040819599236022,-0.026909288418278953,-0.05131737142801285,0.33344870805740356,0.41247524640346545,0.9028312404030204,0.8626136763302015,-2.9467531747291407,0.02690717304068043,,,,0.7836451441493966,,0.1774010807275772,,
197108,99.03,3.09333,5.39333,0.042036,0.036549,0.0759,0.0876,0.061,0.0471,0.0554,0.049400000000000006,0.004699999999999999,0.031236292032717355,0.032363779033270555,0.054461577299808134,0.5735473260490273,0.638257596846571,0.011599999999999992,0.011700000000000002,0.008299999999999995,0.002457002457002311,,0.026781976887775307,0.002451222911213888,,,0.0014284515,,,,,,-1.8901129977038411,,,-0.003816097016940301,0.0,,,-0.32363741293932774,0.009635855202722992,0.10612771660089493,0.34201502799987793,0.39750644293764564,0.9445215708546307,0.9024468673064363,-2.973985520498683,0.031195366977431745,,,,0.4966246383068254,,0.2531670331954956,,
197109,98.34,3.09,5.43,-0.005038,-0.006387,0.07440000000000001,0.0859,0.0598,0.0204,-0.0102,0.046900000000000004,0.0037,0.03142159853569249,0.031202665858830657,0.05521659548505185,0.569060773480663,0.6460848296306315,0.012899999999999995,0.011499999999999996,-0.030600000000000002,0.0,,0.027934432743263227,0.0005242638857675261,,,0.0011670679,,,,,,-1.74094988355942,,,0.009432688012880774,0.0,,,-0.15219860746446398,0.026645295206065178,0.05072253942489624,0.3495538532733917,0.40610075426388237,0.9330788161797186,0.8915138421343517,-2.9560805194496065,0.028820121423346615,,,,0.22801003703272021,,0.24967633187770844,,
197110,94.23,3.08333,5.52,-0.040129,-0.042015,0.0739,0.0848,0.0588,0.0167,0.0282,0.0446,0.0037,0.03272132017404224,0.031353772625584704,0.058580070041388085,0.558574275362319,0.6831942789034565,0.014199999999999997,0.010900000000000007,0.0115,0.002450980392156854,,0.02924400245400808,0.0006619354772454507,,,0.0009808042,,,,,,-1.7780635862005685,,,0.014022949994374034,0.0,,,-0.23000926157805235,0.007098402537173134,0.019398346543312073,0.3540935218334198,0.3988722811132464,0.8823962474495698,0.8430889815605688,-2.8949690545499744,0.029022502973188084,,,,-1.1183022929095452,,0.2501278817653656,,
197111,93.99,3.07667,5.61,0.002898,-0.002029,0.0726,0.08380000000000001,0.0596,-0.0047,0.0029,0.042199999999999994,0.0037,0.032734014256835836,0.03265064204605752,0.05968720076603895,0.5484260249554367,0.6894892583058677,0.017400000000000006,0.011200000000000015,0.0076,0.0,,0.029452087953354137,0.0018662556356896453,,,0.00142819,,,,,,-1.8050606183994722,,,0.015390651983566261,0.0,,,-0.22940224741153206,0.01237800820191214,0.08846539258956909,0.3559495210647583,0.40177203785625126,0.8743400433310196,0.8353916495000754,-2.875112521025584,0.02560830648596344,,,,-2.185618372914738,,0.24095793068408966,,
197112,102.09,3.07,5.7,0.08788,0.086486,0.0725,0.08380000000000001,0.0597,0.0044,0.0223,0.0401,0.0037,0.030071505534332448,0.032663049260559636,0.05583308845136644,0.5385964912280702,0.6439002471354752,0.019600000000000006,0.011300000000000018,0.0179,0.004889975550122383,,0.0340233465708136,0.0011829844439591227,,,0.0022538795,,,,,,-1.8804371443407442,,,0.02400733229302343,0.0,,,-0.2649402245146342,0.009136539668478534,0.04757972061634064,0.3541472554206848,0.41422520951765246,0.9362445047432743,0.8945385117821435,-2.9429969149607333,0.02745790867920093,,,,-1.3741159348953855,,0.2436630129814148,,
197201,103.94,3.07,5.73667,0.019088,0.017814,0.0719,0.0823,0.0606,-0.0063,-0.0033,0.0338,0.0029,0.029536270925533962,0.030071505534332448,0.0551921300750433,0.5351536692889777,0.6353569726326525,0.026800000000000004,0.010399999999999993,0.003,0.0,,0.03307510476080433,0.0004942247409873367,,,0.0023504572,,,,,,-1.8942417689662678,,,0.04477730116331324,0.0,,,-0.14599259119138677,0.012731095022437789,0.05803621560335159,0.3498603403568268,0.3998793993158874,0.9488336383332281,0.9065668492187108,-2.954732005693818,0.03560989270119254,,,,0.25607897835023496,,0.23286353051662445,,
197202,106.57,3.07,5.77333,0.030221,0.025416,0.0727,0.0823,0.0602,0.0088,0.0107,0.032,0.0025,0.02880735666697945,0.029536270925533962,0.054174063995495916,0.5317555033230389,0.6175858985271461,0.028199999999999996,0.009599999999999997,0.001899999999999999,0.0048661800486617945,,0.033029852221641176,0.00028438442588817503,,,0.0022955076,,,,,,-1.8319784540590445,,,0.051965326871506345,0.0,,,-0.20080519006158976,0.024651827923588,0.06010200083255768,0.3429095447063446,0.40894801630795613,0.9761363875391766,0.9326533688388685,-2.974576349583519,0.03553421534768722,,,,1.0522597454235025,,0.13752368092536926,,
197203,107.2,3.07,5.81,0.007315,0.006132,0.0724,0.0824,0.0613,-0.0082,0.0024,0.0373,0.0027,0.028638059701492535,0.02880735666697945,0.054197761194029845,0.5283993115318416,0.6459019878813649,0.024,0.009999999999999995,0.0106,0.002421307506053294,,0.031723252314245366,0.0005451043649518624,,,0.0022397228,,,,,,-1.81491482851394,,,0.0560076855914069,0.0,,,-0.24673799554997056,0.014181189024298657,0.028319163247942924,0.3417595326900482,0.4079649428935766,0.9893565553942912,0.94528463045772,-2.974044745302169,0.03422008224986737,,,,1.0522597454235025,,0.12159590423107147,,
197204,107.67,3.07,5.86333,0.005476,0.004658,0.073,0.0824,0.0615,0.0027,0.0035,0.0371,0.0029,0.02851304913160583,0.028638059701492535,0.054456487415250304,0.5235932482053713,0.6367838016286407,0.024399999999999998,0.009400000000000006,0.0007999999999999999,0.0024154589371980784,,0.03249187837426015,0.00038339146865483306,,,0.0020286355,,,,,,-1.8153144838870334,,,0.06311821631097425,0.0,,,-0.32226622572009495,0.01055957014528944,0.07044072449207306,0.34596988558769226,0.4217988973489698,0.9847768649630516,0.9588202783499975,-2.9704130486789255,0.0244144405616638,,,,1.0522597454235025,,0.12075217813253403,,
197205,109.53,3.07,5.91667,0.022019,0.016763,0.073,0.0823,0.0597,0.027,0.0163,0.0369,0.003,0.028028850543230163,0.02851304913160583,0.05401871633342463,0.5188729471138326,0.6324423349154801,0.0228,0.009300000000000003,-0.010700000000000001,0.002409638554216942,,0.030657128440621892,0.0007690516701370875,,,0.0018280014,,,,,,-1.7965362948283634,,,0.06041480122197962,0.0,,,-0.47552510313078267,0.02536287231362765,-0.011054116301238537,0.3565807640552521,0.4368602036689021,0.9891583011583012,0.9654022006732654,-2.9779192654878566,0.025067461054575094,,,,1.0522597454235025,,0.16447734832763672,,
197206,107.14,3.07,5.97,-0.020156,-0.021378,0.0723,0.08199999999999999,0.0607,-0.0065,-0.0068,0.0391,0.0029,0.028654097442598468,0.028028850543230163,0.055721485906290835,0.5142378559463987,0.6540154785098437,0.021599999999999994,0.009699999999999986,-0.0002999999999999999,0.0024038461538462563,,0.03419945597789603,0.00036535220731591486,,,0.0015414101,,,,,,-1.6765729349280518,,,0.06022145544112023,0.0,,,-0.4353661426955634,0.03411964903339695,0.06812075525522232,0.35228586196899414,0.438340636904873,0.9565302445302445,0.9335577551122947,-2.946695568945711,0.025586410311677486,,,,1.0522597454235025,,0.15416161715984344,,
197207,107.39,3.07333,6.02667,0.003245,0.002126,0.0721,0.0823,0.0593,0.0216,0.003,0.0398,0.0031,0.028618400223484493,0.02868517827142057,0.056119471086693365,0.5099549170603335,0.6570495490624392,0.019499999999999997,0.0102,-0.018600000000000002,0.004796163069544335,,0.03332515500951738,0.000595486952559562,,,0.0013485364,,,,,,-1.7197478529260217,,,0.05626971184913421,0.0,,,-0.4591431986526943,0.024299276106762264,0.015778834000229836,0.3614808917045593,0.4308858094569518,0.9521132561132561,0.9292468472089636,-2.9395785543744197,0.0268200350563123,,,,1.0522597454235025,,0.16365806758403778,,
197208,111.09,3.07667,6.08333,0.039425,0.034649,0.0719,0.0819,0.0595,0.0029,0.0072,0.04019999999999999,0.0029,0.027695292105500046,0.028649501815811527,0.054760374471149516,0.505754249728356,0.630467039523518,0.019300000000000005,0.009999999999999995,0.0043,0.0023866348448686736,,0.03184884771471898,0.0005949986564746679,,,0.0010688822,,,,,,-1.7062527501100444,,,0.0672770676868022,0.029325513196480912,,,-0.5272786024654802,0.03142130980043929,0.045947376638650894,0.36702850461006165,0.41343207147038774,0.98995387823443,0.9684268703210571,-2.965036520523953,0.02991077344543839,,,,1.0522597454235025,,0.1384691596031189,,
197209,110.55,3.08,6.14,-0.003277,-0.004516,0.0722,0.0809,0.0606,-0.0083,0.0031,0.0466,0.0034000000000000002,0.027860696517412936,0.027725267800882167,0.055540479421076434,0.501628664495114,0.6373850011014718,0.013999999999999999,0.0087,0.0114,0.0023809523809523725,,0.032869834671684875,0.0004657121396216913,,,0.00088396725,,,,,,-1.6253349743470435,,,0.07239952749275025,0.0,,,-0.5269459135738633,0.06538925027082239,0.09255138039588928,0.375789999961853,0.41370655068070966,0.9792092531150168,0.9579158920765714,-2.9540873377009387,0.02726179967696412,,,,1.0522597454235025,,0.14725346863269806,,
197210,111.58,3.10333,6.23333,0.010878,0.009503,0.0721,0.0806,0.0591,0.0234,0.0101,0.047400000000000005,0.004,0.027812600824520525,0.028071732247851654,0.055864222979028495,0.497860694043152,0.6358841259209645,0.011699999999999995,0.008500000000000008,-0.013300000000000001,0.004750593824227822,,0.03235336489530487,0.0008582678165121559,,,0.00090853873,,,,,,-1.666535833870478,,,0.08219962821861992,0.0,,,-0.6352206138250373,0.03257022030266858,0.02579398639500141,0.3885731101036072,0.4143863541118015,0.9815204774475865,0.9601768577601366,-2.947618110083217,0.028152784979152534,,,,1.0522597454235025,,0.16588206589221954,,
197211,116.67,3.12667,6.32667,0.050297,0.045173,0.0712,0.0799,0.0577,0.0226,0.0249,0.0478,0.0037,0.02679926287820348,0.028021778096433053,0.05422705065569555,0.49420469219984603,0.5967334832696595,0.009899999999999999,0.0087,0.0023,0.0023640661938535423,,0.030952170186162902,0.0004884563620273701,,,0.00048377407,,,,,,-1.820456870675617,,,0.0911344962020384,0.0,,,-0.6298695034156984,0.0323901798320722,0.04285312443971634,0.37322142720222473,0.39078153938468096,0.9931721305878796,0.9931721305878796,-2.9754823403553643,0.02603174165179062,,,,1.0522597454235025,,0.163117453455925,,
197212,118.05,3.15,6.42,0.013663,0.012622,0.0708,0.0793,0.0599,-0.0229,-0.0004,0.0507,0.0037,0.026683608640406607,0.026999228593468757,0.05438373570520966,0.49065420560747663,0.5956745946157919,0.0092,0.008499999999999994,0.0225,0.002358490566037874,,0.03420347689239946,0.0005171709615302013,,,0.00031144652,,,,,,-1.7644523163547556,,,0.09939958064278498,0.0,,,-0.7052050552559267,0.05567553378268944,0.055151186883449554,0.3705078661441803,0.4083134204554011,0.9843187586246828,0.9843187586246828,-2.9733495262163796,0.027856227369780766,,,,1.0522597454235025,,0.17003405094146729,,
197301,116.03,3.15667,6.54667,-0.016752,-0.018044,0.07150000000000001,0.079,0.0685,-0.0321,-0.0054,0.0541,0.0044,0.027205636473325863,0.02674011012282931,0.056422218391795224,0.4821794897253108,0.6081960321114692,0.014400000000000003,0.007499999999999993,0.026699999999999995,0.0023529411764706687,,0.03564730504569897,0.000515604150400766,,,-0.00012030325,,,,,,-1.7822535970655973,,,0.10379283571615527,0.0,,,-0.773528337239299,0.06212253505112643,0.005286298226565123,0.3932628929615021,0.410303908508269,0.9499096700580013,0.9499096700580013,-2.937491396692924,0.029066586756136874,,,,1.0522597454235025,,0.14617744088172913,-0.2360958235660951,
197302,111.68,3.16333,6.67333,-0.033818,-0.038229,0.0722,0.0797,0.0688,0.0014,0.0023,0.055999999999999994,0.0042,0.028324946275071632,0.027263035421873656,0.0597540293696275,0.47402571130155413,0.6361837352235962,0.012800000000000006,0.007499999999999993,0.0009,0.007042253521126751,,0.03629977591894792,0.001264594350919862,,,-0.00020732975,,,,,,-1.7334495699570938,,,0.11518159991655086,0.0,,,-0.7730521626155386,0.07568134886199332,0.00562454154714942,0.3924557864665985,0.41021182435864395,0.908120186364933,0.908120186364933,-2.8818071431780834,0.030294480955648663,,,,0.7836451441493966,,0.2008858323097229,0.34906080613634854,
197303,111.52,3.17,6.8,-0.001093,-0.002089,0.0729,0.0803,0.0686,0.0082,0.0045,0.060899999999999996,0.0046,0.02842539454806313,0.028384670487106016,0.06097560975609756,0.4661764705882353,0.6760181280953933,0.0076999999999999985,0.00739999999999999,-0.003700000000000001,0.00932400932400923,,0.0367060609648957,0.0015575644099601977,,,-0.00069585901,,,,,,-1.6954574986305295,,,0.11286682154148009,0.014245014245014342,,,-0.7577352089908743,0.10035554451803613,0.020256925374269485,0.4047650694847107,0.40489528450793716,0.9042597698963583,0.9042597698963583,-2.862226023470535,0.03170982236634297,,,,-1.0903394374642605,,0.23930755257606506,0.5328530689478195,
197304,106.97,3.18667,6.94333,-0.040064,-0.041236,0.0726,0.0809,0.0687,0.0046,0.0061,0.0626,0.0052,0.029790315041600447,0.028574874461979913,0.06490913340188838,0.4589541329592573,0.6977198484963589,0.006099999999999994,0.008300000000000002,0.0015000000000000005,0.006928406466512715,,0.037833147349927196,0.0015175397549063974,,,0.00016536273,,,,,,-1.6965007390160034,,,0.10859521509433012,0.0589887640449438,,,-0.8975412954606855,0.08201864003965048,-0.01850864663720131,0.40969887375831604,0.38949149730023547,0.8761338784824569,0.8761338784824569,-2.799336705439496,0.03415653590810553,,,,-2.685335776515435,,0.2806960344314575,0.4451156350264572,
197305,104.95,3.20333,7.08667,-0.01395,-0.019002,0.0729,0.0806,0.0703,-0.0105,-0.0039,0.0636,0.0051,0.030522439256788943,0.02994605964289053,0.067524249642687,0.45202189462751896,0.7132159616600658,0.006699999999999998,0.0076999999999999985,0.006600000000000001,0.006880733944954143,,0.03960211200378264,0.0030775217073754717,,,-7.3360224e-05,,,,,,-1.7626717739651765,,,0.11259208936247411,0.0,,,-0.8329347279201124,0.07840094656050753,0.02233625389635563,0.41098615527153015,0.3945125475239355,0.8570980317581058,0.8570980317581058,-2.761524287431239,0.03531490028721015,,,,-2.685335776515435,,0.3445045053958893,0.5194832404003783,
197306,104.26,3.22,7.23,-0.005178,-0.006522,0.0737,0.08130000000000001,0.071,-0.0021,-0.0056,0.0719,0.0051,0.03088432764243238,0.030681276798475467,0.06934586610397084,0.44536652835408025,0.7209743077906494,-0.0009000000000000119,0.0076000000000000095,-0.0035,0.006833712984054774,,0.039013288032156215,0.0021646024811397733,,,0.00074397823,,,,,,-1.64630880677286,,,0.11114874305081601,0.0954907161803713,,,-0.8952670224329005,0.0717726796328545,0.017209751531481743,0.40894994139671326,0.37481587456009974,0.8478748692592945,0.8478748692592945,-2.735372375212195,0.03413717162882136,,,,-2.685335776515435,,0.3621911108493805,0.39939245172740945,
197307,108.22,3.23667,7.38333,0.039128,0.037679,0.0745,0.0824,0.076,-0.0433,-0.0476,0.0801,0.0064,0.02990824246904454,0.03104421638212162,0.06822518942894104,0.4383753672123554,0.6939766839378239,-0.004100000000000006,0.007900000000000004,-0.004300000000000005,0.002262443438913797,,0.037349962714568995,0.0018680136358772126,,,0.00023902997,,,,,,-1.7064486091966498,,,0.11191302495187028,-0.004842615012106477,,,-0.9289855725767662,0.05008417504605963,0.02413659356534481,0.38006705045700073,0.38896514805064464,0.8808595607112294,0.8808595607112294,-2.7538143001453004,0.04097126082201262,,,,-2.450069990964551,,0.35641130805015564,0.22945503714538606,
197308,104.25,3.25333,7.53667,-0.031544,-0.036505,0.0768,0.08529999999999999,0.0728,0.0391,0.0356,0.0867,0.006999999999999999,0.031207002398081534,0.030062188135279985,0.07229419664268585,0.43166677060293207,0.7243372353729846,-0.013899999999999996,0.008499999999999994,-0.003500000000000003,0.01805869074492117,,0.037388664439733495,0.0010958834359663912,,,0.00025207516,,,,,,-1.6108337504728278,,,0.10776294969762112,0.0,,,-0.9186820936084555,0.07284449360990115,0.04086313396692276,0.40700554847717285,0.3789738452671526,0.843938385471142,0.843938385471142,-2.6984014168617367,0.036408218479854454,,,,-2.685335776515435,,0.2915245294570923,0.058830609335443346,
197309,108.43,3.27,7.69,0.042219,0.041038,0.07629999999999999,0.0863,0.0703,0.0318,0.0356,0.08289999999999999,0.0068000000000000005,0.030157705432075993,0.03136690647482014,0.07092133173475976,0.42522756827048114,0.6788089958821666,-0.012599999999999986,0.010000000000000009,0.003799999999999998,0.0022172949002217113,,0.03436112967998355,0.0009345578452280561,,,-5.4582375e-05,,,,,,-1.7028880724173066,,,0.11294509878985703,0.0024330900243307862,,,-0.9770218685872031,0.06523415801171284,0.028035307303071022,0.3834449052810669,0.3819756489549156,0.900541979651992,0.900541979651992,-2.7146834363912298,0.03713669562067016,,,,-2.685335776515435,,0.21409985423088074,-0.012697405774580652,
197310,108.29,3.30667,7.84667,0.000312,-0.00156,0.076,0.08410000000000001,0.0689,0.0215,-0.0066,0.0722,0.006500000000000001,0.030535321821036104,0.030495895969750067,0.07245978391356542,0.42141061112548384,0.6720817913817976,-0.0032999999999999974,0.00810000000000001,-0.0281,0.008849557522123908,,0.034660239966341246,0.001344744905952718,,,-0.00088735819,,,,,,-1.7928409146181494,,,0.11859407595650939,0.3592233009708736,,,-0.8274450909506501,0.07631499059649945,-0.017053401097655296,0.376736581325531,0.3479394470035898,0.9095559570219645,0.9095559570219645,-2.690417678862884,0.02892645627881897,,,,-2.135391655825789,,0.17634597420692444,0.07860929788519862,
197311,95.96,3.34333,8.00333,-0.10722,-0.113046,0.0767,0.0842,0.0712,-0.0183,0.0078,0.0783,0.005600000000000001,0.03484087119633181,0.03087385723520177,0.08340277198832848,0.41774236474067666,0.7818789905746427,-0.007099999999999995,0.007499999999999993,0.026099999999999998,0.006578947368421018,,0.03873623801272552,0.004369748332827953,,,-0.0013245342,,,,,,-1.8975752597637825,,,0.12035589000177938,0.1357142857142859,,,-0.8033324942044082,0.08258907348862839,-0.003233451396226883,0.38364097476005554,0.3441621446825453,0.7818294190358467,0.7818294190358467,-2.5492058278374388,0.03802980392582582,,,,-2.685335776515435,,0.25498685240745544,-0.1051180175859434,
197312,97.55,3.38,8.16,0.017971,0.016534,0.0768,0.0848,0.0726,-0.0082,-0.0089,0.0745,0.0064,0.034648898001025115,0.035223009587328054,0.08364941055868785,0.4142156862745098,0.7555884634369932,-0.001899999999999999,0.008000000000000007,-0.0006999999999999992,0.0065359477124184995,,0.013007395124224599,0.005358337958347914,,,-0.0006401994,,,,,,-1.8402904173876886,,,0.11471176343675316,0.19025157232704393,,,-0.6840173195891514,0.06241959059691462,0.03161471337080002,0.3923313021659851,0.3240569233039035,0.8090329941998669,0.8090329941998669,-2.546346683010812,0.04477791610824128,,,,-2.685335776515435,,0.3367253243923187,-0.25000691779307943,
197401,96.57,3.4,8.22667,-0.00812,-0.009749,0.0783,0.0848,0.074,-0.0083,-0.0053,0.07769999999999999,0.0063,0.03520762141451797,0.03485392106611994,0.08518867143005075,0.4132899459927285,0.7514464379638829,-0.003699999999999995,0.006500000000000006,0.003,0.008658008658008587,,0.01162674909434991,0.0034094716682210257,,,-0.00093675299,,,,,,-1.7830114337842415,,,0.10533721779979777,0.3804491413474238,,,-0.5068953627080167,0.09691945237365371,0.032793037593364716,0.38920649886131287,0.31972529897795854,0.858330992415426,0.8134924408101168,-2.5304520045858694,0.05332502165177509,,,,-2.685335776515435,,0.35523638129234314,-0.04165104041247884,
197402,96.22,3.42,8.29333,0.001992,-0.003695,0.0785,0.08529999999999999,0.0748,-0.0024,0.0009,0.0712,0.0058,0.03554354604032425,0.035414725069897485,0.08619133236333403,0.4123795869692874,0.7470977188476869,0.003600000000000006,0.006799999999999987,0.0033,0.012875536480686733,,0.010918647698395442,0.0018780076517634537,,,-0.00095731388,,,,,,-1.591001414876468,,,0.09940520798100039,0.20574162679425845,,,-0.49721844665472703,0.09313215507270164,0.022668225690722466,0.4059727191925049,0.2977786775762717,0.8718112374121127,0.8182276314538366,-2.518470405803376,0.044686170148062074,,,,-2.685335776515435,,0.3394075036048889,-0.8902656712590326,
197403,93.98,3.44,8.36,-0.021818,-0.023154,0.0801,0.0862,0.0783,-0.0292,-0.0307,0.0796,0.005600000000000001,0.03660353266652479,0.035751403034712116,0.08895509682911257,0.4114832535885168,0.8151840128501915,-0.0013000000000000095,0.006099999999999994,-0.0015000000000000013,0.012711864406779627,,0.010399936064688012,0.0016936350265754638,,,-0.0011670985,,,,,,-1.5921118526649525,,,0.09668915781513077,-0.0023809523809523725,,,-0.47267447439910704,0.0743552231923701,-0.018352072685956955,0.40854212641716003,0.30318505676631885,0.8577796689157701,0.8050584767519253,-2.4892429084581162,0.03677250628962568,,,,-2.685335776515435,,0.2947525382041931,-0.544883532470813,
197404,90.31,3.46,8.48667,-0.037649,-0.03936,0.0825,0.08869999999999999,0.0816,-0.0253,-0.0341,0.0833,0.0075,0.038312479238179604,0.03681634390295807,0.09397264976193112,0.40769819022066367,0.8248580818643562,-0.0016999999999999932,0.006199999999999983,-0.008799999999999999,0.004184100418409997,,0.009657491286154564,0.0017291765401016427,,,-0.0010474939,,,,,,-1.52350141600331,,,0.09101746274812417,0.007159904534606243,,,-0.4867341270806917,0.07546100146032177,0.01620601676404476,0.4108354449272156,0.2916151092347746,0.8477194902032298,0.7956166207093277,-2.437165179537702,0.02554045937095341,,,,-2.685335776515435,,0.314504474401474,-0.5699402696596142,
197405,87.28,3.48,8.61333,-0.026896,-0.033127,0.0837,0.09050000000000001,0.081,0.0123,0.0105,0.0823,0.0075,0.03987167736021998,0.03853393865574133,0.09868618240146654,0.4040249241582524,0.8604161212710524,-0.0012999999999999956,0.006800000000000014,-0.0017999999999999995,0.012499999999999956,,0.009246923420192104,0.0020987463711757753,,,-0.001237991,,,,,,-1.5482833170139767,,,0.09616210196601394,0.0031595576619272148,,,-0.5470875601610445,0.10054222203441109,0.028749268501996994,0.4141714572906494,0.29996195458207686,0.8126861588961157,0.7627365218218123,-2.388874909132508,0.025811809918336676,,,,-2.685335776515435,,0.30936533212661743,-0.6394048059345511,
197406,86.0,3.5,8.74,-0.012816,-0.014583,0.08470000000000001,0.09269999999999999,0.0812,0.0045,-0.0285,0.079,0.006,0.040697674418604654,0.040100824931255726,0.10162790697674419,0.40045766590389015,0.8601587717002531,0.0021999999999999936,0.00799999999999998,-0.033,0.008230452674897082,,0.008028169497584144,0.0023003693732100744,,,-0.0016917665,,,,,,-1.5458565726419295,,,0.09165313630857774,0.017322834645669305,,,-0.5330745648779365,0.07926067037494428,0.023071516305208206,0.40785297751426697,0.2813703114526567,0.8129293052094098,0.7629647237805457,-2.359129791979504,0.02531462010964749,,,,-2.685335776515435,,0.33368855714797974,-0.7297369240348945,
197407,79.31,3.53,8.86333,-0.076698,-0.0785,0.0872,0.09480000000000001,0.0823,-0.0029,-0.0211,0.0755,0.006999999999999999,0.04450888916908334,0.04104651162790698,0.11175551632833185,0.39827017610762544,0.9112393224456387,0.0068000000000000005,0.0076000000000000095,-0.0182,0.008163265306122325,,0.006838885178667832,0.004917515669898722,,,-0.0019992526,,,,,,-1.5833478341734706,,,0.09106540269266761,-0.042569659442724506,,,-0.3951932753678311,0.0981056405124228,0.039701469242572784,0.41105198860168457,0.27536010511043274,0.7673596336595546,0.7201958733479128,-2.266641916152649,0.027715505160090137,,,,-2.685335776515435,,0.3617406189441681,-1.2658366883011627,
197408,72.15,3.56,8.98667,-0.082177,-0.089737,0.09,0.0977,0.0855,-0.0232,-0.0268,0.08960000000000001,0.006,0.049341649341649335,0.044887151683268185,0.12455537075537075,0.3961422862973715,1.0171239942232309,-0.004100000000000006,0.0076999999999999985,-0.0036000000000000025,0.012145748987854255,,0.0065552243524529515,0.004791026351248765,,,-0.00230981,,,,,,-1.5501033217599745,,,0.07765404312835011,0.0024252223120453387,,,-0.45424461646786407,0.12038611590682227,0.05753168836236,0.4239964783191681,0.2768198742244707,0.6874759386460804,0.6452220214890177,-2.160336259860394,0.027987725550201903,,,,-2.685335776515435,,0.381519079208374,-0.921275676610534,
197409,63.54,3.59,9.11,-0.117511,-0.119577,0.0924,0.1018,0.0837,0.0247,0.0174,0.0806,0.008100000000000001,0.056499842618822786,0.04975744975744975,0.14337425243940824,0.3940724478594951,1.135440143451725,0.0030999999999999917,0.009400000000000006,-0.007300000000000001,0.01200000000000001,,0.005137479189935306,0.007811712529124645,,,-0.0017001444,,,,,,-1.6392780798822406,,,0.07491965833115533,-0.025000000000000022,,,-0.30705017413446734,0.0554066827157865,0.03464112803339958,0.4126336872577667,0.2597680906953203,0.6158389560918283,0.5779880193971665,-2.0196282605058267,0.032109206033279956,,,,-2.685335776515435,,0.40830671787261963,-0.9351367093970142,
197410,73.9,3.59333,9.03667,0.168113,0.164814,0.09269999999999999,0.1048,0.0795,0.0489,0.0885,0.0746,0.0051,0.048624221921515554,0.05655225055083412,0.12228240866035182,0.3976387319665319,1.037083784108667,0.004900000000000002,0.012100000000000014,0.039599999999999996,0.009881422924901129,,0.0036384074517773713,0.01008494796465146,,,-0.0018954501,,,,,,-1.6112435277503878,,,0.06946421373208667,-0.0008271298593879317,,,-0.4214497665796384,-0.01696801341529837,0.061066482216119766,0.4005107581615448,0.30999506594290255,0.7115730048755453,0.6328040315679376,-2.1774567705201813,0.04179069914793919,,,,-2.685335776515435,,0.43869876861572266,-1.044654180961154,
197411,69.97,3.59667,8.96333,-0.045688,-0.053816,0.0889,0.106,0.0771,0.0295,0.0117,0.0747,0.0054,0.051403029869944265,0.048669418132611636,0.12810247248820922,0.40126493167159977,1.1156370219506677,0.0023999999999999994,0.01709999999999999,-0.017799999999999996,0.007827788649706457,,0.007814601227773867,0.003513799008832058,,,-0.0018215318,,,,,,-1.5010800293701276,,,0.03325731698883727,0.007450331125827825,,,-0.1924322083213014,-0.019356570617954396,-0.004843994043767452,0.4222164452075958,0.32212562615691603,0.6938294865756005,0.5882475991252257,-2.1289184489389963,0.04268843808486629,,,,-2.685335776515435,,0.42400282621383667,-0.9920420663995415,
197412,68.56,3.6,8.89,-0.018021,-0.020305,0.0889,0.1063,0.076,0.0171,-0.0075,0.07150000000000001,0.006999999999999999,0.052508751458576426,0.05145062169501215,0.12966744457409568,0.40494938132733405,1.1200181747371154,0.00449999999999999,0.0174,-0.0246,0.007766990291262044,,0.008771573957945762,0.0038144275315462116,,,-0.00083048791,,,,,,-1.4338977101490784,,,-0.0062198294125339615,0.010682004930156141,,,-0.13947782011794077,-0.05435828277362582,0.05613580718636513,0.44252192974090576,0.3723860795822092,0.6911154475921316,0.5859465627079966,-2.114451511454071,0.042562638615977776,,,,-2.685335776515435,,0.39429497718811035,-1.2504922765679718,
197501,76.98,3.62333,8.74333,0.12361,0.121698,0.0883,0.1081,0.0796,0.0225,0.0596,0.0626,0.0058,0.04706845934008833,0.05284903733955659,0.11357924136139257,0.41441075654241577,0.9808296266822037,0.017,0.019799999999999998,0.0371,0.003853564547206201,,0.008510448575221766,0.004017208219313703,,,-0.0012299241,,,,,,-1.6708652098587977,,,-0.022961827799861556,-0.004065040650406582,,,-0.10788277224126239,-0.05399329778105336,0.06186709925532341,0.39922332763671875,0.34823964869727153,0.7891909472220354,0.669097651421508,-2.2475751854674777,0.04742940060259199,,,,-2.4167211752413285,,0.32452139258384705,-1.2181843334423732,
197502,81.59,3.64667,8.59667,0.06746,0.059497,0.0862,0.1065,0.0788,0.0131,0.0137,0.055,0.0043,0.044695060669199656,0.04737165497531826,0.10536426032602034,0.42419564784969066,0.9339016304715514,0.023799999999999995,0.0203,0.0005999999999999998,0.007677543186180413,,0.011652331822258308,0.0021790298727881853,,,-0.00070812406,,,,,,-1.616224057406639,,,-0.04887755570558783,0.009795918367346834,,,-0.14756944421065,-0.05817811265368092,0.01130584441125393,0.39737412333488464,0.36734688306957486,0.8288473184846241,0.7027194066749072,-2.3216286683504856,0.049734648968627386,,,,-0.520349878794137,,0.3039097189903259,-1.3444134056485948,
197503,83.36,3.67,8.45,0.024014,0.022122,0.0867,0.1048,0.0824,-0.0267,-0.0247,0.054900000000000004,0.0040999999999999995,0.04402591170825336,0.04498100257384483,0.10136756238003838,0.43431952662721895,0.9724663151728178,0.027499999999999997,0.018100000000000005,0.0020000000000000018,0.003809523809523929,,0.020466950176391628,0.002402615324323902,,,-0.00070429158,,,,,,-1.6457915141672017,,,-0.0628223884087693,0.007275666936136016,,,-0.1441082802897994,-0.07851188453727775,0.002949679270386696,0.40587949752807617,0.38535888045971084,0.883012231009748,0.7303888941713416,-2.363460047553984,0.0507607895949302,,,,0.5494927389409001,,0.26981276273727417,-1.2708830031895628,
197504,87.3,3.68333,8.28667,0.049424,0.047293,0.0895,0.1058,0.0852,-0.0182,-0.0052,0.056100000000000004,0.0044,0.04219163802978236,0.044185820537428026,0.09492176403207332,0.4444885581301053,0.9094893710278326,0.029099999999999994,0.01630000000000001,0.013000000000000001,0.003795066413662118,,0.022496224456674763,0.002313777625416189,,,-0.00067348827,,,,,,-1.5306173876847318,,,-0.06319613798506207,-0.0048154093097914075,,,-0.18377630720096833,-0.06129892969969731,0.065180204808712,0.4049326479434967,0.3816726626868054,0.9486815204962058,0.7809641532756489,-2.433790669497531,0.036463601619433544,,,,0.8169939598726187,,0.27222177386283875,-1.2026420341059583,
197505,91.15,3.69667,8.12333,0.051193,0.044794,0.08900000000000001,0.1069,0.0836,0.0212,0.0106,0.052300000000000006,0.0044,0.04055589687328579,0.04234444444444445,0.0891204607789358,0.45506830326971826,0.8975236996719894,0.03129999999999999,0.017899999999999985,-0.0106,0.005671077504725952,,0.022953771745019984,0.00180717217386403,,,-0.00040982182,,,,,,-1.5845557101042018,,,-0.06918952460220718,0.005645161290322553,,,-0.3013399122097697,-0.057166758821485426,0.0336470790207386,0.3979504704475403,0.40394826004493645,0.9681505694045389,0.7913758676428638,-2.4952827749241626,0.03817891756499399,,,,1.0522597454235025,,0.2710445821285248,-1.1351756671395616,
197506,95.19,3.71,7.96,0.04622,0.044342,0.0877,0.10619999999999999,0.0813,0.0292,0.0304,0.053399999999999996,0.0040999999999999995,0.03897468221451833,0.04070213933077345,0.08362222922575901,0.46608040201005024,0.8498390197840704,0.0279,0.01849999999999999,0.0011999999999999997,0.007518796992481258,,0.022961696053409884,0.0013533554535377027,,,-0.00080542378,,,,,,-1.5977874630089266,,,-0.06561271605190955,0.000801924619085792,,,-0.3680985584683929,-0.06306007938939519,0.06152355670928955,0.40699589252471924,0.20231829399728432,1.0,0.8357801654464201,-2.557109798327912,0.03459152598905692,,,,1.0522597454235025,,0.24705925583839417,-1.1749022239611675,
197507,88.75,3.71,7.89333,-0.065504,-0.067553,0.08839999999999999,0.10550000000000001,0.0829,-0.0087,-0.003,0.0613,0.0048,0.04180281690140845,0.03897468221451833,0.08893892957746478,0.4700170903788389,0.8983656239852797,0.0216,0.017100000000000018,0.005699999999999999,0.011194029850746245,,0.02562789613882191,0.001244403730967414,,,-0.001182099,,,,,,-1.6286118191184595,,,-0.057877997630453315,0.0008012820512819374,,,-0.3652984225732557,0.008419122255339636,0.04275435581803322,0.3991168737411499,0.18482641818200227,0.9429582336330956,0.7906342112769801,-2.497321771733045,0.03272989613238107,,,,1.0522597454235025,,0.2449929565191269,-1.105205804621464,
197508,86.88,3.71,7.82667,-0.015663,-0.021731,0.0895,0.1059,0.0844,-0.0068,-0.0175,0.0644,0.0048,0.04270257826887661,0.04180281690140845,0.09008598066298343,0.4740202410475975,0.8942466540570306,0.020000000000000004,0.016399999999999998,-0.010700000000000001,0.0018450184501843658,,0.0263653509804694,0.002343136350069799,,,-0.0015740132,,,,,,-1.535244129820029,,,-0.050777263088974234,0.0016012810248198228,,,-0.21143870197442885,-0.01360841555165613,0.04956044629216194,0.4071517288684845,0.1789127573325782,0.947301572901192,0.7942759342017686,-2.487648627017006,0.028012310133885443,,,,1.0522597454235025,,0.29076752066612244,-1.301370150740397,
197509,83.87,3.71,7.76,-0.03225,-0.034226,0.0895,0.1061,0.0862,-0.0098,-0.0126,0.0642,0.0053,0.044235125789912955,0.04270257826887661,0.09252414450935971,0.47809278350515466,0.9409482541442031,0.022000000000000006,0.016600000000000004,-0.0028000000000000004,0.005524861878453136,,0.02791845598641702,0.0023046247877807364,,,-0.0014922567,,,,,,-1.4673698605359144,,,-0.04063510979481677,0.006394884092725928,,,-0.18177503765464223,-0.022405548789877643,-0.01611270010471344,0.4303622841835022,0.18312125961858144,0.9002846418162643,0.75485404583056,-2.461220264297192,0.02523638603207129,,,,0.25624620238973317,,0.3134846091270447,-1.01441813989465,
197510,89.04,3.7,7.82667,0.064855,0.062135,0.0886,0.10619999999999999,0.0819,0.0475,0.0553,0.0596,0.005600000000000001,0.04155435759209344,0.04411589364492667,0.08790060646900269,0.4727425584571727,0.893497918759868,0.0223,0.01759999999999999,0.007800000000000001,0.005494505494505475,,0.0258974502715709,0.0021545815811105226,,,-0.0015430243,,,,,,-1.4590860760177313,,,-0.038927877095284114,0.04845115170770442,,,-0.400141314055821,-0.033644124237581924,0.017457880079746246,0.4468682110309601,0.1939740309328551,0.9480953946995385,0.7949415232480744,-2.509805072746983,0.026263341806649926,,,,0.22476312775878995,,0.34858500957489014,-1.1296205103279497,
197511,91.24,3.69,7.89333,0.030089,0.023996,0.08779999999999999,0.1056,0.0838,-0.0109,-0.0088,0.0548,0.0040999999999999995,0.040442788250767206,0.04144204851752021,0.0865117273125822,0.4674833055250446,0.8679284743281398,0.028999999999999998,0.01780000000000001,0.0020999999999999994,0.007285974499089187,,0.024621498189431525,0.0008126854246311692,,,-0.0016529119,,,,,,-1.492476148353277,,,-0.040262158167725826,0.021969696969696972,,,-0.5316110658911176,-0.013820914670813466,0.01943415030837059,0.4538322389125824,0.18325193973154502,0.9760265816899332,0.8183607492630978,-2.5248991953306827,0.025025749996803105,,,,0.5137262296306292,,0.3098057806491852,-1.1879247701280176,
197512,90.19,3.68,7.96,-0.010485,-0.012296,0.08789999999999999,0.1056,0.0805,0.039,0.0442,0.054400000000000004,0.0048,0.04080274975052667,0.04033318719859711,0.08825812174298703,0.4623115577889447,0.8763388510223954,0.026099999999999998,0.017700000000000007,0.005200000000000003,0.003616636528029016,,0.023710973159138928,0.0013307999246307365,,,-0.00046511563,,,,,,-1.4493436367123333,,,-0.02937380490516217,-0.008895478131949686,,,-0.6504879580644519,-0.025556139034037847,-0.029728302732110023,0.46532344818115234,0.19429403007321308,0.9666594844694436,0.8105067985166872,-2.5044505974574536,0.02568514711510552,,,,0.8061903230793789,,0.29988884925842285,-0.9896242076706436,
197601,100.86,3.68333,8.19333,0.120143,0.118545,0.086,0.1041,0.0802,0.009,0.0188,0.0487,0.004699999999999999,0.03651923458258973,0.0408396718039694,0.08123468173706126,0.449552257751122,0.7659338856533509,0.03149999999999999,0.018100000000000005,0.009800000000000001,0.0018018018018017834,,0.021852188906851797,0.0019782825918537783,,,-0.00011029255,,,,,,-1.7012471959936635,,,-0.018939706857172833,-0.008227374719521285,,,-0.6423448392844838,-0.019440292041524868,0.08474015444517136,0.39897000789642334,0.18640201376706642,1.0,0.9273366929732813,-2.5849637392780043,0.0321442319344763,,,,1.0522597454235025,,0.28323230147361755,-0.9533999367135744,
197602,99.71,3.68667,8.42667,-0.005756,-0.01162,0.0855,0.1024,0.0802,0.0062,0.0061,0.048799999999999996,0.0034000000000000002,0.03697392438070404,0.0365523497917906,0.0845117841741049,0.4375002225078234,0.768036520290764,0.0314,0.0169,-9.99999999999994e-05,0.003597122302158251,,0.022233099522830077,0.0012214388390446114,,,-0.00017078355,,,,,,-1.7700418480120852,,,-0.01184649127218007,-0.0007541478129713397,,,-0.5822661664903896,0.0032685550662587366,-0.021955206990242004,0.4015907645225525,0.16803439464416983,0.9779201061765386,0.9247979461823713,-2.545879000466058,0.041143029858666205,,,,0.5442652427594111,,0.2962367534637451,-0.8898279364027131,
197603,102.77,3.69,8.66,0.03264,0.030786,0.0852,0.1012,0.0792,0.0166,0.0167,0.05,0.004,0.03590541986961176,0.037007321231571556,0.08426583633356038,0.42609699769053117,0.7840312171694431,0.029200000000000004,0.016,9.99999999999994e-05,0.0017921146953405742,,0.015072141821724408,0.0012657160524404583,,,-0.00043879841,,,,,,-1.632573075751104,,,-0.012348176977306391,0.0015094339622641062,,,-0.7720419813081152,0.024467102622573737,0.0424112044274807,0.41865524649620056,0.17061131773861757,0.9903290692720048,0.9503185319007321,-2.548236669980648,0.04335516408828751,,,,1.0522597454235025,,0.2646338641643524,-0.9368930270163868,
197604,101.64,3.71333,8.85667,-0.00961,-0.010699,0.084,0.09939999999999999,0.0797,0.0018,-0.0015,0.048600000000000004,0.0042,0.03653414010232192,0.036132431643475724,0.08713764266036993,0.41926931905558185,0.7860761398404976,0.03109999999999999,0.015399999999999983,-0.0033,0.003577817531305927,,0.014239495429354787,0.0010071322817876225,,,-0.0013534097,,,,,,-1.589377952344402,,,-0.010057036368010142,0.0015071590052750938,,,-0.8319908937969773,0.01542820329164111,0.021010737866163254,0.4289705753326416,0.16149403750113528,0.9859844513461653,0.9478463440144528,-2.513144956396673,0.03257876769312412,,,,0.7903346651035348,,0.25871652364730835,-0.9147421407509828,
197605,100.18,3.73667,9.05333,-0.008116,-0.015026,0.0858,0.0986,0.0821,-0.0158,-0.0103,0.052000000000000005,0.0037,0.03729956079057696,0.0367637741046832,0.09037063286085047,0.4127398426877182,0.8035027634506732,0.030100000000000002,0.012799999999999992,0.005500000000000001,0.007130124777183555,,0.014148330780405649,0.0009364702679183891,,,-0.0010527004,,,,,,-1.5378241955924432,,,-0.008469207398855705,-0.005267118133935211,,,-0.6104872055994621,-0.0028128291450018198,0.026176445186138153,0.43202364444732666,0.15798888880786446,0.9646001068228126,0.9272891508985452,-2.479870608371663,0.022342221635677846,,,,0.001745764860494744,,0.2566085159778595,-0.8415944342215631,
197606,104.28,3.76,9.25,0.043959,0.042158,0.0862,0.0989,0.0807,0.0208,0.015,0.0541,0.0043,0.03605677023398542,0.037532441605110795,0.08870349060222478,0.40648648648648644,0.7814276311853049,0.02659999999999999,0.012700000000000003,-0.0058,0.005309734513274211,,0.018925041549295564,0.0009715815060038469,,,-0.0012775825,,,,,,-1.4975071621836493,,,-0.01009291065912743,0.01134644478063529,,,-0.6292493732060794,0.009429751671566493,0.07922431081533432,0.45334774255752563,0.28581248674688986,0.9918498150382782,0.9534848340781591,-2.498119941461957,0.022029601972589838,,,,-0.018939278616962662,,0.2571718096733093,-0.5731678393757678,
197607,103.44,3.79,9.35,-0.007202,-0.008454,0.08560000000000001,0.09820000000000001,0.0805,0.0078,0.0149,0.052300000000000006,0.004699999999999999,0.03663959783449343,0.03634445723053318,0.09039056457849962,0.40534759358288774,0.7958238544036399,0.028199999999999996,0.0126,0.0071,0.00528169014084523,,0.01884278107158031,0.00048715216300221624,,,-0.0014411039,,,,,,-1.463897075197233,,,-0.007059628032173748,-0.005983545250560995,,,-0.6543515811415576,0.029481513117551424,0.0025605561677366495,0.4581246078014374,0.27367316190711427,0.9737245478189496,0.936236569363887,-2.479001118068896,0.023556540344023966,,,,-0.5269337812810542,,0.2242148518562317,-0.7521281519066679,
197608,102.91,3.82,9.45,0.001599,-0.004982,0.08449999999999999,0.0964,0.079,0.0211,0.0231,0.051399999999999994,0.0042,0.03711981342920999,0.03692962103634957,0.09182781070838597,0.4042328042328042,0.8047322693942942,0.027600000000000006,0.011900000000000008,0.0019999999999999983,0.005253940455341555,,0.02063039039047866,0.0007445223967786307,,,-0.0012977566,,,,,,-1.4237275575696298,,,-0.0028475337064710615,0.007524454477050524,,,-0.6302441094351221,-0.00946716492185607,0.04621608182787895,0.4774172604084015,0.27530658469366515,0.9629453822648114,0.9258723970714081,-2.4626692189629984,0.024396544714460476,,,,-0.5269337812810542,,0.2181364744901657,-1.0088829207323085,
197609,105.24,3.85,9.55,0.024421,0.022669,0.08380000000000001,0.094,0.0781,0.0145,0.0167,0.0508,0.0044,0.03658304827061954,0.03741133028860169,0.09074496389205626,0.4031413612565445,0.7913632737151456,0.027300000000000005,0.010199999999999987,0.002199999999999999,0.0034843205574912606,,0.02378350426489462,0.0008906882770474933,,,-0.0014566973,,,,,,-1.4425361870997153,,,-0.0020348301815618086,-0.005227781926811059,,,-0.4774328818457941,0.014341773855784485,0.02229289524257183,0.4749928414821625,0.2893298114570838,0.9757585313217514,0.9415137396595987,-2.4728598222971794,0.021916188618887396,,,,-0.5269337812810542,,0.22334010899066925,-1.1126835012404497,
197610,102.9,3.91667,9.67,-0.020211,-0.021995,0.0832,0.0929,0.0779,0.0084,0.007,0.0492,0.0040999999999999995,0.038062876579203105,0.03721655264158115,0.09397473275024294,0.40503309203722854,0.8120796327194719,0.028699999999999996,0.0097,-0.0013999999999999993,0.005208333333333259,,0.025569982398938172,0.001269992971907769,,,-0.0011566296,,,,,,-1.4541533818830865,,,-0.004973755508316913,0.0,,,-0.5524185484291658,0.035356338020931126,0.053148455917835236,0.48000019788742065,0.28582922779655645,0.9508666817765252,0.9174954835029,-2.436212434996665,0.01959167003658391,,,,-0.5269337812810542,,0.28172504901885986,-1.3604533327220294,
197611,102.1,3.98333,9.79,-0.001041,-0.008628,0.0825,0.09230000000000001,0.0749,0.0339,0.0319,0.0475,0.004,0.03901400587659158,0.03871068999028183,0.09588638589618022,0.4068774259448417,0.8272629378602647,0.027399999999999994,0.009800000000000003,-0.0020000000000000018,0.0017271157167531026,,0.02789627925777907,0.001117925321534204,,,-0.00092241021,,,,,,-1.5244510344509363,,,0.007523057241852538,0.0045045045045044585,,,-0.4728715081271199,0.019964686863207758,-0.04761471971869469,0.4684530794620514,0.2936106884797543,0.9334147951792983,0.9006560806313587,-2.4149565312887638,0.02026188900764437,,,,-1.0768779019706998,,0.2981036603450775,-1.3198357628264596,
197612,107.46,4.05,9.91,0.053775,0.05217,0.07980000000000001,0.09119999999999999,0.0721,0.0327,0.0347,0.0435,0.004,0.03768844221105528,0.039666993143976495,0.09222036106458217,0.408678102926337,0.7799731249688947,0.0286,0.01139999999999998,0.0020000000000000018,0.0034482758620690834,,0.028567357816801194,0.0005762272595541424,,,-0.0011227041,,,,,,-1.5235522762519083,,,0.0156502438241648,0.005979073243647326,,,-0.3683447496993975,0.0346528862033944,0.04570842534303665,0.47142407298088074,0.28517793132803504,0.9900077848618927,0.9552629076732908,-2.4500172935074924,0.022557237331170613,,,,-0.5269337812810542,,0.27436739206314087,-1.0994314342796627,
197701,102.03,4.09667,9.96667,-0.049654,-0.051167,0.0796,0.0908,0.0764,-0.0388,-0.0303,0.0462,0.0036,0.04015162207193962,0.03812274334636143,0.0976837204743703,0.41103698627525537,0.821065205318692,0.030199999999999998,0.011200000000000002,0.0085,0.005154639175257714,,0.029599797112593727,0.0006956299767525309,,,-0.0015928437,,,,,,-1.5642778131717607,,,0.006005243619945144,0.0326894502228825,,,-0.3517845386958522,0.014590900283659489,0.016112158074975014,0.4516194760799408,0.27803351158247736,0.9404605879048867,0.907454597318627,-2.3956397033906347,0.029484854167902447,,,,-1.073461536098533,,0.2341635674238205,-1.1748829065948498,
197702,99.82,4.14333,10.0233,-0.015638,-0.0224,0.08039999999999999,0.09119999999999999,0.0775,-0.0049,-0.002,0.0467,0.0034999999999999996,0.04150801442596674,0.04060893854748603,0.10041374474053297,0.41336984825356915,0.8368039982059333,0.0308,0.010800000000000004,0.0029,0.01025641025641022,,0.027970217325254496,0.0003346755528115084,,,-0.0016537032,,,,,,-1.4816957522984386,,,0.01906211200043817,0.0,,,-0.3876686877760377,0.0026827529392880432,0.036533959209918976,0.45666706562042236,0.27188788143266973,0.9227721991742134,0.8903869924883521,-2.36975306317036,0.02749248350278937,,,,-2.1795648867219426,,0.17822539806365967,-1.098968535222268,
197703,98.42,4.19,10.08,-0.012502,-0.014548,0.081,0.09119999999999999,0.0772,0.0091,0.0094,0.046,0.0038,0.042572647835805735,0.041975556000801446,0.10241820768136557,0.4156746031746032,0.8684299283017637,0.031200000000000006,0.010199999999999987,0.0002999999999999999,0.006768189509306133,,0.0303383534535859,0.000665732779450639,,,-0.0017320885,,,,,,-1.416922395520262,,,0.02914645920428427,0.0,,,-0.3879341123121706,0.01249794301086827,-0.025069892406463623,0.46197810769081116,0.2590687407690335,0.9057341913105175,0.8739469430445944,-2.350639272107194,0.02676087665266565,,,,-2.685335776515435,,0.1767728179693222,-0.9580020025481927,
197704,98.44,4.24667,10.1933,0.000641,-0.000503,0.08039999999999999,0.0907,0.0771,0.0071,0.01,0.0454,0.0038,0.043139678992279565,0.04314844543791912,0.10354835432750915,0.41661385419834596,0.8611500701262272,0.0317,0.010300000000000017,0.0029,0.008403361344537785,,0.03114002585223543,0.0009848511277227286,,,-0.0016386999,,,,,,-1.4815496237622843,,,0.03609904956693244,0.0,,,-0.26136400713414404,0.027807478231302193,-0.013927425257861614,0.4591982364654541,0.2530626557758421,0.9133909478808424,0.8813349814585908,-2.338827211264532,0.02058405127845149,,,,-2.685335776515435,,0.21736125648021698,-0.9547695939965136,
197705,96.12,4.30333,10.3067,-0.015064,-0.023541,0.0805,0.0901,0.0765,0.0125,0.0106,0.0496,0.0037,0.044770391177694546,0.04371525802519301,0.10722742405326674,0.41752743361114614,0.8882113368793538,0.0269,0.009599999999999997,-0.0019000000000000006,0.004999999999999893,,0.03531546693422346,0.000634801814995551,,,-0.0013541819,,,,,,-1.4493605046868874,,,0.04134581513000457,0.0,,,-0.5030487655576513,0.022823220640462785,-0.015449360944330692,0.46968308091163635,0.26897331158527304,0.8855625301786576,0.854483217647618,-2.304751740982318,0.020631614533869698,,,,-2.685335776515435,,0.24748753011226654,-0.8492103555801658,
197706,100.48,4.36,10.42,0.047776,0.045705,0.0795,0.0891,0.0754,0.0164,0.0175,0.050199999999999995,0.004,0.043391719745222934,0.04535996670828132,0.10370222929936306,0.418426103646833,0.8711120811961149,0.0252,0.009599999999999997,0.0011000000000000003,0.0066334991708127955,,0.03194109604793684,0.0005633646131396753,,,-0.0015935849,,,,,,-1.431245162032176,,,0.046489466506578925,0.0,,,-0.3843359796908809,0.04450200127858667,0.041871555149555206,0.4573396146297455,0.17830676490885505,0.9029454369869628,0.8712560616145287,-2.336503719379999,0.019959003992562462,,,,-2.685335776515435,,0.24823257327079773,-0.9617861992730377,
197707,98.85,4.40667,10.5167,-0.015453,-0.016589,0.0794,0.08869999999999999,0.0768,-0.007,-0.0005,0.0519,0.0042,0.044579362670713205,0.0438561902866242,0.10639049064238747,0.4190164215010412,0.896783399058501,0.02489999999999999,0.009299999999999989,0.006500000000000001,0.0049423393739702615,,0.033181833354289314,0.0005947080091993175,,,-0.0016868214,,,,,,-1.479018416428306,,,0.045168253565786465,0.0,,,-0.46280923892118947,0.029641034651676845,-0.0013233580393716693,0.4637822210788727,0.17422323972144738,0.8770977246523912,0.8463154892079491,-2.3113770942357705,0.020089139546975422,,,,-2.685335776515435,,0.21615928411483765,-0.983207236501661,
197708,96.77,4.45333,10.6133,-0.01231,-0.020221,0.07980000000000001,0.0882,0.0754,0.0198,0.0136,0.054900000000000004,0.0044,0.046019737521959286,0.04505139099645929,0.10967551927250183,0.4195989937154325,0.9265342604092909,0.02049999999999999,0.00839999999999999,-0.006200000000000002,0.003278688524590123,,0.03375037777281817,0.0005824463834006243,,,-0.001666359,,,,,,-1.3994822138062841,,,0.04356050228646824,0.023741007194244546,,,-0.5170090719129717,0.0353363402347169,-0.010994626209139824,0.4718666970729828,0.18417339936139718,0.8489342622611575,0.8191404392887706,-2.2816190933799008,0.02014858049430151,,,,-2.685335776515435,,0.20183588564395905,-1.0893900273077604,
197709,96.53,4.5,10.71,-0.000825,-0.003084,0.07919999999999999,0.08800000000000001,0.0764,-0.0029,-0.0022,0.0581,0.0043,0.04661763182430333,0.04650201508732045,0.11094996374184192,0.4201680672268907,0.9422625160840977,0.018299999999999997,0.008800000000000016,0.0006999999999999997,0.0032679738562091387,,0.03236756987414822,0.0004631960722934932,,,-0.0018026906,,,,,,-1.3822187993220043,,,0.04508357436642507,0.05200281096275483,,,-0.5418195343430063,0.04484419614106457,0.038053691387176514,0.45413610339164734,0.18839402832786045,0.8431891703578361,0.8054673385946562,-2.2695071371614577,0.018432796265401556,,,,-2.685335776515435,,0.19244353473186493,-1.113062157443121,
197710,92.34,4.55667,10.77,-0.041984,-0.043869,0.08039999999999999,0.0889,0.0781,-0.0093,-0.0038,0.0616,0.0049,0.04934665367121508,0.04720470320107739,0.1166341780376868,0.42308913649025076,0.9753772835583797,0.0165,0.008500000000000021,0.0055,0.0032573289902280145,,0.03277408527623641,0.0007261726330666648,,,-0.0012570464,,,,,,-1.4388788645171564,,,0.043906509959063644,-0.008016032064128376,,,-0.47986554017641186,0.048126541079888,-0.0043082041665911674,0.45291367173194885,0.18642107207657913,0.8145622853730156,0.7781211372064277,-2.2212196166972937,0.018037008367138088,,,,-2.685335776515435,,0.20018735527992249,-1.114133323434229,
197711,94.83,4.61333,10.83,0.036752,0.026953,0.0808,0.0895,0.0777,0.0093,0.0061,0.061,0.005,0.048648423494674686,0.049960255577214646,0.11420436570705474,0.42597691597414594,0.9620344702904664,0.016700000000000007,0.0087,-0.003199999999999999,0.004870129870129913,,0.029215719685605525,0.0013875470420950749,,,-0.0012900084,,,,,,-1.569089651835489,,,0.04316053788739804,0.0,,,-0.5610331269313477,0.04182714111082877,0.0011767399264499545,0.460529625415802,0.18034317131238484,0.825859752152491,0.7889131881715318,-2.2428303247397423,0.0207260853727043,,,,-2.685335776515435,,0.28543078899383545,-1.1832189707605667,
197712,95.1,4.67,10.89,0.00557,0.003637,0.0819,0.08990000000000001,0.0803,-0.0168,-0.0105,0.060700000000000004,0.0049,0.04910620399579391,0.04924601919223874,0.11451104100946373,0.42883379247015607,0.9603330245316843,0.019599999999999992,0.008000000000000007,0.006299999999999998,0.003231017770597866,,0.030474396412762304,0.0006266270865509622,,,-0.0018338899,,,,,,-1.456428226249008,,,0.042369803460526434,0.0,,,-0.5389488797989384,0.057817609644966204,0.01699272356927395,0.47254616022109985,0.17422850648344662,0.8313778444611153,0.7903109251687743,-2.2411705759591736,0.02151461778709337,,,,-2.439266354171311,,0.2967797815799713,-0.7548854158283016,
197801,89.25,4.71333,10.9,-0.060643,-0.062611,0.08410000000000001,0.0917,0.0816,-0.008,-0.0089,0.0644,0.0049,0.05281042016806723,0.049561829652996846,0.12212885154061626,0.4324155963302752,1.036731088944306,0.017200000000000007,0.007599999999999996,-0.0008999999999999998,0.006441223832528209,,0.028813183462555476,0.0009080500865166704,,,-0.0018933608,,,,,,-1.4754991367042751,,,0.024965551333439695,0.0,,,-0.5391885393080517,0.028001797190946327,0.01451540645211935,0.45552441477775574,0.1490193783231381,0.7953719008264463,0.7320718836170009,-2.1792692335863633,0.023879646600064815,,,,-2.685335776515435,,0.31089070439338684,-0.8993958719008415,
197802,87.04,4.75667,10.91,-0.01626,-0.024938,0.08470000000000001,0.092,0.0822,0.0004,0.0051,0.0645,0.0046,0.05464924172794117,0.053296022408963584,0.12534466911764705,0.43599175068744267,1.0755672936991323,0.017699999999999994,0.007299999999999987,0.0047,0.006399999999999961,,0.031167903454006954,0.0006698947761875978,,,-0.001551213,,,,,,-1.440318669209376,,,0.027735903176843824,0.0,,,-0.5594294989659758,0.04107453228638239,-0.02268221415579319,0.4619680643081665,0.13867476231677603,0.7666528925619834,0.7056384900637064,-2.1539267636034554,0.02266465766145343,,,,-2.685335776515435,,0.25298845767974854,-0.6769549854562125,
197803,89.21,4.8,10.92,0.026925,0.024356,0.08470000000000001,0.0922,0.0831,-0.0021,0.0042,0.0629,0.0053,0.05380562717184172,0.0551470588235294,0.12240780181593992,0.43956043956043955,1.1114925530791169,0.020199999999999996,0.007499999999999993,0.0063,0.007949125596184325,,0.027568545069282704,0.0006228568215117904,,,-0.0013817078,,,,,,-1.4237131873434132,,,0.0441552443534996,0.0,,,-0.6122796011555866,0.07467771863195802,0.011904306709766388,0.44623491168022156,0.1352706636019265,0.7991052587152866,0.7201293144432823,-2.1777285135452567,0.023868546473201045,,,,-2.439266354171311,,0.24397940933704376,-0.6430874622112345,
197804,96.83,4.83667,11.0233,0.088964,0.087593,0.08560000000000001,0.0932,0.0838,-0.0005,-0.0023,0.0629,0.0054,0.049950118764845605,0.05421667974442327,0.11384178457089746,0.4387678825759981,1.005350403668848,0.020900000000000002,0.007599999999999996,-0.0018,0.007886435331230235,,0.02294501473509904,0.001741180958073391,,,-0.0019860558,,,,,,-1.5816043964756044,,,0.06166512806366198,0.0,,,-0.8574586023660832,0.05703643757538274,0.03572210296988487,0.4231378436088562,0.13101157002392394,0.8875180191639108,0.7961586003613198,-2.2512946156021174,0.022790259625988657,,,,-0.8240661130432121,,0.28806793689727783,-0.4810859292533985,
197805,97.24,4.87333,11.1267,0.013719,0.004436,0.08689999999999999,0.0949,0.0852,-0.0058,-0.0108,0.0641,0.0051,0.050116515837104074,0.05032872043788082,0.11442513368983957,0.43798520675492286,1.0014156386433661,0.021099999999999994,0.008000000000000007,-0.005000000000000001,0.009389671361502261,,0.016558494397015615,0.0010850552422716744,,,-0.0023334338,,,,,,-1.6245195807041735,,,0.0637601940567718,0.0,,,-0.8593381671233358,0.07188852957698007,0.06625382602214813,0.413626492023468,0.11414144815032731,0.9041733892653544,0.7992868688789578,-2.2480310660752356,0.024022880230095713,,,,0.7817546411808951,,0.27287015318870544,-0.3701428053083357,
197806,95.53,4.91,11.23,-0.016578,-0.018953,0.0876,0.096,0.0865,-0.0062,0.0023,0.0673,0.0054,0.05139746676436722,0.05049362402303579,0.11755469486025333,0.43722172751558325,1.0279015812931191,0.019199999999999995,0.008400000000000005,0.0085,0.010852713178294726,,0.016522488119996164,0.0010274141007501822,,,-0.0018349394,,,,,,-1.61668506845956,,,0.06767201684487478,0.0,,,-0.9327399853419711,0.06302168729174924,0.04543871805071831,0.43094602227211,0.26322439887874577,0.8868662147235279,0.7786916421032614,-2.2220628209563884,0.024159410338939744,,,,0.5494927389409001,,0.29161888360977173,-0.5261824101836172,
197807,100.68,4.94667,11.3433,0.056974,0.055121,0.0888,0.096,0.0858,0.0143,0.0101,0.0701,0.005600000000000001,0.04913259833134684,0.05178132523814508,0.1126668653158522,0.43608738197878927,0.9762603360896238,0.015700000000000006,0.007199999999999998,-0.004200000000000001,0.0076687116564417845,,0.014670488758051981,0.0008499296468378294,,,-0.0015001826,,,,,,-1.5910219897121174,,,0.06429490158063622,0.0,,,-0.8597250629723192,0.05685467301003068,0.09059444069862366,0.41944506764411926,0.2592994336034176,0.9702708481022628,0.8198820956546543,-2.2661893868326253,0.024837953689880506,,,,1.0522597454235025,,0.24371618032455444,-0.6047257239579591,
197808,103.29,4.98333,11.4567,0.033641,0.025563,0.08689999999999999,0.09480000000000001,0.0843,0.0218,0.0257,0.0708,0.005600000000000001,0.04824600638977635,0.04949672228843861,0.11091780424048793,0.4349708031108434,0.9600602176045253,0.013499999999999998,0.007900000000000018,0.0039000000000000007,0.004566210045662045,,0.012001808848775433,0.0010022376926429601,,,-0.0018316643,,,,,,-1.702043722331765,,,0.06584188319815132,0.0,,,-0.9210967935503453,0.066852297347242,0.11257009953260422,0.4183958172798157,0.2691053252800814,0.9741145625027775,0.8337168394028716,-2.2797160040001394,0.027335286096171314,,,,1.0522597454235025,,0.23604831099510193,-0.6339147304743916,
197809,102.54,5.02,11.57,-0.005163,-0.007483,0.08689999999999999,0.0942,0.086,-0.0106,-0.0048,0.0785,0.0062,0.04895650477862297,0.04860102623680898,0.11283401599375853,0.43388072601555744,0.9722575131089601,0.007499999999999993,0.007300000000000015,0.0058000000000000005,0.007575757575757569,,0.012703001749812993,0.0009479772051239454,,,-0.0025993048,,,,,,-1.6762223975911918,,,0.06582835594233272,0.0,,,-0.9744599695098691,0.08043112705911656,0.04221213608980179,0.432503342628479,0.26365426930690233,0.9538193755921299,0.8232575829609204,-2.26267981299407,0.02609882894605638,,,,1.0522597454235025,,0.22813886404037476,-0.6584710693391662,
197810,93.15,5.03667,11.8233,-0.08957,-0.092269,0.0889,0.0959,0.0889,-0.02,-0.0205,0.0799,0.0068000000000000005,0.05407053140096618,0.04911907548273844,0.12692753623188405,0.42599528050544266,1.0622752224115084,0.009000000000000008,0.006999999999999992,-0.0005000000000000004,0.009022556390977376,,0.014350552361927242,0.0021000234124052704,,,-0.0018702195,,,,,,-1.7902841978808097,,,0.07075862717588244,0.0,,,-0.9309415841664054,0.10189364687419725,-0.04262654483318329,0.41369736194610596,0.2735544879242874,0.872992266508031,0.7534943424931064,-2.1470084140403474,0.03588054226057563,,,,0.25966256826189993,,0.28898540139198303,-0.6710594557979246,
197811,94.7,5.05333,12.0767,0.026771,0.0174,0.09029999999999999,0.0983,0.0877,0.0189,0.0134,0.0864,0.006999999999999999,0.05336145723336853,0.05424938271604938,0.1275258711721225,0.41843632780478107,1.0535274019748946,0.0012999999999999956,0.008000000000000007,-0.0055,0.0044709388971686526,,0.014089272170543942,0.003180888974107425,,,-0.0018611309,,,,,,-1.7177030854938398,,,0.07590849195160576,0.0,,,-0.7701960533298987,0.08737573197257142,0.11496791243553162,0.40270769596099854,0.2697578661397759,0.8802410381827395,0.7597508795283826,-2.143869079788267,0.034017268751742866,,,,-0.839997435184587,,0.3755226731300354,-1.0060119630290834,
197812,96.11,5.07,12.33,0.016626,0.014264,0.0916,0.09939999999999999,0.0898,-0.013,-0.0133,0.0908,0.0078000000000000005,0.0527520549370513,0.05353748680042239,0.1282905004682135,0.41119221411192214,1.045701295636079,-0.0010000000000000009,0.0077999999999999875,-0.0002999999999999999,0.004451038575667532,,0.014850552202063072,0.0016656300128238522,,,-0.0015481539,,,,,,-1.6193672928111087,,,0.07835058361321767,0.019528619528619506,,,-0.8762720643089161,0.046894691929980685,0.02091326378285885,0.4363873302936554,0.28176842922519396,0.8868288276378699,0.7654369116668251,-2.1397274868111156,0.03512275033191019,,,,-0.32546208978490265,,0.3998269736766815,-0.8124134247504787,
197901,99.93,5.11333,12.6533,0.042697,0.040161,0.0925,0.1013,0.0886,0.0191,0.0184,0.0935,0.0077,0.05116911838286801,0.053202892518988666,0.1266216351446012,0.40411039017489514,1.00307428326303,-0.004900000000000002,0.008800000000000002,-0.0006999999999999992,0.008862629246676468,,0.014387532480625067,0.0010011132141421596,,,-0.0018498194,,,,,,-1.6236658922136271,,,0.07038980143631335,0.05482166446499348,,,-1.030649445031208,0.059848887636244366,-0.0001992627658182755,0.418103963136673,0.2856868374435597,0.9245158305241589,0.7979651992012932,-2.153646597006434,0.02807057372196407,,,,0.4966246383068254,,0.364192396402359,-1.2365756151241716,
197902,96.28,5.15667,12.9767,-0.028649,-0.036958,0.0926,0.1008,0.0908,-0.0135,-0.0128,0.0932,0.0073,0.053559098462816784,0.05160282197538277,0.1347808475280432,0.39737914878204783,1.040775450656512,-0.0023999999999999994,0.008199999999999999,0.0006999999999999992,0.01171303074670571,,0.012227710150527827,0.0008140808582872118,,,-0.0013147274,,,,,,-1.5447819777556384,,,0.07264537400202986,-0.007514088916718897,,,-0.873658043598716,0.08800790611078568,-0.055457282811403275,0.42955073714256287,0.26691406506013277,0.891026064732192,0.7690596177617192,-2.0911998781017744,0.02338107721226951,,,,-0.03607481802683146,,0.3002897799015045,-1.1979479566227254,
197903,101.59,5.2,13.3,0.057361,0.054825,0.09369999999999999,0.1026,0.0902,0.0129,0.0106,0.09480000000000001,0.008100000000000001,0.05118614036814647,0.0540091400083091,0.13091839748006695,0.39097744360902253,1.0330789394326012,-0.004600000000000007,0.008900000000000005,-0.0023,0.01013024602026058,,0.011670307720664932,0.0008007331610925061,,,-0.001349922,,,,,,-1.539884400566275,,,0.07338451844928207,0.045425867507886464,,,-0.7122760135825817,0.09201875568444728,0.048252154141664505,0.4283580183982849,0.25892301487191277,0.9498094167933548,0.8197965199201293,-2.1204590779828063,0.02544742259947459,,,,1.0522597454235025,,0.254237562417984,-1.1468366385477757,
197904,101.76,5.24667,13.5267,0.004183,0.002218,0.09380000000000001,0.1033,0.0922,-0.0112,-0.0052,0.0946,0.008,0.051559257075471696,0.05164553597795058,0.13292747641509434,0.38787509148572824,1.0418762428354194,-0.0023999999999999994,0.009499999999999995,0.006,0.011461318051575908,,0.011570313837190866,0.0006468351880640967,,,-0.0015582344,,,,,,-1.5445698613007721,,,0.05877990809618927,0.1309595654797826,,,-0.57255449722381,0.06409078267744482,0.02998063713312149,0.43305253982543945,0.273288532609385,0.9417894991958049,0.8128743938385471,-2.105779299962697,0.022237933272959663,,,,1.0522597454235025,,0.2547319531440735,-1.0996313284224801,
197905,99.08,5.29333,13.7533,-0.016818,-0.026303,0.095,0.1047,0.0903,0.0261,0.0228,0.09609999999999999,0.008199999999999999,0.053424808235769075,0.052017786949685535,0.13881005248284214,0.3848770840452837,1.0831418043851009,-0.005799999999999986,0.0097,-0.003300000000000001,0.012747875354107707,,0.014184181597061129,0.0009242270433131233,,,-0.0014325784,,,,,,-1.5610288264929915,,,0.06529436875240346,0.12166488794023489,,,-0.58079971848891,0.030211403525335526,0.014555093832314014,0.4591941833496094,0.2729608357248887,0.90590918104303,0.7819054863554246,-2.06311745729158,0.023106510048235586,,,,0.7847585244917838,,0.2439490556716919,-1.2253215697555027,
197906,102.91,5.34,13.98,0.040324,0.037792,0.0929,0.1038,0.0877,0.0311,0.0269,0.0906,0.008100000000000001,0.05189000097172287,0.053895841744045214,0.1358468564765329,0.38197424892703863,1.0578636072115728,-0.0029,0.010900000000000007,-0.004199999999999999,0.01118881118881121,,0.012069356528299508,0.0005714809772855685,,,-0.0013276842,,,,,,-1.567713117271041,,,0.0629950876714731,0.21979067554709797,,,-0.7246863446147909,0.05644555376345046,0.042532917112112045,0.44457554817199707,0.27739359747181735,0.9275563487342191,0.8005895217267281,-2.08157875014184,0.02301289849478976,,,,1.0522597454235025,,0.22247833013534546,-0.9901605239157645,
197907,103.81,5.39667,14.1967,0.012051,0.009737,0.092,0.10289999999999999,0.0895,-0.0085,-0.0031,0.0924,0.0077,0.05198603217416434,0.052440676319113796,0.13675657451112608,0.38013552445286586,1.052314453817254,-0.0029,0.010899999999999993,0.0054,0.011065006915629283,,0.009679216137367311,0.000707684786199483,,,-0.00095407572,,,,,,-1.5522199373413124,,,0.05881570043418849,0.07917316692667709,,,-0.793043121362703,0.022482351130531524,0.07623349130153656,0.44978103041648865,0.2659011770789372,0.9324476171590984,0.8048112579632974,-2.075271637374429,0.02217759356003418,,,,1.0522597454235025,,0.219736248254776,-1.0963377147215176,
197908,109.32,5.45333,14.4133,0.061865,0.053222,0.09230000000000001,0.1035,0.0907,-0.0035,0.0006,0.09519999999999999,0.0077,0.04988410171972192,0.05253183700992197,0.13184504207830225,0.3783540202451902,1.00345864831067,-0.00449999999999999,0.011199999999999988,0.0041,0.009575923392612928,,0.011569049517541688,0.0005064798460674665,,,-0.001171412,,,,,,-1.5899240252775193,,,0.04970481941511373,0.08529092880375866,,,-0.7520650191580617,0.014189082955234059,0.09219355136156082,0.4261692464351654,0.2767396226041985,0.9778460792738009,0.8439954359608253,-2.112580857363293,0.023054731324003624,,,,1.0522597454235025,,0.1728477030992508,-0.974695584408835,
197909,109.32,5.51,14.63,0.001416,-0.000872,0.0944,0.1054,0.0927,-0.0122,-0.0179,0.1026,0.0083,0.050402488108305894,0.050402488108305894,0.13382729601170876,0.3766233766233766,1.0137949873659768,-0.009899999999999992,0.010999999999999996,-0.0056999999999999985,0.01084010840108407,,0.009403893879417993,0.0012330662797023723,,,-0.0014195561,,,,,,-1.6395621532489835,,,0.04703816109204473,0.05494505494505497,,,-0.8008794655503754,0.047643619299969575,0.048210468143224716,0.42875534296035767,0.290134090321579,0.9746621996405672,0.8353903204335837,-2.100405791486136,0.020456039572749975,,,,1.0522597454235025,,0.21390262246131897,-1.1636846599829662,
197910,101.82,5.55667,14.7067,-0.06556,-0.068517,0.1013,0.114,0.1034,-0.0841,-0.089,0.11699999999999999,0.0087,0.054573462973875476,0.050829399926820354,0.1444382243174229,0.37783255251008047,1.0919455682236117,-0.013599999999999987,0.012700000000000003,-0.004900000000000002,0.008042895442359255,,0.010209512727290818,0.0025892993527645825,,,-0.0012554812,,,,,,-1.7574506342253962,,,0.05178021430504032,0.0599747474747474,,,-0.9353504440156494,0.02577027339442662,-0.007614640984684229,0.41807296872138977,0.29012272425750996,0.908746560310157,0.7756014072454122,-2.032937116485148,0.02245619853605508,,,,0.7836451441493966,,0.30408838391304016,-0.9160166971725714,
197911,106.16,5.60333,14.7833,0.052777,0.04357,0.1076,0.1199,0.1009,0.0311,0.0222,0.11789999999999999,0.009899999999999999,0.05278193293142426,0.05503172264780986,0.13925489826676715,0.37903106884119236,1.083115461786344,-0.016999999999999987,0.012300000000000005,-0.008899999999999998,0.009308510638297962,,0.0107786633391789,0.0015583805673476338,,,-0.00084450892,,,,,,-1.6346346508108898,,,0.047740029500932035,0.08338296605122109,,,-0.8195294677022092,0.024341866930470978,0.07148204743862152,0.4382590651512146,0.30512995815156846,0.9161551230489856,0.781924503185319,-2.0726511052394145,0.02526678257179971,,,,1.0522597454235025,,0.3421110510826111,-1.1518635811854656,
197912,107.94,5.65,14.86,0.01834,0.015892,0.1074,0.1206,0.1012,0.0057,-0.0108,0.1204,0.0095,0.05234389475634612,0.05322155237377544,0.13766907541226608,0.3802153432032302,1.0619500679590814,-0.019199999999999995,0.013200000000000003,-0.0165,0.010540184453227797,,0.010514435016064295,0.0004696421740190779,,,-0.00037113093,,,,,,-1.5816338595825297,,,0.045924416077244956,0.044804837822979504,,,-0.6248093021496746,0.0281126676313578,0.04869772493839264,0.43144604563713074,0.30883465604574356,0.9344147235436325,0.7975087952838261,-2.0817518419430527,0.02864914294714561,,,,1.0522597454235025,,0.3157697916030884,-0.9099142549083777,
198001,114.16,5.7,15.0033,0.061308,0.058935,0.1109,0.1242,0.1114,-0.0741,-0.0645,0.12,0.008,0.04992992291520673,0.0528071150639244,0.13142344078486334,0.3799164183879547,1.0169549580407604,-0.008599999999999997,0.013300000000000006,0.009599999999999997,0.014341590612777066,,0.011297442703455583,0.0019064054902535228,,,-0.000295125,,,,,,-1.7598428835803064,,,0.04883648127460072,-0.029992107340173657,,,-0.32512023979572485,0.0506271169037803,0.05923207476735115,0.41174477338790894,0.28855174810715634,0.9757578458350509,0.8327945231529904,-2.1318873845879143,0.03293221274509373,,,,1.0522597454235025,,0.22013922035694122,-0.8656383671038252,
198002,113.66,5.75,15.1467,0.002611,-0.005574,0.12380000000000001,0.13570000000000002,0.1186,-0.0467,-0.0665,0.1286,0.0089,0.050589477388703154,0.05036790469516468,0.13326324124582087,0.3796206434404854,1.0319299302546516,-0.009999999999999995,0.011900000000000008,-0.019800000000000005,0.01413881748071999,,0.01082715684273943,0.001897618121490916,,,-0.00082116833,,,,,,-1.7146197679449342,,,0.046629183741168756,0.0273935448874425,,,-0.34271557959764476,0.03431113408750296,0.09290148317813873,0.42028045654296875,0.2834993151305401,0.9549699061780845,0.8207093277550632,-2.132411564908,0.0331541460814061,,,,1.0522597454235025,,0.19332461059093475,-0.693373381469851,
198003,102.09,5.8,15.29,-0.097518,-0.100096,0.12960000000000002,0.1445,0.1239,-0.0315,-0.0062,0.152,0.0121,0.05681261631893427,0.051029385887735354,0.14976981095112155,0.37933289731850883,1.0937321030862233,-0.0281,0.014899999999999969,0.0253,0.015209125475285079,,0.011877413210328735,0.004621894175955025,,,-0.00048460839,,,,,,-1.8745767265183426,,,0.04007622079854123,0.05095036958817323,,,-0.3056264540665351,0.034523071207881416,0.12365330755710602,0.4166908860206604,0.29585950572517283,0.8693463444857497,0.7471237044784634,-2.01865854963465,0.03653135403798043,,,,-0.007838652669818567,,0.2709425985813141,-0.8642619996537666,
198004,106.29,5.84667,15.1733,0.042394,0.039877,0.1204,0.1419,0.1076,0.1523,0.1376,0.132,0.0126,0.05500677392040643,0.057269761974728176,0.14275378680967163,0.3853261979925263,1.051819939784104,-0.024400000000000005,0.021500000000000005,-0.01469999999999999,0.011235955056179803,,0.01534776860506134,0.002745549270390353,,,-0.00026500098,,,,,,-1.712615535101479,,,0.017542935620367572,-0.007786988193921207,,,-0.22648486822977318,0.0029455887480198607,0.10909842699766159,0.4185267388820648,0.31213419956219657,0.9039874314037882,0.7768945516782352,-2.055219213647934,0.03259644772025319,,,,-0.332870139085668,,0.30391544103622437,-1.260324146404145,
198005,111.24,5.89333,15.0567,0.05556,0.046651,0.1099,0.1317,0.1037,0.0419,0.056,0.0858,0.008100000000000001,0.05297851492268968,0.05544576159563458,0.13535329018338726,0.3914091401170243,1.0100487747546572,0.0179,0.021800000000000014,0.014100000000000001,0.00987654320987641,,0.01505184717391791,0.0015097166273553737,,,-0.0001539688,,,,,,-1.6677689654468304,,,-0.009831907697492426,0.0,,,-0.2654810328575343,-0.04701669206305181,0.017424585297703743,0.42401131987571716,0.3194636376815832,0.9413723667905824,0.8090234857849197,-2.0968121605675347,0.030521135650225687,,,,0.5074490534797585,,0.323851615190506,-1.2762514865682768,
198006,114.24,5.94,14.94,0.029722,0.026895,0.1058,0.12710000000000002,0.1006,0.0359,0.0341,0.0707,0.0060999999999999995,0.051995798319327734,0.05339805825242719,0.13077731092436976,0.3975903614457832,0.9901834270439672,0.029899999999999996,0.021300000000000013,-0.001800000000000003,0.011002444987775029,,0.015304374891236249,0.0013710848425304825,,,0.00042031331,,,,,,-1.6152975885474994,,,-0.025300769944739177,0.0,,,-0.17854218860172547,-0.0101124926785508,0.0028380220755934715,0.4316212236881256,0.35120465473202334,0.9602584528235085,0.8252543500998383,-2.127567496020254,0.02342604776874912,,,,1.0522597454235025,,0.2670477330684662,-1.0262215672857045,
198007,121.67,5.98333,14.84,0.0682,0.06563,0.1107,0.1265,0.1074,-0.0476,-0.0429,0.0806,0.0053,0.049176707487466095,0.052375087535014006,0.1219692611161338,0.4031893530997304,0.918829919172048,0.02679999999999999,0.015799999999999995,0.004700000000000003,0.0,,0.020154028095569532,0.001362830978984467,,,0.00074901051,,,,,,-1.6907055070054253,,,-0.03481810538551233,-0.013924050632911356,,,-0.16232902220360812,0.05023678605578714,0.04829023778438568,0.39845871925354004,0.3675838261091935,0.999081373240189,0.889341066844157,-2.2015665523989876,0.027576685481151685,,,,1.0522597454235025,,0.21724465489387512,-0.9853743259176171,
198008,122.38,6.02667,14.74,0.013454,0.00603,0.1164,0.1315,0.114,-0.0432,-0.0445,0.0913,0.0064,0.049245546657950647,0.04953291690638613,0.12044451707795392,0.4088649932157395,0.921519638855231,0.022699999999999998,0.015100000000000002,-0.0012999999999999956,0.007255139056831839,,0.019950651796813202,0.001708158415822877,,,0.00081825021,,,,,,-1.7499955067204018,,,-0.034142064647780135,-0.04441591784338905,,,-0.1992387019853529,0.02447463122822789,0.048715315759181976,0.3871528208255768,0.36467305360558006,0.9646950513075141,0.8867452695635637,-2.2218265819306975,0.030771496196617863,,,,1.0522597454235025,,0.2418655902147293,-0.8092193955335516,
198009,125.46,6.07,14.64,0.027935,0.025155,0.1202,0.13699999999999998,0.1185,-0.0262,-0.0237,0.1027,0.0075,0.04838195440777938,0.04959960777904887,0.1166905786704926,0.4146174863387978,0.9216876514875271,0.015799999999999995,0.01679999999999998,0.0025000000000000022,0.008403361344537785,,0.02379681868296066,0.002657405722254182,,,0.00076540271,,,,,,-1.847599746991553,,,-0.020226980923978566,-0.03949489521762495,,,-0.14345529879353816,0.04873779250032594,0.015642423182725906,0.40270546078681946,0.3931056782262513,0.9567501564792676,0.8865836265094608,-2.25717356112461,0.032791411967792325,,,,1.0522597454235025,,0.28826504945755005,-0.7466115615852477,
198010,127.47,6.1,14.7,0.017809,0.014742,0.1231,0.1423,0.1231,-0.0263,-0.0159,0.1162,0.0095,0.047854397113046204,0.048621074446038574,0.11532125205930807,0.41496598639455784,0.9295936137762442,0.006900000000000003,0.01920000000000001,0.0104,0.00952380952380949,,0.022769955569282928,0.002190643465297316,,,0.0014456625,,,,,,-1.7231678828903418,,,-0.010042222296119618,0.006993006993007089,,,-0.1989488039392527,0.043816748872277565,0.04298359900712967,0.413382351398468,0.40934754899480197,0.9486132345547267,0.8790434534563089,-2.271127596515726,0.02951269347054964,,,,1.0522597454235025,,0.30827099084854126,-0.6305561617975901,
198011,140.52,6.13,14.76,0.10991,0.103015,0.1297,0.1464,0.123,0.01,0.0017,0.1373,0.0096,0.043623683461428975,0.04808974660704479,0.10503842869342442,0.4153116531165312,0.8651619787786659,-0.014300000000000007,0.016699999999999993,-0.0083,0.008254716981132004,,0.021949968628250396,0.002419071754673073,,,0.0013118477,,,,,,-1.814512961848994,,,0.00411840929549534,0.008055555555555483,,,-0.20560715080618966,0.011395511705427701,0.055076248943805695,0.4055989384651184,0.43786801908509426,0.9931711609026467,0.9445088903679757,-2.3728107652453803,0.0363984153438124,,,,1.0522597454235025,,0.3041883707046509,-0.6781600686886508,
198012,135.76,6.16,14.82,-0.030634,-0.033006,0.1321,0.1514,0.1199,0.0352,0.0248,0.1549,0.0131,0.04537418974661167,0.04383717620267577,0.10916322922804951,0.4156545209176788,0.8915030238902892,-0.035,0.01930000000000001,-0.010400000000000003,0.009356725146198785,,0.026817093504646283,0.0029515288363084363,,,0.0010201575,,,,,,-1.8050876352968968,,,0.008314109356704957,0.032791402590245156,,,-0.3095181258268784,0.04618039883534149,0.060887280851602554,0.40703117847442627,0.39485201391254193,0.9638261495545758,0.9166016924978606,-2.335711701203734,0.03725092082775371,,,,1.0522597454235025,,0.28371745347976685,-0.38443145889837255,
198101,129.55,6.2,14.74,-0.04337,-0.045036,0.1281,0.1503,0.1211,-0.0115,-0.013,0.1502,0.0104,0.04785796989579313,0.04566882734236889,0.11377846391354689,0.4206241519674356,0.9072386964645771,-0.0291,0.022199999999999998,-0.0014999999999999996,0.008111239860950192,,0.02869618632031698,0.0015974347758942668,,,0.00071058594,,,,,,-1.7694612296575105,,,-0.0005518383390867854,0.01707577374599789,,,-0.42264737256838336,0.010140012993225388,0.03460932523012161,0.39442917704582214,0.3885948802952111,0.9428480426798315,0.9007036227060948,-2.2919070846255503,0.04016656311717543,,,,1.0522597454235025,,0.27072322368621826,-0.90875122921332,
198102,131.27,6.24,14.66,0.021267,0.013492,0.1335,0.1537,0.1283,-0.0435,-0.0269,0.1479,0.010700000000000001,0.04753561362078159,0.048166730991895015,0.11167822046164393,0.4256480218281037,0.8818157565310184,-0.019600000000000006,0.020199999999999996,0.016599999999999997,0.010344827586207028,,0.030010117898388162,0.0015309090259574443,,,0.0007315691,,,,,,-1.6937429229088439,,,-0.0072533296278112225,-0.0031479538300104304,,,-0.637973720648048,0.004525113589701182,0.09135511517524719,0.4116346836090088,0.3841171142071319,0.970030556689128,0.9266711039269754,-2.316031211013048,0.031375833522886365,,,,1.0522597454235025,,0.2659573554992676,-0.9651722078933607,
198103,136.0,6.28,14.58,0.038285,0.035426,0.1333,0.1534,0.1248,0.0384,0.0311,0.1336,0.0121,0.0461764705882353,0.04784032909270968,0.10720588235294118,0.43072702331961593,0.9249205574426967,-0.008800000000000002,0.020100000000000007,-0.0072999999999999975,0.0068259385665527805,,0.027940014751002416,0.002075944392525937,,,0.0004488745,,,,,,-1.7577835872146617,,,-0.004605321676491414,0.0,,,-0.74018420184605,0.011286975316123502,0.09554709494113922,0.39530518651008606,0.3784755304502231,0.9888201572073048,0.9545212513074071,-2.356283175315711,0.03255109423987659,,,,1.0522597454235025,,0.24559402465820312,-0.8648703224861689,
198104,132.81,6.31667,14.7233,-0.020211,-0.021967,0.1388,0.15560000000000002,0.1332,-0.0518,-0.0769,0.1369,0.0108,0.04756170469091183,0.04644610294117647,0.11085987500941194,0.4290254222898399,0.9305938361312954,-0.003699999999999981,0.01680000000000001,-0.025099999999999997,0.006779661016949046,,0.027352014293356916,0.0008320025887164561,,,0.00041584798,,,,,,-1.802443114584995,,,-0.011435145575910077,-0.019210526315789345,,,-0.7415080260309314,0.02107904133203472,0.04395829886198044,0.3994872570037842,0.370857386743085,0.9743176602704946,0.9487021013597033,-2.327705560255228,0.03024898622566259,,,,1.0522597454235025,,0.21148400008678436,-0.8312690958340967,
198105,132.59,6.35333,14.8667,0.006539,-0.001124,0.1432,0.1595,0.1265,0.0622,0.0595,0.163,0.0115,0.04791711290444226,0.04783773812212935,0.11212534881966965,0.4273530776836823,0.9362238467355685,-0.036500000000000005,0.01630000000000001,-0.002700000000000001,0.007856341189674598,,0.028844616064872756,0.0009216880220973166,,,-3.1830472e-07,,,,,,-1.7433058730467135,,,-0.008139283622005777,-0.040783471961363116,,,-0.7382482681457324,0.013977671743921793,0.024358155205845833,0.4085245132446289,0.3622951921684421,0.9684585713588204,0.9429970523913663,-2.3200429184987046,0.029122272849228532,,,,0.27240373221137537,,0.18365724384784698,-0.7575616578775446,
198106,131.21,6.39,15.01,-0.008255,-0.01118,0.1375,0.158,0.1304,-0.0179,0.0023,0.14730000000000001,0.013500000000000002,0.04870055636003353,0.048193679764688135,0.1143967685389833,0.4257161892071952,0.9504749815739907,-0.016900000000000026,0.02049999999999999,0.0202,0.008908685968819663,,0.02789343212226242,0.0009955427968781083,,,-5.7027074e-05,,,,,,-1.7901623904417605,,,-0.00547285979405876,-0.003076923076923088,,,-0.6995703834490008,0.004356053344902289,0.027971969917416573,0.41464564204216003,0.30053466249816035,0.9539377960060544,0.9288580393648378,-2.294450746287061,0.030729104119982368,,,,-1.3511834896718364,,0.14994430541992188,-0.9216080841859787,
198107,130.92,6.43333,15.0967,0.000714,-0.000946,0.1438,0.1617,0.137,-0.0353,-0.0372,0.1495,0.0124,0.04913939810571342,0.04903079033610243,0.11531240452184542,0.4261414746269052,0.9749669235777139,-0.012499999999999983,0.0179,-0.001899999999999999,0.011037527593819041,,0.025590218347198223,0.001102989117198115,,,-0.000324294,,,,,,-1.6656469605180249,,,-0.0013507198521969244,-0.021604938271605034,,,-0.35773655692605905,0.015980174477627094,0.05622928962111473,0.4209006428718567,0.2951092859459764,0.9299741223573068,0.9055243890843396,-2.293591664116951,0.028117901480557185,,,,-1.9120636657902248,,0.16971968114376068,-1.0036810320759297,
198108,122.79,6.47667,15.1833,-0.05554,-0.063659,0.1489,0.1634,0.1445,-0.0386,-0.0345,0.1551,0.0128,0.05274590764720254,0.049470439963336395,0.12365257757146346,0.42656537116437143,1.0533540562923298,-0.010599999999999998,0.014499999999999985,0.0040999999999999995,0.007641921397379958,,0.02699174220189039,0.0018249380774940434,,,-0.00080864017,,,,,,-1.6688434311675349,,,-0.005005635315422197,0.0037281330656726563,,,-0.5512543169683193,-0.003930430660423157,-0.00716599402949214,0.4442795515060425,0.2899993476984102,0.860768517162248,0.8381382523533327,-2.2295195066181592,0.02919124673374293,,,,-2.450069990964551,,0.21238481998443604,-1.0726286247106136,
198109,116.18,6.52,15.27,-0.050466,-0.0535,0.1549,0.16920000000000002,0.1482,-0.0145,-0.0199,0.147,0.0124,0.05611981408159752,0.05309878654613567,0.13143398175245308,0.426981008513425,1.092378644203393,0.0012000000000000066,0.014300000000000007,-0.0054,0.009750812567713929,,0.02148337121534582,0.0027611735209557885,,,-0.0005421827,,,,,,-1.7487610973749785,,,-0.012236985386396615,0.0,,,-0.5927433913974914,0.004219918526217696,0.06314636766910553,0.4370540380477905,0.28897381798330646,0.8300180655241444,0.8081962536845108,-2.171791280115955,0.027279452464375954,,,,-2.685335776515435,,0.2853822112083435,-1.2821309859572927,
198110,121.89,6.55667,15.3,0.052115,0.048694,0.154,0.1711,0.1384,0.0829,0.0521,0.1354,0.0121,0.05379169743211092,0.056435444999139266,0.12552301255230125,0.428540522875817,1.0890856841240983,0.0030000000000000027,0.017100000000000004,-0.0308,0.0021459227467810482,,0.014897108481222067,0.00207825162750359,,,-0.0008184993,,,,,,-1.6868316138462067,,,-0.022553996126765785,0.0,,,-0.6922330129305139,-0.024434626007277943,0.12154194712638855,0.4236854910850525,0.2998427013686282,0.8325277086079781,0.8106399163259483,-2.2163316105479582,0.029753613027854325,,,,-2.685335776515435,,0.3109005093574524,-1.124595595778539,
198111,126.35,6.59333,15.33,0.043827,0.035918,0.1422,0.16390000000000002,0.122,0.141,0.1267,0.10859999999999999,0.010700000000000001,0.052183062920459045,0.05409246041512839,0.12132963988919668,0.43009328114807566,1.04445544331706,0.013400000000000009,0.021700000000000025,-0.01429999999999998,0.0032119914346895317,,0.015672829790261047,0.0015040033080940642,,,-0.0010171618,,,,,,-1.6707157796822862,,,-0.03664104204826657,0.0,,,-0.7472756677694509,-0.027573062137854498,0.08214766532182693,0.42265814542770386,0.3069198630499196,0.8681021434500269,0.8452790719787011,-2.2349071589461382,0.029069558166243507,,,,-2.685335776515435,,0.2813183665275574,-0.9962508203539812,
198112,122.55,6.63,15.36,-0.027059,-0.029745,0.1423,0.1655,0.1334,-0.0713,-0.058,0.1085,0.0087,0.054100367197062425,0.052473288484368816,0.12533659730722155,0.431640625,1.0611428571428572,0.02489999999999999,0.0232,0.0133,0.0032017075773744796,,0.011909648482442949,0.000905797546140938,,,-0.0012794664,,,,,,-1.5600649084803349,,,-0.04972352385497247,0.0,,,-0.7863427228133797,-0.04207634069901361,0.038292236626148224,0.4586088955402374,0.32768177750699684,0.8544504662858259,0.831986307882476,-2.2053214830493038,0.025380494449554196,,,,-2.685335776515435,,0.22650936245918274,-0.8218486493703545,3.8664350509643555
198201,120.4,6.66,15.1767,-0.015367,-0.016874,0.1518,0.171,0.1415,0.0046,-0.0129,0.12279999999999999,0.008,0.0553156146179402,0.05434516523867809,0.12605232558139534,0.4388305758168772,1.0658936976236941,0.018699999999999994,0.019200000000000023,-0.0175,0.0031914893617019935,,0.010700480469359012,0.0025219329309988754,,,-0.001882769,,,,,,-1.6393215759374749,,,-0.07297360121681251,-0.008571428571428452,,,-0.6850716830263047,0.007685754999045307,0.12549422681331635,0.44185295701026917,0.30759285328270536,0.8506420584932377,0.8282780260530569,-2.2072485302947644,0.024204559036753455,,,,-2.685335776515435,,0.25368809700012207,-0.9374894109371377,2.870483636856079
198202,113.11,6.69,14.9933,-0.050441,-0.059588,0.1527,0.1718,0.1402,0.0182,0.0312,0.1348,0.0092,0.05914596410573778,0.055564784053156145,0.13255503492175758,0.44619930235505195,1.12628731546962,0.005399999999999988,0.019100000000000006,0.012999999999999998,0.0031813361611876534,,0.010506097392072223,0.0019182314667197345,,,-0.0020617645,,,,,,-1.5694993869120537,,,-0.055199575445552096,-0.032276657060518854,,,-0.6408653560998279,-0.01713274637751503,0.00429333234205842,0.45953887701034546,0.29652968351051984,0.8050290513158538,0.7838642198345536,-2.1555504582345484,0.026519401951434173,,,,-2.685335776515435,,0.2658205032348633,-0.9026975725166101,2.6726207733154297
198203,111.96,6.72,14.81,-0.006805,-0.010463,0.1458,0.16820000000000002,0.1387,0.0231,0.0306,0.1268,0.0098,0.06002143622722401,0.05941119264432853,0.1322793854948196,0.45374746792707626,1.1857505742795678,0.011899999999999994,0.022400000000000003,0.0075,-0.0010570824524311906,,0.005548429018929637,0.0017952261174560232,,,-0.0018891454,,,,,,-1.58230387482231,,,-0.06424619639333651,-0.03186420488385944,,,-0.5263792089700907,0.01374032861457826,0.00697885500267148,0.4610348641872406,0.27643301071222093,0.8034470973097017,0.7823238566131026,-2.1526384739023903,0.02806533082935976,,,,-2.685335776515435,,0.2487993687391281,-0.9465757310204052,2.8654143810272217
198204,116.44,6.75,14.5967,0.04155,0.040063,0.1446,0.1678,0.1348,0.0373,0.0338,0.127,0.0113,0.057969769838543454,0.06028938906752412,0.12535812435589144,0.4624332897161687,1.1499834975717855,0.007800000000000001,0.0232,-0.003500000000000003,0.004232804232804366,,0.0029236830844697505,0.0012468205217251594,,,-0.0019337418,,,,,,-1.5299644248704416,,,-0.07589785414186778,-0.019686250384497006,,,-0.42313409499356724,-0.005695758481792873,0.024005640298128128,0.45325684547424316,0.2717550049290002,0.8383086789395152,0.8066558904630597,-2.206467903942856,0.025871057929915127,,,,-2.685335776515435,,0.22188939154148102,-0.695181720687085,2.9021670818328857
198205,111.88,6.78,14.3833,-0.029505,-0.039834,0.1426,0.1664,0.1358,0.0034,0.0245,0.1209,0.0106,0.06060064354665714,0.0582274132600481,0.12856006435466572,0.47138000319815343,1.1904238963320888,0.01490000000000001,0.023799999999999988,0.0211,0.009483667017913477,,-0.0009581820914277535,0.000854815583077439,,,-0.0021173595,,,,,,-1.5033897703498498,,,-0.08494977571739293,0.004079071226859021,,,-0.31707123727899544,-0.05323897504100736,0.009410918690264225,0.4788036644458771,0.24778641377859056,0.8098301366614294,0.7792526385851478,-2.17904841811311,0.021758884711486792,,,,-2.685335776515435,,0.2083282768726349,-0.4508566081541958,3.1222221851348877
198206,109.61,6.81,14.17,-0.015779,-0.018934,0.1481,0.16920000000000002,0.1412,-0.0223,-0.0468,0.1247,0.0096,0.0621293677584162,0.06086878798712907,0.12927652586442842,0.4805928016937191,1.2015814171172392,0.016499999999999987,0.021100000000000008,-0.0245,0.012526096033403045,,0.0012130358734572407,0.001490292574498379,,,-0.0021779315,,,,,,-1.522958632707921,,,-0.08992493457222528,0.0,,,-0.27765384502740237,-0.04438373851502791,0.03009306825697422,0.4767351746559143,0.3208369339197943,0.8464746296354214,0.7720167348103071,-2.179457942337716,0.021106159603411313,,,,-2.685335776515435,,0.23430730402469635,-0.5495051953342284,3.666175603866577
198207,107.09,6.82333,13.9667,-0.020199,-0.022058,0.1461,0.168,0.1352,0.0501,0.054,0.11349999999999999,0.0105,0.06371584648426558,0.06225098074993158,0.1304202073022691,0.4885427481079998,1.2065298046005442,0.021699999999999997,0.021900000000000003,0.0039000000000000007,0.005154639175257714,,-0.011551892268046463,0.0009585831109484026,,,-0.0020625268,,,,,,-1.5303507726072743,,,-0.09558165360582027,0.0,,,-0.33206433787642703,-0.03087982273630046,0.049984466284513474,0.4715145528316498,0.3096200772831335,0.8479624153191132,0.7688504326328801,-2.1675832472244063,0.021285706037244924,,,,-2.685335776515435,,0.2069191187620163,-0.7100702996147781,3.691903829574585
198208,119.51,6.83667,13.7633,0.127402,0.116647,0.1371,0.1632,0.1254,0.0781,0.0837,0.0868,0.0076,0.05720584051543803,0.06384041460453824,0.11516442138733159,0.49673188842792065,1.0824244710476973,0.03860000000000001,0.026100000000000012,0.005599999999999994,0.002051282051282133,,-0.0028576349855145068,0.006415933083300354,,,-0.002222557,,,,,,-1.706772744194438,,,-0.10711323259914174,0.0,,,-0.27120074293055696,-0.05448990660843853,0.12625768780708313,0.4524792730808258,0.33229800908992463,1.0,0.8570029476086336,-2.284142885804808,0.02510767726968236,,,,-2.1388080216979555,,0.3496261537075043,-0.8915099221937732,3.848766565322876
198209,120.42,6.85,13.56,0.010496,0.007717,0.1294,0.1563,0.1183,0.0618,0.0623,0.07919999999999999,0.0051,0.05688423849858827,0.05731737929880344,0.11260587942202292,0.5051622418879056,1.0885355648535564,0.03910000000000001,0.026900000000000007,0.0005000000000000004,0.0020470829068577334,,0.0005507077905875811,0.0021312943337496964,,,-0.0018631355,,,,,,-1.678611270240745,,,-0.11193882651564113,0.010937500000000044,,,-0.2834878653195323,-0.019399612085238657,0.01740923523902893,0.45216548442840576,0.32176055813115595,0.9587714887835771,0.8521916896453361,-2.3002211506402475,0.02609699178678934,,,,-0.28508409324325307,,0.3495485782623291,-0.588172912442865,3.516157388687134
198210,133.71,6.85667,13.2533,0.113863,0.111235,0.12119999999999999,0.14730000000000001,0.1112,0.0634,0.0759,0.0771,0.0059,0.051280158552090345,0.056939627968775955,0.09911973674369905,0.5173556774539172,0.9837454120114548,0.03409999999999999,0.026100000000000026,0.012499999999999997,0.003064351378958108,,0.006557831522390759,0.006125907932488135,,,-0.0018347028,,,,,,-1.9321438640584825,,,-0.12401936857577534,0.02380216383307565,,,-0.14962770734099637,0.0035702795995935246,-0.001052569947205484,0.42314109206199646,0.32664496017894723,0.956354028042971,0.9429685271465247,-2.414975573228576,0.02853089916506986,,,,1.0522597454235025,,0.403433620929718,-0.46372261925184205,3.5582544803619385
198211,138.54,6.86333,12.9467,0.045754,0.037554,0.1168,0.14300000000000002,0.1125,-0.0002,0.0201,0.08070000000000001,0.0063,0.049540421538905734,0.0513299678408496,0.09345098888407681,0.5301219615809435,0.9387268108690633,0.031799999999999995,0.026200000000000015,0.0203,-0.0020366598778004397,,0.000958156229536627,0.005491649538205298,,,-0.0018583802,,,,,,-1.9685206214133242,,,-0.12962221854911427,-0.01449275362318836,,,-0.16651055469791554,-0.023411093632912824,0.10047061741352081,0.4338044822216034,0.33633211032374893,0.9754009892162291,0.9754009892162291,-2.4706158844928297,0.02997718493698924,,,,1.0522597454235025,,0.40101075172424316,-0.5191438119829032,3.7213339805603027
198212,140.64,6.87,12.64,0.016835,0.014676,0.1183,0.1414,0.1095,0.0312,0.0108,0.0794,0.0067,0.0488481228668942,0.04958856647899524,0.08987485779294654,0.5435126582278481,0.9322147266229671,0.030100000000000002,0.023099999999999996,-0.020399999999999998,-0.004081632653061273,,0.002990051314931505,0.0024902382986414116,,,-0.0013463488,,,,,,-1.7850114732121498,,,-0.13906692557866762,-0.023590686274509776,,,-0.19500765003280268,0.04616204176316241,0.0434483177959919,0.44848260283470154,0.3226184261819436,0.9775722759329317,0.9775722759329317,-2.5095443056351807,0.02935974492161252,,,,1.0522597454235025,,0.3775956332683563,-0.24059909921939238,3.818491220474243
198301,145.3,6.88333,12.5667,0.035293,0.033317,0.11789999999999999,0.1394,0.1113,-0.0309,-0.0094,0.0786,0.0069,0.047373227804542326,0.04894290386803186,0.08648795595320027,0.5477436399372946,0.9069443153295529,0.03269999999999999,0.021500000000000005,0.0215,0.002049180327868827,,0.002194763305150812,0.00328085735874905,,,-0.0013635098,,,,,,-1.9014158869972122,,,-0.12294435337807519,-0.01882648258550368,,,-0.2315899312675809,0.046472373039303704,0.04224059358239174,0.4300607442855835,0.30921409639082637,0.9847576326269054,0.9847576326269054,-2.547233390758956,0.031977975081447965,,,,1.0522597454235025,,0.3393908143043518,-0.6797476635616797,4.032379627227783
198302,148.06,6.89667,12.4933,0.025733,0.018539,0.1201,0.13949999999999999,0.106,0.0492,0.0428,0.08109999999999999,0.0062,0.04658023774145617,0.04746503785271851,0.08437998108874781,0.5520294878054638,0.8768492387337996,0.024900000000000005,0.019399999999999987,-0.006400000000000003,0.0010224948875257045,,0.00035587552202778094,0.001911641742990084,,,-0.0013809871,,,,,,-1.816882646481229,,,-0.13157661731746906,-0.048608890310201436,,,-0.1643683895127901,-0.016163437037738978,0.006154571194201708,0.4480988085269928,0.2936187829910785,0.9918078819051354,0.9918078819051354,-2.5742594022873155,0.028733734962835253,,,,1.0522597454235025,,0.2682473063468933,-0.7063614164839027,4.726348876953125
198303,152.96,6.91,12.42,0.03547,0.032459,0.1173,0.1361,0.1083,-0.0094,0.0072,0.08349999999999999,0.0063,0.04517520920502092,0.04667026880994191,0.08119769874476987,0.5563607085346216,0.7800677858109962,0.024800000000000003,0.018799999999999997,0.0166,0.0,,0.005993539105168262,0.0015718209510334202,,,-0.0012148534,,,,,,-1.7615160181155414,,,-0.12550537724785737,-0.005042016806722671,,,-0.18443641281232764,0.008556840429753809,0.06345819681882858,0.4512648284435272,0.29549805427782994,0.9861506239636966,0.9861506239636966,-2.610804201410358,0.029324711033910995,,,,1.0522597454235025,,0.2620672583580017,-0.4815312207660203,4.881790637969971
198304,164.42,6.92,12.4767,0.075719,0.074655,0.1151,0.1329,0.1051,0.035,0.0548,0.0821,0.0070999999999999995,0.042087337306896976,0.045240585774058574,0.07588310424522564,0.5546338374730498,0.7188876202903278,0.022999999999999993,0.017799999999999996,0.019799999999999998,0.007150153217568844,,0.006626845551574362,0.0014237504806373855,,,-0.00087060688,,,,,,-1.8038863370803246,,,-0.11525481968946849,0.04054054054054057,,,-0.13568017898824267,0.025782013631109123,0.08465124666690826,0.4351493716239929,0.30431854037243006,1.0,1.0,-2.6775011726804783,0.025449384776593812,,,,1.0522597454235025,,0.22181293368339539,-0.4390218890613169,4.497604846954346
198305,162.39,6.93,12.5333,-0.005687,-0.0121,0.11460000000000001,0.1309,0.1112,-0.0386,-0.0324,0.0819,0.0069,0.04267504156659893,0.042148157158496534,0.07718024508898332,0.552927002465432,0.7345955765929432,0.029299999999999993,0.01629999999999998,0.006200000000000004,0.006085192697768749,,0.010428915836832964,0.0010846140337725338,,,-0.0006398717,,,,,,-1.8779159108180932,,,-0.11156529544485672,-0.016233766233766267,,,-0.04136826280926453,0.0071306066315718975,0.0325276143848896,0.41793400049209595,0.3121744329516656,0.9735435140638818,0.9735435140638818,-2.660370519350526,0.029759023729252924,,,,1.0522597454235025,,0.20678934454917908,-0.385172359091637,4.454033851623535
198306,168.11,6.94,12.59,0.03697,0.033719,0.1174,0.13369999999999999,0.1119,0.0039,-0.0046,0.08789999999999999,0.0067,0.04128249360537743,0.042736621713159686,0.0748914401284873,0.551231135822081,0.7213820419653671,0.024000000000000007,0.01629999999999998,-0.0085,0.003024193548387011,,0.01582655469500989,0.0013991485619085978,,,-0.00082781209,,,,,,-1.8559966196407527,,,-0.10777956945777989,0.034653465346534684,,,-0.13629096992350345,0.04127193133302745,0.06350072473287582,0.42295506596565247,0.34835229864416506,0.978899303052151,0.978899303052151,-2.694723429062941,0.03163825366986528,,,,1.0522597454235025,,0.20272289216518402,-0.37949034698213713,4.530948638916016
198307,162.56,6.96,12.8267,-0.031238,-0.032321,0.1215,0.13390000000000002,0.1198,-0.0486,-0.0455,0.0908,0.0074,0.04281496062992126,0.04140146332758313,0.07890440452755906,0.5426181324892606,0.7350611230633245,0.028999999999999998,0.012400000000000022,0.0030999999999999986,0.004020100502512669,,0.02538021119709014,0.002292824586681619,,,-0.0012450162,,,,,,-1.917819476505842,,,-0.0953139317754852,0.019138755980861122,,,0.06604923032688773,0.02846213732749162,0.002047845395281911,0.4164085388183594,0.3467389346972393,0.9606825282384043,0.9606825282384043,-2.6472958206849304,0.03442667595920934,,,,1.0522597454235025,,0.2469751238822937,-0.34497187431650705,4.302296161651611
198308,164.4,6.98,13.0633,0.015864,0.009484,0.1251,0.1364,0.121,0.002,0.0051,0.0934,0.0076,0.04245742092457421,0.04293799212598425,0.07946046228710461,0.5343213429990891,0.7248223917905539,0.0276,0.011300000000000004,0.0031000000000000003,0.0030030030030030463,,0.019474633933904667,0.00136904533629939,,,-0.0013006754,,,,,,-1.7544079237258072,,,-0.08586880846604394,-0.009389671361502372,,,0.016425338525906854,0.023478902481964024,0.052968829870224,0.43572139739990234,0.3240495055482768,0.9742529840583194,0.9742529840583194,-2.6444842127012973,0.03266311648790561,,,,1.0522597454235025,,0.24334470927715302,-0.48137591831010995,4.403139591217041
198309,166.07,7.0,13.3,0.014105,0.010838,0.12369999999999999,0.1355,0.1157,0.0505,0.0392,0.09,0.0076,0.04215090022279762,0.04257907542579075,0.08008671042331547,0.5263157894736842,0.7148475829798966,0.0257,0.011800000000000019,-0.011300000000000004,0.004990019960079861,,0.02317839540459575,0.0010572930552615913,,,-0.0018284324,,,,,,-1.7450348593142664,,,-0.0737387690700122,-0.03791469194312791,,,0.1114090869216159,0.03994718209283712,0.030127540230751038,0.4560905694961548,0.34492871597185765,0.9780768895198967,0.9780768895198967,-2.6348441432890293,0.03229716518990258,,,,1.0522597454235025,,0.2500396966934204,-0.5234288870401284,4.360991954803467
198310,163.55,7.03,13.5433,-0.013108,-0.014695,0.1225,0.1346,0.1188,-0.0132,-0.0025,0.0864,0.0076,0.04298379700397432,0.04233154693803818,0.08280831549984714,0.5190758530048069,0.7194743715311785,0.0324,0.0121,0.0107,0.002979145978152964,,0.024744376372381114,0.0011153554700984044,,,-0.0017022483,,,,,,-1.7841374857700363,,,-0.06842803319623814,-0.006568144499178974,,,0.20753748431564462,0.07994077449792568,0.01757744699716568,0.4503566026687622,0.34410208396857844,0.9537228038765422,0.9537228038765422,-2.600439878864753,0.03295665467680342,,,,1.0522597454235025,,0.19292975962162018,-0.485008296658171,4.345328330993652
198311,166.4,7.06,13.7867,0.023846,0.017363,0.1241,0.1361,0.1176,0.0183,0.0142,0.0876,0.006999999999999999,0.04242788461538461,0.04316722714766126,0.08285276442307692,0.5120877367317777,0.6908198931051237,0.03,0.011999999999999997,-0.0040999999999999995,0.001980198019801982,,0.026636828011107165,0.0008363031121382397,,,-0.0015962358,,,,,,-1.7465267955991295,,,-0.06628006840161182,-0.02082644628099173,,,0.21739526897206174,0.05333851477195921,0.03678607568144798,0.45965954661369324,0.35451591363087404,0.9913144810441268,0.9913144810441268,-2.60124715962764,0.029469808151083146,,,,1.0522597454235025,,0.18046633899211884,-0.5473507710885995,4.218099117279053
198312,164.93,7.09,14.03,-0.005749,-0.008699,0.1257,0.1375,0.1197,-0.0059,-0.0033,0.09,0.0073,0.04298793427514703,0.04260817307692307,0.08506639180258291,0.5053456878118318,0.7003591177779189,0.029700000000000004,0.011800000000000005,0.0026,0.0009881422924900019,,0.027056895354317316,0.000528114394434786,,,-0.0016937271,,,,,,-1.6875414226421075,,,-0.06356955697197897,0.0010128291694799785,,,0.12432697580160809,0.02204048489939587,0.036006275564432144,0.47454342246055603,0.35468120083755444,0.9778123057799876,0.9778123057799876,-2.5761329223976968,0.026177797997463493,,,,0.8061903230793789,,0.1552457958459854,-0.3917431536799716,3.5167956352233887
198401,163.41,7.12,14.44,-0.003898,-0.005657,0.122,0.1365,0.118,0.0244,0.027,0.08900000000000001,0.0076,0.04357138486016768,0.04316982962468926,0.08836668502539624,0.4930747922437673,0.7221976437431386,0.028999999999999984,0.014500000000000013,0.002599999999999998,0.005923000987166915,,0.030736004382714836,0.0007946061413828746,,,-0.0020953326,,,,,,-1.7635050547111089,,,-0.04610056986189681,0.020910623946037044,,,0.1511581295229754,0.04711910786368326,0.04637943580746651,0.435090035200119,0.31809667717154444,0.948244251087632,0.948244251087632,-2.5366381540686223,0.02630832355988697,,,,-0.8156995767608692,,0.1440477967262268,-0.5047004483936336,3.585132360458374
198402,157.06,7.15,14.85,-0.034034,-0.039505,0.1208,0.1359,0.1217,-0.0178,-0.0172,0.0909,0.0070999999999999995,0.04552400356551636,0.043754972155926816,0.09454985355914937,0.4814814814814815,0.7634480309709604,0.030800000000000008,0.015099999999999988,0.0005999999999999998,0.004906771344455274,,0.026701752071721718,0.0020194764655988057,,,-0.0019284684,,,,,,-1.8157816815919408,,,-0.04400688135333031,0.01156260323752889,,,0.18335339468809264,0.05328062949222304,0.01740340329706669,0.4227210283279419,0.31312302152070765,0.8970090118085768,0.8970090118085768,-2.470527125195429,0.026789417371556684,,,,-2.450069990964551,,0.1969028264284134,-0.5699950980440122,3.089792251586914
198403,159.18,7.18,15.26,0.017295,0.013714,0.1257,0.1399,0.1253,-0.0156,-0.0235,0.09519999999999999,0.0073,0.0451061691167232,0.04571501337068636,0.09586631486367633,0.47051114023591084,0.7624754268643391,0.030100000000000002,0.01419999999999999,-0.0079,0.001953124999999778,,0.024104938638959267,0.0013545875422403503,,,-0.0020079516,,,,,,-1.6477167427026522,,,-0.04140955984009276,0.005878510777269641,,,0.23835287349610332,0.09605310714220858,0.01922883279621601,0.46334514021873474,0.3301434791648115,0.9049798011187073,0.9049798011187073,-2.460982365810802,0.02731951319151751,,,,-2.450069990964551,,0.23025520145893097,-0.7544360336154619,3.1968626976013184
198404,160.05,7.22333,15.5733,0.006781,0.005229,0.1281,0.1431,0.1284,-0.0105,-0.0073,0.0969,0.008100000000000001,0.04513170884098719,0.0453783766804875,0.09730271790065603,0.4638278335356026,0.758658979286782,0.031499999999999986,0.015000000000000013,0.0032000000000000006,0.004873294346978474,,0.022681953106664526,0.0010355281559590913,,,-0.0019147215,,,,,,-1.6156217053372401,,,-0.03779275651134206,-0.017857142857142905,,,0.11721779446770911,0.019098089122422834,0.027041230350732803,0.47560447454452515,0.33299166596817603,0.9095323182100683,0.9095323182100683,-2.448866281048774,0.02273256941840808,,,,-2.1773412738513422,,0.24661049246788025,-0.5707023613882086,3.157548666000366
198405,150.55,7.26667,15.8867,-0.053131,-0.059544,0.1328,0.1474,0.1381,-0.0516,-0.0483,0.0983,0.0078000000000000005,0.04826748588508801,0.045402499218994065,0.1055244104948522,0.4574058803905154,0.8039100330361588,0.0398,0.014600000000000002,0.0032999999999999974,0.0029097963142581396,,0.02151412822933919,0.0009330502581398526,,,-0.0017415154,,,,,,-1.6590063826518753,,,-0.03465854828678294,0.01983471074380172,,,0.1216521890150341,0.03840366472098186,0.03761889040470123,0.4779925048351288,0.3523852189781328,0.8583359229334989,0.8583359229334989,-2.3746523585710535,0.02092899911641035,,,,-2.685335776515435,,0.21754269301891327,-0.6783528593714073,3.1897671222686768
198406,153.18,7.31,16.2,0.022937,0.018709,0.1355,0.1505,0.1374,0.015,0.0199,0.0987,0.0075,0.04772163467815641,0.04855529724344071,0.10575793184488835,0.45123456790123456,0.7843518191451784,0.0387,0.014999999999999986,0.004900000000000002,0.0029013539651836506,,0.0013040592483577263,0.0016757626844657043,,,-0.0018792426,,,,,,-1.6063854459561346,,,-0.03327230789132418,-0.03565640194489472,,,0.23541700730603698,-0.0037083747180635313,0.07686525583267212,0.4771900475025177,0.33559172548867655,0.879738968303294,0.879738968303294,-2.3737636038597882,0.022803735242763544,,,,-2.1773412738513422,,0.22859784960746765,-0.7530973946812374,3.1172523498535156
198407,150.66,7.33333,16.32,-0.013765,-0.015641,0.1344,0.1515,0.1293,0.0693,0.0586,0.1012,0.008199999999999999,0.04867469799548653,0.04787393915654785,0.10832337714058145,0.44934620098039213,0.796391937450685,0.0281,0.017100000000000004,-0.010700000000000001,0.0038572806171648377,,-0.001862145070793199,0.0008656575812999651,,,-0.0013404002,,,,,,-1.5346047523980388,,,-0.03277684960883942,-0.07058823529411773,,,0.1983373557638242,0.028983186458984015,0.0037280006799846888,0.49553805589675903,0.3329208504651345,0.866438781852082,0.866438781852082,-2.3480327022559218,0.02372752313509356,,,,-2.685335776515435,,0.2085665613412857,-0.8646288725572492,3.09600830078125
198408,166.68,7.35667,16.44,0.112438,0.105753,0.12869999999999998,0.1463,0.127,0.0266,0.0307,0.1047,0.0083,0.04413648908087353,0.048829616354705965,0.09863210943124551,0.4474860097323601,0.7254283800780803,0.0223,0.017600000000000032,0.004100000000000003,0.003842459173871271,,-0.0031008349370629015,0.003126832775650037,,,-0.0014445113,,,,,,-1.702441374484809,,,-0.03401412387975977,0.05967450271247743,,,0.2185359531777684,0.006597916801806816,0.08789680153131485,0.46801725029945374,0.36521266707562183,0.9511963952765693,0.9511963952765693,-2.4360950985285523,0.02567931022470356,,,,-0.3106275544959503,,0.2696905732154846,-0.790921956479032,3.056874990463257
198409,166.1,7.38,16.56,-6.4e-05,-0.003292,0.1266,0.1435,0.1235,0.0342,0.0314,0.10369999999999999,0.0086,0.044431065623118604,0.04427645788336933,0.09969897652016857,0.4456521739130435,0.7360509152986219,0.019800000000000012,0.0169,-0.002800000000000004,0.004784688995215225,,-0.009492546952056395,0.0009432266533043899,,,-0.0014075399,,,,,,-1.5837770816018484,,,-0.03924264726686033,0.011945392491467421,,,0.25689059186256025,-0.0003501580896548958,0.020437756553292274,0.47675925493240356,0.3501515778236838,0.9374689247980111,0.9374689247980111,-2.4235606652957,0.025787229800858583,,,,0.5258830470537221,,0.25802597403526306,-0.5874487241230026,3.076653480529785
198410,166.09,7.43,16.5867,0.003331,0.000216,0.1263,0.1394,0.1173,0.0561,0.0572,0.0974,0.01,0.04473478234692034,0.04473208910295003,0.09986573544463845,0.4479492605521291,0.7356424655038182,0.0199,0.0131,0.0011000000000000038,0.0028571428571428914,,-0.01352848253889278,0.0012918483265148576,,,-0.0018743573,,,,,,-1.5532772787768865,,,-0.041611985984681965,-0.038785834738617186,,,0.28589277614767555,-0.02082606720646766,0.06439267098903656,0.49837371706962585,0.34124704678552803,0.9379894344313239,0.9379894344313239,-2.418684878001999,0.02543859864795084,,,,-0.26270585318931783,,0.2732190787792206,-0.5904719281070293,3.0711371898651123
198411,163.58,7.48,16.6133,-0.009841,-0.01495,0.1229,0.1348,0.1169,0.0118,0.0212,0.0861,0.0073,0.045726861474507885,0.04503582395087001,0.10156070424257242,0.4502416738396346,0.7470519958955035,0.030800000000000008,0.011900000000000008,0.0094,0.0,,-0.02187720659997581,0.001020289487323581,,,-0.001626786,,,,,,-1.5218128157362227,,,-0.04050406189783473,-0.04210526315789476,,,0.39725539984462716,0.01658157902066762,0.011952870525419712,0.5080653429031372,0.3239642322564766,0.9240657837468134,0.9236637663144811,-2.3965805985352957,0.025864060075057215,,,,-0.7621995668319381,,0.23168985545635223,-0.49724996634909235,3.0865979194641113
198412,167.24,7.53,16.64,0.025556,0.021843,0.1213,0.134,0.117,0.0091,0.0128,0.0806,0.0064,0.0450251136091844,0.046032522313241224,0.09949772781631189,0.45252403846153844,0.7330983764867074,0.0364,0.012700000000000003,0.0037,0.0,,-0.027196788219124485,0.001190105415635095,,,-0.0011276635,,,,,,-1.5073917067210245,,,-0.04243322516200898,-0.03296703296703307,,,0.43580629518075775,-0.014368738518229122,0.0983981266617775,0.5045493841171265,0.3262858823029601,0.9416542311757755,0.9412445618396519,-2.416474876007384,0.022401183568407854,,,,-0.5269337812810542,,0.2546752095222473,-0.1053847964057908,3.0255770683288574
198501,179.63,7.57333,16.5567,0.076868,0.074737,0.1208,0.1326,0.1127,0.0364,0.0325,0.0776,0.006500000000000001,0.04216071925624896,0.045284202343936854,0.0921711295440628,0.4574178429276366,0.6902554458061658,0.03509999999999999,0.011799999999999991,-0.0039000000000000007,0.0018993352326686086,,-0.029905004554313382,0.0016358206503329523,,,-0.0015489468,,,,,,-1.6615818842362364,,,-0.04485267469333909,-0.0018939393939393367,,,0.5264068677642082,0.041227137390855505,0.054027099162340164,0.4677504897117615,0.34884947949150746,0.9954743079946157,0.9954743079946157,-2.4918859182173536,0.025733764605551733,,,,-0.018939278616962662,,0.2710374891757965,-0.7379143256420975,3.0597548484802246
198502,181.19,7.61667,16.4733,0.014166,0.008886,0.1213,0.1323,0.1209,-0.0493,-0.0373,0.0827,0.0058,0.04203692256747061,0.04240199298558148,0.09091726916496494,0.46236455355029055,0.6917391609099618,0.0382,0.010999999999999996,0.011999999999999997,0.004739336492890933,,-0.024518914198169386,0.0007452963352440764,,,-0.0015429552,,,,,,-1.674759188756034,,,-0.04434882251498351,0.007590132827324458,,,0.45011937563452314,0.008862243507524922,0.053319137543439865,0.4722447097301483,0.35703774797803745,0.9892828525641025,0.9892828525641025,-2.506749403019167,0.023268549122404683,,,,1.0522597454235025,,0.24229857325553894,-0.30764895730950254,3.0152814388275146
198503,180.66,7.66,16.39,-0.000636,-0.00398,0.12560000000000002,0.1369,0.1181,0.0307,0.0179,0.0852,0.0062,0.042400088564153664,0.04227606380043049,0.09072290490424001,0.4673581452104942,0.7236457790618734,0.0329,0.011299999999999977,-0.012800000000000002,0.0037735849056603765,,-0.024815771189380723,0.0008022855302188757,,,-0.0018750597,,,,,,-1.5778405219595633,,,-0.045078117774668414,0.06591337099811678,,,0.413658947793427,-0.014700999795295008,0.05161626636981964,0.4785802960395813,0.34009965625804806,0.9749261174732177,0.9749261174732177,-2.5120233223713098,0.028489282171487385,,,,1.0522597454235025,,0.2132052332162857,-0.2564641898267813,2.914585828781128
198504,179.83,7.68667,16.13,-0.003704,-0.005413,0.1223,0.1351,0.1162,0.0242,0.0296,0.0795,0.0072,0.042744091642106435,0.042547713937783685,0.08969582383362062,0.4765449473031619,0.7286615900672465,0.036699999999999997,0.012799999999999992,0.005400000000000002,0.0046992481203007586,,-0.02241179231329862,0.00045988018255247045,,,-0.0020781902,,,,,,-1.5152835328912717,,,-0.04949240445646197,-0.02473498233215543,,,0.5157172188125313,-0.012588933202926722,-0.019613487645983696,0.4768153727054596,0.3191344586196979,0.9682151212904815,0.9682151212904815,-2.5195574731108596,0.02477338521063025,,,,0.5442652427594111,,0.17038854956626892,-0.4779542784170079,2.988433837890625
198505,189.55,7.71333,15.87,0.06274,0.056847,0.11720000000000001,0.1315,0.1062,0.0896,0.082,0.0748,0.0066,0.04069285149037193,0.04289234276816994,0.08372461092060142,0.48603213610586016,0.6968929839365673,0.0314,0.014299999999999993,-0.007599999999999996,0.0037418147801682178,,-0.025480930390303958,0.0008338603087621375,,,-0.0021886417,,,,,,-1.5556026548468573,,,-0.05027123721779159,0.009057971014492683,,,0.5235248331492856,0.0010145035466659037,0.05732263624668121,0.4780389070510864,0.3437689038942681,1.0,1.0,-2.5832300574982554,0.026163728107574183,,,,1.0522597454235025,,0.17293235659599304,-0.5496792824493557,2.9289753437042236
198506,191.85,7.74,15.61,0.016065,0.012925,0.1094,0.124,0.1055,0.0142,0.0083,0.0695,0.0055000000000000005,0.04034401876465989,0.040833553152202585,0.08136565024758927,0.49583600256246,0.6864301439204469,0.03599999999999999,0.014600000000000002,-0.005900000000000001,0.002795899347623365,,-0.026607512615798606,0.000741520264745298,,,-0.0021959653,,,,,,-1.5688890215901574,,,-0.052984388118381354,-0.04129263913824066,,,0.6722601962422164,0.0413619700157846,0.05017458274960518,0.4774019718170166,0.30057160477292805,1.0,1.0,-2.605565750597929,0.020548347024172797,,,,1.0522597454235025,,0.16104282438755035,-0.4082510245618909,2.9919095039367676
198507,190.92,7.77333,15.4833,-0.003321,-0.005235,0.1097,0.1243,0.1091,-0.018,-0.0121,0.0708,0.0062,0.04071511627906977,0.04051774824081313,0.08109836580766813,0.5020460754490321,0.6803220898734647,0.0383,0.014599999999999988,0.005899999999999999,0.0018587360594795044,,-0.02463866284056395,0.00071862985257242,,,-0.0021281896,,,,,,-1.6746935636680829,,,-0.059951413593391845,0.01610486891385765,,,0.561396578486754,0.009471651145700082,0.016545450314879417,0.4684385359287262,0.30041844969922515,0.9911072862880093,0.9911072862880093,-2.610216866394004,0.020945037226723986,,,,1.0522597454235025,,0.1732041835784912,-0.3198338334888853,2.937230110168457
198508,188.63,7.80667,15.3567,-0.006473,-0.011871,0.1105,0.125,0.1068,0.0259,0.026,0.07139999999999999,0.0055000000000000005,0.041386152785877116,0.040889744395558356,0.0814117584689604,0.5083559618928546,0.6871762580490401,0.035400000000000015,0.014499999999999999,9.99999999999994e-05,0.0018552875695732052,,-0.024227473716607866,0.000629695328055788,,,-0.0022594762,,,,,,-1.5238269691270543,,,-0.059134242704894646,0.028381865093991987,,,0.5675475483225414,0.017263091208402276,0.03148873895406723,0.4838252365589142,0.28954866937404233,0.9812215896553246,0.9812215896553246,-2.606541252254455,0.017871408332803776,,,,0.001745764860494744,,0.17504502832889557,-0.2914767214834652,3.002153158187866
198509,182.08,7.84,15.23,-0.033248,-0.036197,0.1107,0.12480000000000001,0.1082,-0.0021,0.0071,0.071,0.006,0.043057996485061506,0.04156284790330276,0.0836445518453427,0.5147734734077478,0.6899588297720208,0.03720000000000001,0.014100000000000001,0.0092,0.002777777777777768,,-0.03129435477489319,0.0008658430718871419,,,-0.0021212744,,,,,,-1.530697482734636,,,-0.05797251124444358,0.04121863799283165,,,0.6040861991923359,0.028813343360677188,0.04674592986702919,0.48921939730644226,0.28211384581631294,0.977264368830634,0.977264368830634,-2.579847155827597,0.019532713508967913,,,,-0.7955483825551599,,0.1961229145526886,-0.26826976706688,3.008145809173584
198510,189.82,7.86,15.0233,0.045079,0.042653,0.11019999999999999,0.12359999999999999,0.1051,0.0338,0.0329,0.0716,0.006500000000000001,0.041407649352017704,0.043167838312829526,0.07914497945421979,0.5231873157029414,0.6670256346821315,0.0335,0.013399999999999995,-0.000899999999999998,0.003693444136657398,,-0.027069338453186795,0.0009117639772502391,,,-0.001917188,,,,,,-1.5111370878881163,,,-0.0632993986151682,0.04475043029259895,,,0.5698111263579239,0.0055114735179482574,0.06307279318571091,0.48046019673347473,0.28529219042148746,0.9990840160806066,0.9990840160806066,-2.633963546718418,0.019135464109910752,,,,-0.8082633006965944,,0.21656619012355804,-0.44260246605296993,3.0352351665496826
198511,202.17,7.88,14.8167,0.071887,0.06663,0.10550000000000001,0.1199,0.1011,0.0401,0.037,0.0724,0.0060999999999999995,0.038977098481475986,0.04151301232746813,0.07328832170945244,0.5318323243367281,0.6227031580091432,0.02869999999999999,0.014399999999999996,-0.0030999999999999986,0.002759889604415866,,-0.02771587706369686,0.0009430684135085147,,,-0.0018144765,,,,,,-1.657664287443825,,,-0.06199596653228934,-0.01878088962108737,,,0.5582355728783354,-0.039352671207838315,0.07122358679771423,0.48910436034202576,0.2994586422263791,0.9975875692049143,0.9975875692049143,-2.706662181751829,0.02121391427434414,,,,0.5235801992819537,,0.2240959256887436,-0.3574438609817284,3.0636470317840576
198512,211.28,7.9,14.61,0.048156,0.045156,0.1016,0.1158,0.0956,0.0541,0.0469,0.071,0.006500000000000001,0.03739113971980311,0.03907602512736806,0.06914994320333206,0.5407255304585901,0.59269268816231,0.02460000000000001,0.014200000000000004,-0.007200000000000005,0.0027522935779815683,,-0.019465079205520434,0.0012300755362928404,,,-0.001721356,,,,,,-1.7607721386529542,,,-0.054616555963652225,-0.10913364674278037,,,0.46857532628416193,0.0333650964324435,0.0387687049806118,0.47874951362609863,0.30507513815623394,0.995859893116992,0.995859893116992,-2.7600382192057493,0.020881533092308627,,,,1.0522597454235025,,0.2095460742712021,-0.2674179199512651,3.014993190765381
198601,211.78,7.94,14.58,0.004706,0.002962,0.1005,0.1144,0.0958,-0.0025,0.0045,0.0707,0.005600000000000001,0.037491736707904434,0.03758046194623249,0.06884502785909906,0.5445816186556928,0.5835173998561417,0.025099999999999997,0.013899999999999996,0.006999999999999999,0.0027447392497712553,,-0.01917177407462223,0.0019201583950002386,,,-0.0018472645,,,,,,-1.7720567528009463,,,-0.051296718037900035,-0.28948360346777235,,,0.48301283657912597,0.030804921593561768,0.002471195999532938,0.467928022146225,0.2817755008035771,1.0,1.0,-2.7638165714596794,0.01997714592260207,,,,1.0522597454235025,,0.2545212507247925,-0.5316179064199804,3.030625820159912
198602,226.92,7.98,14.55,0.076525,0.071556,0.0967,0.11109999999999999,0.0841,0.1145,0.0752,0.0706,0.0053,0.035166578529878374,0.037680611955803196,0.06411951348492861,0.5484536082474227,0.5363767217066692,0.013499999999999998,0.014399999999999996,-0.0393,-0.0027372262773722733,,-0.017914260169331078,0.0010892901972809844,,,-0.0019917179,,,,,,-1.7788119362629289,,,-0.060537122924568365,-0.2970822281167109,,,0.5840460269376949,0.022809181286574814,0.0613221637904644,0.46177011728286743,0.28677457004407675,0.9971236704998279,0.9971236704998279,-2.8304281469799375,0.021275612929412838,,,,1.0522597454235025,,0.23778851330280304,-0.3002423936405176,3.057931661605835
198603,238.9,8.02,14.52,0.055832,0.05332,0.09,0.105,0.0766,0.077,0.0256,0.06559999999999999,0.006,0.03357053160318124,0.03534285210646924,0.060778568438677266,0.5523415977961432,0.5196276276936782,0.01100000000000001,0.015,-0.0514,-0.0045745654162854255,,-0.0164196183723706,0.0013737344092916417,,,-0.0019183155,,,,,,-1.8988857473437766,,,-0.06987816717140038,-0.2128301886792453,,,0.5551452667377782,0.03295926343831155,0.06680214405059814,0.44613656401634216,0.2993566253671715,0.9982928221680609,0.9982928221680609,-2.8754399714523733,0.021863066597648327,,,,1.0522597454235025,,0.2230558544397354,-0.05483632302011877,3.079624652862549
198604,235.52,8.04667,14.5833,-0.013348,-0.015054,0.08789999999999999,0.10189999999999999,0.0782,-0.008,0.0016,0.060599999999999994,0.0052,0.034165548573369564,0.0336821682712432,0.06191958220108695,0.5517729183380992,0.5297144586822722,0.01760000000000001,0.013999999999999999,0.009600000000000001,-0.0018382352941176405,,-0.02458478138906588,0.0024589457125716715,,,-0.0022293278,,,,,,-1.8537168718073647,,,-0.07063425229739018,0.2799616490891659,,,0.5562090611858584,-0.02363814263899168,0.003054851433262229,0.46793505549430847,0.3045363638227497,0.9612479120642275,0.9612479120642275,-2.8523772607704574,0.023890722246931805,,,,1.0522597454235025,,0.24117328226566315,-0.09850458604323176,3.07905650138855
198605,247.35,8.07333,14.6467,0.055326,0.050804,0.0909,0.10289999999999999,0.0848,-0.0505,-0.0164,0.061500000000000006,0.0049,0.03263929654335961,0.03427874490489131,0.05921447341823327,0.551204708227792,0.5035407708170149,0.023299999999999994,0.011999999999999997,0.034100000000000005,0.002762430939226679,,-0.02187195785673396,0.00136993106863812,,,-0.0022166983,,,,,,-1.7230327258912035,,,-0.07134312314462843,0.07490636704119846,,,0.5077006012080734,-0.013738210089946929,0.07243219017982483,0.4507066309452057,0.3008084953701055,0.9970037453183521,0.9970037453183521,-2.900861527931862,0.023007444224335545,,,,1.0522597454235025,,0.265840619802475,-0.056319332267747824,3.100496530532837
198606,250.84,8.1,14.71,0.015744,0.01331,0.0913,0.10339999999999999,0.079,0.0613,0.0218,0.0621,0.0052,0.0322915005581247,0.03274711946634324,0.05864295965555733,0.5506458191706322,0.49928145737351537,0.0169,0.012099999999999986,-0.0395,0.005509641873278293,,-0.012293238469675633,0.0015965185338466675,,,-0.002562187,,,,,,-1.713557652794712,,,-0.07756140689407776,-0.10801393728222985,,,0.4350585245794061,-0.016688010946516934,0.04049956798553467,0.4635327160358429,0.3495116885294757,1.0,1.0,-2.911395223548279,0.023406601249751087,,,,1.0522597454235025,,0.29572680592536926,0.06751932667125866,3.0546317100524902
198607,236.12,8.14333,14.7567,-0.057541,-0.059378,0.0888,0.1016,0.0809,-0.0108,0.0031,0.0583,0.0052,0.03448809927155684,0.03246424015308563,0.06249661189225818,0.5518395034120095,0.5323014008820994,0.022600000000000002,0.012799999999999992,0.013900000000000001,0.0,,-0.011286035053009725,0.0024158243147247263,,,-0.0023567229,,,,,,-1.8102287612120262,,,-0.07322605531882331,-0.11093750000000002,,,0.6397626637257584,-0.0028183986611521206,-0.00146034627687186,0.4528275728225708,0.3274046173886503,0.9299539556738239,0.9299539556738239,-2.843101397081612,0.025368923651054996,,,,1.0522597454235025,,0.2928363084793091,0.2263386633501583,3.034942388534546
198608,252.93,8.18667,14.8033,0.074417,0.070076,0.0872,0.1018,0.0763,0.0499,0.0275,0.0553,0.0046,0.0323673348357253,0.034671650008470264,0.05852726050685961,0.5530300676200577,0.49780334397420906,0.021000000000000005,0.014600000000000002,-0.0224,0.0018264840182649067,,-0.009676954294520833,0.0012605845884667297,,,-0.0026330017,,,,,,-1.7293563903406022,,,-0.07725579794033077,0.39543057996485054,,,0.741621135843154,-0.01838579781490275,0.0648699551820755,0.45546525716781616,0.3189820292904973,0.9944002975333023,0.9944002975333023,-2.9075088144512446,0.029722700131692883,,,,1.0522597454235025,,0.28492674231529236,0.18456712702861455,3.051187038421631
198609,231.32,8.23,14.85,-0.083243,-0.085664,0.0889,0.102,0.0827,-0.05,-0.0114,0.0521,0.0045000000000000005,0.035578419505447004,0.032538647056497845,0.06419678367629258,0.5542087542087543,0.5346292671335952,0.030599999999999995,0.013099999999999987,0.0386,0.004557885141294404,,-0.00513865822040124,0.0042073830013975655,,,-0.00237943,,,,,,-1.8288091477048776,,,-0.07687553955657478,-0.049118387909319994,,,0.7238907455434619,0.022557058469514352,-0.051671404391527176,0.4464205205440521,0.3251017798419674,0.9207536555000494,0.9207536555000494,-2.8176576051417372,0.031117511306383145,,,,0.5375757218052729,,0.35210615396499634,0.10223599279301589,3.0436651706695557
198610,243.98,8.24667,14.7267,0.056538,0.053813,0.0886,0.1024,0.0803,0.0289,0.0189,0.0518,0.0046,0.033800598409705715,0.035650484177762405,0.06036027543241249,0.5599808511071727,0.5032458022909666,0.028499999999999998,0.013800000000000007,-0.009999999999999998,0.0009074410163338875,,-0.00802546100396773,0.0009905938294619613,,,-0.0022567755,,,,,,-1.6268013076700316,,,-0.07478750556442293,0.018543046357615944,,,0.7436146397850144,-0.009549010867610258,0.06903329491615295,0.4545876979827881,0.3420392568363416,0.9781737866656942,0.9781737866656942,-2.8790933686220193,0.029470365246140804,,,,0.7709302260079621,,0.32791468501091003,0.24438460500743514,3.120779037475586
198611,249.22,8.26333,14.6033,0.024876,0.019717,0.0868,0.1007,0.0779,0.0267,0.0233,0.0535,0.0039000000000000003,0.03315676911965332,0.033868882695302895,0.05859601958109301,0.565853608430971,0.4936710844569357,0.024399999999999998,0.013899999999999996,-0.0034000000000000002,0.0009066183136900996,,-0.002125378849964108,0.001730856541817946,,,-0.0024090172,,,,,,-1.6927636323452484,,,-0.07295029552692966,-0.016254876462938883,,,0.8618152322578693,0.007564767098391406,0.00715128006413579,0.4635002017021179,0.3463236013944621,0.9971454021701195,0.9971454021701195,-2.9070808817635494,0.024215590031127953,,,,0.7779541577223658,,0.35639429092407227,0.40007092001279715,3.3417608737945557
198612,242.17,8.28,14.48,-0.027513,-0.030174,0.0849,0.09970000000000001,0.0789,-0.0018,0.0117,0.0553,0.0049,0.034190857661972995,0.03322365781237461,0.059792707602097706,0.5718232044198894,0.49843086579287427,0.023599999999999996,0.014800000000000008,0.0135,0.0009057971014492239,,-0.011376972740397232,0.0012623422855547576,,,-0.0022403247,,,,,,-1.6570892884448292,,,-0.0656682440828984,0.1665565102445472,,,0.926806865765872,0.011091938790637279,0.07118530571460724,0.47210997343063354,0.35831470608475086,0.9695127251900981,0.9695127251900981,-2.8855577297032866,0.021384840015899916,,,,0.7836451441493966,,0.26987239718437195,0.36230039442205403,3.2220427989959717
198701,274.08,8.3,14.6867,0.135183,0.133724,0.0836,0.09720000000000001,0.0778,0.0161,0.0216,0.054299999999999994,0.0042,0.03028312901342674,0.03427344427468308,0.05358544950379451,0.565137164917919,0.4378973513002539,0.0235,0.013600000000000015,0.005500000000000001,0.0063348416289592535,,-0.005841522225828752,0.002478227434524122,,,-0.0020474996,,,,,,-1.8643603585088084,,,-0.07131555702882242,0.056657223796034106,,,1.095012529186064,-0.01445409048542217,0.01252754870802164,0.41751351952552795,0.3691679591474641,0.9975270293382146,0.9975270293382146,-2.994883744904038,0.022035883167257256,,,,1.0522597454235025,,0.3230736553668976,0.1777844363090772,3.2576370239257812
198702,284.2,8.32,14.8933,0.041778,0.037845,0.08380000000000001,0.0965,0.0763,0.0202,0.0058,0.0559,0.0043,0.02927515833919775,0.030356100408639817,0.05240429275158339,0.5586404624898444,0.42491198251790707,0.02040000000000001,0.012699999999999989,-0.0144,0.003597122302158251,,-0.00450676746230271,0.001412246607780315,,,-0.0020419471,,,,,,-1.7987545228454767,,,-0.060370314092310196,-0.09919571045576392,,,0.9543883151437488,-0.008583985804819004,0.06568869203329086,0.43229323625564575,0.37390816296880397,0.9910431399810167,0.9910431399810167,-3.0187591400905185,0.026526600170294342,,,,1.0522597454235025,,0.28792107105255127,0.29478627440341293,3.4207870960235596
198703,291.7,8.34,15.1,0.026336,0.023832,0.0836,0.09609999999999999,0.0795,-0.0223,-0.0087,0.0559,0.004699999999999999,0.028591018169352073,0.029345531315974668,0.051765512512855674,0.552317880794702,0.42804021365129363,0.023600000000000003,0.012499999999999997,0.013600000000000001,0.0044802867383513245,,-0.0022182415117624277,0.0019710952636649215,,,-0.0020372883,,,,,,-1.7967293675482374,,,-0.06106887869538724,0.12202380952380953,,,0.9492537433632682,0.013528975806221913,-0.0017997773829847574,0.4373530149459839,0.36715978649584485,0.9713814860553235,0.9713814860553235,-3.031023504872832,0.02820221569694714,,,,1.0522597454235025,,0.2826692461967468,0.34251384706802396,3.5058491230010986
198704,288.36,8.4,14.8733,-0.009045,-0.011093,0.0885,0.10039999999999999,0.0859,-0.0473,-0.0502,0.0564,0.0044,0.029130253849354974,0.028796708947548853,0.0515789291163823,0.5647704275446606,0.43147185919977604,0.029500000000000005,0.011899999999999994,-0.0029,0.00535236396074934,,0.0044921799445633275,0.004193906257554634,,,-0.0017254676,,,,,,-1.8948735368745373,,,-0.056899614431855206,-0.006896551724138056,,,0.8586565084103268,0.036189804597867865,0.05474434792995453,0.43061578273773193,0.364654824549239,0.950456030662554,0.950456030662554,-3.0417882495267334,0.025860392780521164,,,,1.0522597454235025,,0.33573484420776367,0.49206222803785865,3.5414445400238037
198705,290.1,8.46,14.6467,0.009128,0.005199,0.0933,0.1051,0.088,-0.0105,-0.0052,0.056600000000000004,0.0038,0.029162357807652535,0.029338327091136082,0.05048845225784212,0.577604511596469,0.4304908861610162,0.03139999999999999,0.011800000000000005,0.005300000000000001,0.003549245785270605,,0.006940138315193771,0.0024892339107077223,,,-0.001669804,,,,,,-1.7680128751006223,,,-0.05273478820481792,0.03525641025641035,,,0.8968457578887877,0.049349668406388186,0.05318662151694298,0.42367494106292725,0.35798652702295464,0.9526218645293781,0.9526218645293781,-3.0686039353147687,0.021623304282776354,,,,1.0522597454235025,,0.36130595207214355,0.22106998669652117,3.492854118347168
198706,304.0,8.52,14.42,0.05014,0.047654,0.0932,0.1052,0.0877,0.0098,0.0155,0.0567,0.0048,0.028026315789473684,0.029369183040330916,0.04743421052631579,0.5908460471567267,0.40789239744803657,0.031,0.011999999999999997,0.0057,0.0035366931918656697,,0.005201679585221878,0.0010704212049148251,,,-0.0017502493,,,,,,-1.6832152876091506,,,-0.04970279000564304,0.04695562435500511,,,0.8696972040537904,0.04781478245733674,0.028656376525759697,0.4398114085197449,0.39237293636176795,0.9867322168050427,0.9867322168050427,-3.1290694725668735,0.02159869461543189,,,,1.0522597454235025,,0.34701576828956604,0.3017153161850297,3.463099956512451
198707,318.66,8.56667,14.9,0.049843,0.047883,0.0942,0.1061,0.0907,-0.0178,-0.0119,0.056900000000000006,0.0046,0.026883418063139396,0.02817983552631579,0.046758300382853196,0.5749442953020134,0.3835432161644123,0.0338,0.011899999999999994,0.005899999999999999,0.002643171806167466,,0.0018814480365607292,0.0008181599831349634,,,-0.0016543335,,,,,,-1.6729089631996017,,,-0.04503584620336554,0.05224248398225728,,,0.793490625025223,0.05095754427801054,0.07490932196378708,0.428997278213501,0.3860992583811451,1.0,1.0,-3.1438825419957417,0.022810625152612472,,,,1.0522597454235025,,0.25156858563423157,0.40330283297534975,3.1563546657562256
198708,329.8,8.61333,15.38,0.039108,0.035441,0.0967,0.10800000000000001,0.0936,-0.0165,-0.0075,0.0604,0.004699999999999999,0.026116828380836867,0.027029843720579923,0.046634323832625835,0.5600344603381013,0.37045382001164123,0.0332,0.011300000000000018,0.009000000000000001,0.005272407732864748,,0.0019967095503672415,0.0017761286189096474,,,-0.001639377,,,,,,-1.7981037151058437,,,-0.039683976905243945,-0.07587822014051526,,,0.749420533906781,0.03016862046153555,0.04102038964629173,0.42964887619018555,0.40235614652270474,0.9781554646233864,0.9781554646233864,-3.149391879824179,0.022558838246866882,,,,1.0522597454235025,,0.2232515513896942,0.6400275504100174,3.2562127113342285
198709,321.83,8.66,15.86,-0.02194,-0.024079,0.1018,0.1131,0.0992,-0.0369,-0.0422,0.064,0.0045000000000000005,0.026908616350247026,0.026258338386901153,0.04928067613336234,0.5460277427490543,0.3799667216170829,0.035199999999999995,0.011300000000000004,-0.005299999999999999,0.005244755244755206,,0.0063495887695929195,0.00253483064946266,,,-0.002827205,,,,,,-1.7646914590742315,,,-0.03787450570008044,-0.007095793208312218,,,0.8086266460005417,0.010239012695828545,0.08457613736391068,0.4459295868873596,0.38855788903928734,0.9536662234335629,0.9536662234335629,-3.100246742259899,0.021298920834482676,,,,1.0522597454235025,,0.282686710357666,0.5354801047495978,3.314232587814331
198710,251.79,8.71,16.4067,-0.215795,-0.217944,0.1052,0.1162,0.0926,0.0623,0.0507,0.0613,0.006,0.034592318995988726,0.027063977876518663,0.06516025259144526,0.5308806767966746,0.49485084247540795,0.0313,0.010999999999999996,-0.0116,0.002608695652173809,,0.010477739374282211,0.07094513791656114,,,-0.0029006428,,,,,,-2.1838973459495166,,,-0.026759403966645223,0.018887187340479894,,,0.7674659086053103,0.027530431110248523,-0.08220808953046799,0.40606874227523804,0.37953825196031393,0.7322639416401584,0.7322639416401584,-2.8218426137677786,0.029537306821066825,,,,-0.5721351946603734,,0.6686254739761353,0.4475339515127268,3.250890016555786
198711,230.3,8.76,16.9533,-0.081874,-0.086541,0.1001,0.11230000000000001,0.0931,0.0037,0.0125,0.056900000000000006,0.0034999999999999996,0.03803734259661311,0.03479089717621828,0.07361398176291792,0.5167135601918211,0.5380273240435222,0.036199999999999996,0.012200000000000016,0.0088,0.0008673026886383273,,0.009898440986769218,0.006785454700112594,,,-0.0027874932,,,,,,-1.8784542446671275,,,-0.024007941866916127,-0.07264529058116231,,,0.620586392684039,0.022441197778366017,-0.03710557147860527,0.4221093952655792,0.36499330388063655,0.6735000477516327,0.6735000477516327,-2.693812768702346,0.0326757549757961,,,,-2.420884158465622,,0.6583198308944702,0.08892809777920505,3.315551280975342
198712,247.08,8.81,17.5,0.073922,0.071025,0.1011,0.11289999999999999,0.092,0.0165,0.0212,0.057699999999999994,0.0039000000000000003,0.03565646754087745,0.0382544507164568,0.07082726242512546,0.5034285714285714,0.5088120154938803,0.034300000000000004,0.011799999999999991,0.004699999999999999,0.0,,0.013274757067494015,0.006852187881620437,,,-0.0027006902,,,,,,-1.7977412274819997,,,-0.02052596979980148,-0.09778498109130207,,,0.6699764545730548,0.02405608250757669,0.02812810242176056,0.43178048729896545,0.40279869379297856,0.7121715238647968,0.7121715238647968,-2.7335972388113587,0.038665313784165205,,,,-2.188144910644583,,0.6528417468070984,0.1547694109407239,3.348735809326172
198801,257.07,8.85667,17.8633,0.042712,0.041086,0.09880000000000001,0.1107,0.0852,0.0666,0.0517,0.0581,0.0029,0.03445236705955576,0.03584535373158491,0.06948807717742249,0.49580256727480365,0.5037738354219649,0.0271,0.011899999999999994,-0.014900000000000004,0.0025996533795493715,,0.008422742664140703,0.00915750796217449,,,-0.0024314059,,,,,,-1.7381588756041393,,,-0.022829643168715386,0.014371257485030098,,,0.49189335978783405,0.046815870258641534,-0.04897028207778931,0.43365204334259033,0.3934408060915748,0.7192938635478728,0.7192938635478728,-2.7497456736186776,0.032130070257546745,,,,-1.9066833065004616,,0.49707213044166565,-0.10306170764135603,3.274702310562134
198802,267.82,8.90333,18.2267,0.047445,0.040574,0.094,0.10619999999999999,0.0854,0.0052,0.0138,0.056600000000000004,0.0046,0.03324370846090658,0.03463387404208971,0.06805578373534464,0.48847734367713297,0.47619737210492274,0.0288,0.012199999999999989,0.0086,0.0025929127052721768,,0.008792264043856541,0.001967346262736605,,,-0.0024640666,,,,,,-1.594347999749856,,,-0.01993312747595688,-0.05076741440377819,,,0.7462741493712601,0.04415438716557887,0.07657519727945328,0.44284212589263916,0.39863757360041513,0.7609479801059351,0.7609479801059351,-2.7663311586546806,0.03174791936546143,,,,-1.1061422498108775,,0.46299225091934204,-0.15233838930065238,3.259413719177246
198803,258.89,8.95,18.59,-0.030847,-0.033368,0.09390000000000001,0.1057,0.0901,-0.0307,-0.0188,0.057,0.0044,0.03457066707868207,0.033417967291464415,0.07180655877013403,0.4814416352877891,0.5075299538243313,0.0331,0.011799999999999991,0.0119,0.004310344827586299,,0.006080029657168535,0.0016591988172579032,,,-0.0025722006,,,,,,-1.6170012021622733,,,-0.019567151266922878,0.062189054726368154,,,0.64203207512816,0.013459452995187823,0.042629748582839966,0.43689197301864624,0.39206947803171294,0.7302546998626221,0.7302546998626221,-2.71416057127327,0.03159147726138587,,,,-1.3522116721550013,,0.4287334680557251,-0.04625733705015055,3.281440496444702
198804,261.33,9.043333333333333,19.616666666666667,0.010516,0.008773,0.0967,0.109,0.0929,-0.016,-0.0149,0.0591,0.0046,0.03460503322746464,0.03493118055287316,0.07506473296853276,0.4610025488530161,0.49647448987123155,0.0338,0.012300000000000005,0.0011000000000000003,0.0051502145922746045,,0.005063670536507513,0.003459561070059497,,,-0.0028162559,,,,,,-1.6154780161471023,,,-0.015877709038220722,0.05327868852459017,,,0.6761989557706176,0.014943278989592922,-0.06420610845088959,0.4534943401813507,0.39078270676031973,0.7465159674113472,0.7465159674113472,-2.6730100153155307,0.02823928620487434,,,,-1.1061422498108775,,0.3479871451854706,0.04807589343892536,3.2406156063079834
198805,262.16,9.136666666666667,20.643333333333334,0.008012,0.002882,0.099,0.1104,0.0952,-0.0102,-0.0057,0.0626,0.0051,0.03485149018411148,0.03496218064005919,0.07874326111280643,0.4425964798966575,0.496770254834771,0.032600000000000004,0.011399999999999993,0.0045000000000000005,0.0034158838599487318,,0.0013473049473883532,0.0025557731666023976,,,-0.002696618,,,,,,-1.5186192407030021,,,-0.01998700947337717,-0.02501389660922726,,,0.6381676115531874,0.01763165535659257,0.14645329117774963,0.4641898274421692,0.3880619929251192,0.7460715099066272,0.7460715099066272,-2.628565621730273,0.026210723303907637,,,,-0.8375276485367719,,0.3901195526123047,0.18888393974983728,3.116389751434326
198806,273.5,9.23,21.67,0.047676,0.045068,0.0986,0.11,0.0917,0.0368,0.0379,0.0646,0.0049,0.03374771480804388,0.035207506866036006,0.07923217550274224,0.4259344716197508,0.47111887230297284,0.0271,0.011400000000000007,0.0011000000000000038,0.004255319148936065,,-0.005397924514215112,0.002361307703222956,,,-0.002646697,,,,,,-1.591513607162113,,,-0.01917719999920564,-0.1356898517673888,,,0.5897433512121578,0.027232048362668675,0.04771782085299492,0.4484497904777527,0.35851498306336244,0.7866934565570338,0.7866934565570338,-2.6208162881312353,0.022156540143487585,,,,-0.0039793878767224065,,0.4325960874557495,0.2757401463188739,3.156528949737549
198807,272.02,9.306666666666667,22.023333333333333,-0.004458,-0.007393,0.09960000000000001,0.11109999999999999,0.0947,-0.017,-0.0111,0.0673,0.0051,0.034213170600200966,0.034028031687995126,0.080962184153126,0.42258210988345696,0.4739915348588125,0.027400000000000008,0.011499999999999982,0.005900000000000001,0.004237288135593209,,-0.0028231293075667418,0.0019106187218270708,,,-0.0028339008,,,,,,-1.4870285340066753,,,-0.02111349705497112,0.07585751978891819,,,0.5054203046735858,0.025286459134816322,0.1361900269985199,0.4701271951198578,0.3454351322332598,0.7819256396882186,0.7819256396882186,-2.600501099140747,0.02189210631558333,,,,0.5464888556300114,,0.40583309531211853,0.2127670237406112,3.0095267295837402
198808,261.52,9.383333333333335,22.37666666666667,-0.032488,-0.03729,0.1011,0.1121,0.095,0.0058,0.0054,0.0706,0.0059,0.03587998368512288,0.03449501262162097,0.08556388294075662,0.4193356174586623,0.4966406615312677,0.024400000000000005,0.01100000000000001,-0.0003999999999999993,0.00421940928270037,,-0.00623974840184025,0.0013903193354966436,,,-0.0028375883,,,,,,-1.4629308024610996,,,-0.018191116832786847,-0.06376456161863886,,,0.5056563006212774,0.036801280580016416,0.026841649785637856,0.4672897458076477,0.33504479554723415,0.7692759154710924,0.7462661896400996,-2.547052190112885,0.02176705961077948,,,,0.27046620505514,,0.37621402740478516,0.1529829663443493,3.2124557495117188
198809,271.91,9.46,22.73,0.042739,0.040086,0.09820000000000001,0.109,0.0917,0.0345,0.0326,0.0724,0.0062,0.034790923467323744,0.03617314163352708,0.08359383619580008,0.41619005719313684,0.4775404536870951,0.019299999999999998,0.01079999999999999,-0.0019000000000000059,0.006722689075630228,,-0.010001513634500452,0.001192739773525908,,,-0.0026083753,,,,,,-1.4438194234858346,,,-0.02339613981574029,-0.08840864440078589,,,0.39032072449021193,0.015521711905525624,0.09746668487787247,0.48108354210853577,0.34598977981987716,0.8002901317334424,0.7761146333041925,-2.5677796844918217,0.020791814386936645,,,,0.8169939598726187,,0.34908342361450195,0.1243941324541793,3.082071542739868
198810,278.97,9.556666666666668,23.07,0.026891,0.023328,0.0951,0.1041,0.0889,0.0308,0.0273,0.0735,0.0060999999999999995,0.03425696908867142,0.0351464332561019,0.08269706420045166,0.4142464961710736,0.46959718893258556,0.015400000000000011,0.008999999999999994,-0.0034999999999999996,0.0033388981636059967,,-0.010462470489310264,0.0016315423520285408,,,-0.0023128648,,,,,,-1.4759707054177538,,,-0.02116608361723582,-0.02442528735632188,,,0.22049974007550888,0.029185164958643064,0.08507200330495834,0.4936932325363159,0.33572986015367134,0.9840393863063889,0.7892426591047671,-2.576912325406304,0.022787863265481628,,,,1.0522597454235025,,0.3212538957595825,0.2707327993654313,3.1253161430358887
198811,273.7,9.653333333333334,23.41,-0.014355,-0.01977,0.09449999999999999,0.1048,0.0923,-0.0196,-0.0169,0.0776,0.005699999999999999,0.035269760077944225,0.034603481855874585,0.0855316039459262,0.41235939057382887,0.4771791100538659,0.01469999999999999,0.010300000000000017,0.002700000000000001,0.0008319467554076532,,-0.007764956021583009,0.0013479966588778067,,,-0.002435042,,,,,,-1.4684227697095296,,,-0.02081789878965168,0.12812960235640647,,,0.2656405876885866,0.01304093102638695,0.040995482355356216,0.511491596698761,0.3239986772813291,0.968403938630639,0.7767023457071283,-2.544679990956925,0.022256235778367998,,,,1.0522597454235025,,0.3248297870159149,0.3098124787615077,3.0636653900146484
198812,277.72,9.75,23.75,0.018553,0.015184,0.09570000000000001,0.1065,0.0918,0.011,0.0039,0.08070000000000001,0.0063,0.03510730231888232,0.03562294483010596,0.08551778769984156,0.4105263157894737,0.4652835739680988,0.011099999999999999,0.01079999999999999,-0.0070999999999999995,0.0016625103906899863,,-0.02140574834973348,0.0006281108840027056,,,-0.0022913172,,,,,,-1.4065857615089423,,,-0.018362250939739866,0.12532637075718012,,,0.24681684635995957,0.0745734131674771,0.054672133177518845,0.507161557674408,0.31953737363980245,0.9931623540187773,0.7965596785213156,-2.5462172430833387,0.02136978565093746,,,,1.0522597454235025,,0.30145910382270813,0.2574012572703461,3.0490520000457764
198901,297.47,9.837,24.153333333333336,0.072303,0.069633,0.0962,0.1065,0.0903,0.0203,0.0202,0.0827,0.0055000000000000005,0.03306888089555249,0.035420567478035424,0.08119586288813438,0.4072729781948661,0.4307694934936302,0.0076000000000000095,0.010300000000000004,-9.99999999999994e-05,0.004979253112033177,,-0.022360508470694443,0.0009645729442140237,,,-0.0025423857,,,,,,-1.4540500792486744,,,-0.017476653703454303,-0.012180974477958073,,,0.26106153280127287,0.04036046528549466,0.05660942569375038,0.47017088532447815,0.3383318141622914,1.0,0.860381572277606,-2.5978940263875745,0.019232401361387052,,,,1.0522597454235025,,0.2851538360118866,0.2742404794079485,3.080347776412964
198902,288.86,9.924,24.55666666666667,-0.025031,-0.029187,0.0964,0.1061,0.0935,-0.0179,-0.0129,0.08529999999999999,0.0060999999999999995,0.034355743266634355,0.03336134736275927,0.08501234738858501,0.40412651011266454,0.4467784572195237,0.008200000000000013,0.0097,0.004999999999999999,0.004128819157720898,,-0.024823369883343067,0.0011760790014062996,,,-0.0022795386,,,,,,-1.4947084253020029,,,-0.023967493009605434,0.06576629477392815,,,0.15848453462967307,0.025629603412831225,0.05038820579648018,0.47317013144493103,0.3355455741503301,0.9621880245745886,0.829552383541114,-2.5526948839504953,0.020166825296318032,,,,1.0522597454235025,,0.28016096353530884,0.27909948151296554,2.9711272716522217
198903,294.87,10.011,24.96,0.023038,0.02044,0.098,0.1067,0.0929,0.0122,0.0064,0.0882,0.0067,0.033950554481635975,0.03465692723118465,0.08464747176721946,0.4010817307692307,0.46869141357330335,0.004699999999999996,0.0087,-0.0058000000000000005,0.005756578947368363,,-0.02310213300004323,0.0012864519343967816,,,-0.0023804474,,,,,,-1.4689488729544076,,,-0.023521817612272677,0.12286501377410475,,,0.3524415156675588,0.037151345322393226,0.008857601322233677,0.4671497046947479,0.3275660379637249,0.9771977811293745,0.8424930760132529,-2.558735044173023,0.020579988893709107,,,,1.0522597454235025,,0.3174271583557129,0.6379715570047992,2.915961980819702
198904,309.64,10.129999999999999,25.046666666666667,0.051707,0.049899,0.09789999999999999,0.1061,0.0918,0.0159,0.0213,0.08650000000000001,0.0067,0.032715411445549666,0.03435412215552616,0.08088963527537356,0.4044450359329252,0.4444352571523069,0.005299999999999999,0.008200000000000013,0.0053999999999999986,0.006541291905151292,,-0.02280196543195056,0.0009555836957082378,,,-0.0026446865,,,,,,-1.4625989301904287,,,-0.025719521934192358,0.001962708537782243,,,0.25697602311649015,0.03144617328272025,0.08706016093492508,0.48791617155075073,0.3410718462552631,0.999921454822054,0.8884742251379288,-2.60249729122432,0.019848001475992715,,,,1.0522597454235025,,0.31888505816459656,0.7182311405700568,2.953734874725342
198905,320.52,10.248999999999999,25.133333333333336,0.041022,0.035451,0.09570000000000001,0.10460000000000001,0.0878,0.0401,0.0379,0.0843,0.0079,0.03197616373393236,0.033099728717219994,0.07841424352094514,0.40778514588859405,0.4334415257141705,0.003500000000000003,0.008900000000000005,-0.0021999999999999936,0.005686433793663737,,-0.027714057553440523,0.0010730555571050598,,,-0.0027039558,,,,,,-1.4620307149922447,,,-0.033464931589628044,-0.025465230166503594,,,0.25819446044989774,-0.0098523767319458,0.05895141512155533,0.4813143312931061,0.3430226181746388,0.9912590626773568,0.9110093225879916,-2.630642157582032,0.018610981773019116,,,,1.0522597454235025,,0.2886650860309601,0.7339601462777273,2.9530179500579834
198906,317.98,10.367999999999999,25.220000000000002,-0.005611,-0.00794,0.091,0.1003,0.0821,0.055,0.0395,0.0815,0.0070999999999999995,0.03260582426567708,0.03234743541744665,0.07931316434995912,0.4111022997620935,0.4405629369769596,0.0006000000000000033,0.009300000000000003,-0.0155,0.0024232633279481774,,-0.023948068670626252,0.0014295303026152341,,,-0.0026943259,,,,,,-1.5261758132708279,,,-0.035581222517081734,0.01859296482412076,,,0.25991864498992057,0.02634892659344231,0.003334951354190707,0.4763736426830292,0.3456998408477072,0.963738264602843,0.8962834536919358,-2.6139014359417985,0.019896212991594945,,,,1.0522597454235025,,0.27477067708969116,0.5450984783934132,2.9135634899139404
198907,346.08,10.489999999999998,24.71,0.090053,0.088194,0.08929999999999999,0.0987,0.0801,0.0238,0.0178,0.0788,0.006999999999999999,0.030310910772075816,0.03298949619472922,0.07139967637540454,0.42452448401456894,0.40403508903805824,0.0013000000000000095,0.009400000000000006,-0.006000000000000002,0.00241740531829171,,-0.028536217067649697,0.0010188256817299556,,,-0.0025756293,,,,,,-1.490925221321043,,,-0.0473114775106982,-0.09669462259496797,,,0.22075287549514266,0.03378627077090989,0.08713054656982422,0.4766833186149597,0.35776552984072507,1.0,0.9773143012466848,-2.7166081513808833,0.023335105103580604,,,,1.0522597454235025,,0.2664537727832794,0.45335267173853266,3.5908989906311035
198908,351.45,10.611999999999998,24.2,0.019853,0.015516,0.08960000000000001,0.09880000000000001,0.0841,-0.0259,-0.0163,0.079,0.0074,0.03019490681462512,0.03066343042071197,0.06885758998435054,0.4385123966942148,0.39272706017309217,0.005099999999999993,0.0092,0.009600000000000001,0.001607717041800516,,-0.024822151140447613,0.0013804507318026468,,,-0.0026672979,,,,,,-1.5352031839982245,,,-0.0395932432139352,0.028399781540142,,,0.2006673709379169,-0.024463019667247097,0.06587164103984833,0.4695349633693695,0.34627343102967195,0.9977800944826781,0.9977800944826781,-2.7536938617758615,0.023526385690457542,,,,1.0522597454235025,,0.26883572340011597,0.6088270650413773,2.8986849784851074
198909,349.15,10.733999999999998,23.689999999999998,-0.004004,-0.006616,0.0901,0.09910000000000001,0.0847,0.0019,0.004,0.0775,0.006500000000000001,0.03074323356723471,0.030542040119504905,0.06785049405699556,0.45310257492612915,0.39920975037321466,0.007199999999999998,0.009000000000000008,0.0021000000000000003,0.0032102728731941976,,-0.02574709982737678,0.0005501916949175061,,,-0.0027566186,,,,,,-1.4590403578184892,,,-0.044760686243898284,0.06903876792352626,,,0.22925853061315535,0.008823906627049034,0.07214882224798203,0.483304500579834,0.3513119523210367,0.9784636403605986,0.9784636403605986,-2.769167365832741,0.021742172115857668,,,,1.0522597454235025,,0.23304826021194458,0.6188742764565854,2.9049863815307617
198910,340.36,10.841,23.416666666666664,-0.023639,-0.025668,0.0892,0.0981,0.081,0.0379,0.0276,0.0764,0.0068000000000000005,0.031851568927018445,0.031049692109408562,0.06879970227602146,0.4629608540925267,0.4064149288490329,0.004600000000000007,0.008900000000000005,-0.010300000000000004,0.0047999999999999154,,-0.024350637400219234,0.005635910821181582,,,-0.0025489149,,,,,,-1.641661733727899,,,-0.04813401138076134,-0.009438648782911008,,,0.23968217029204647,-0.002184195768293305,-0.10837391763925552,0.47897565364837646,0.35496349504667624,0.9475784639304151,0.9475784639304151,-2.7536094908779027,0.021307270764751075,,,,0.8061903230793789,,0.4002224802970886,0.5463304597930505,2.8920841217041016
198911,345.99,10.948,23.143333333333334,0.020479,0.016641,0.0889,0.0981,0.0808,0.0078,0.007,0.07690000000000001,0.0069,0.03164253302118558,0.03216594194382419,0.06689017987032381,0.4730519948149215,0.3972257017961992,0.003899999999999987,0.0092,-0.0007999999999999995,0.0023885350318473275,,-0.027032771150602743,0.000844808779686856,,,-0.0026664039,,,,,,-1.5256056603922645,,,-0.04678131651601891,-0.004012036108325012,,,0.28219120356572214,0.0453130780670281,0.01237221248447895,0.5030689239501953,0.3680103857787894,0.9694992853074254,0.9694992853074254,-2.7804597232081307,0.0205898046328614,,,,0.7803982348754671,,0.3941984474658966,0.4230486816818038,2.9431307315826416
198912,353.4,11.055,22.87,0.022657,0.019988,0.0886,0.09820000000000001,0.0816,-0.0006,0.0006,0.07629999999999999,0.0060999999999999995,0.03128183361629881,0.03195179051417671,0.06471420486700623,0.48338434630520327,0.39045474357111726,0.005300000000000013,0.009600000000000011,0.0012,0.001588562351072298,,-0.01233353817713104,0.000923422844366577,,,-0.0029288342,,,,,,-1.5448047004456973,,,-0.04332883637041096,0.09869083585095684,,,0.29187729354678255,0.06513291835081972,0.03026294708251953,0.500022292137146,0.3774680789537346,0.9863115773032267,0.9863115773032267,-2.8132530130268116,0.02183282515751471,,,,1.0522597454235025,,0.38998326659202576,0.5933543460112196,2.9404783248901367
199001,329.08,11.142666666666667,22.47,-0.067661,-0.069407,0.08990000000000001,0.09939999999999999,0.0865,-0.0343,-0.0191,0.0764,0.005699999999999999,0.033860054292775825,0.03152990001886437,0.06828126899234228,0.49589081738614454,0.4149713959251739,0.010099999999999998,0.00949999999999998,0.015199999999999998,0.01030927835051565,,-0.013896789937150072,0.0028920476642427264,,,-0.0028601947,,30.35470199584961,,35.9054,,-1.6729828389137076,,,-0.05041230784986528,0.04032997250229142,,,0.3702621629825874,0.0274586691834415,0.04983082413673401,0.4651802182197571,0.3598309302631217,0.9218511467359394,0.9218511467359394,-2.763023393698958,0.02056495298367482,,,,0.5375757218052729,,0.3075699508190155,0.36178045850499524,2.928330421447754
199002,331.89,11.230333333333332,22.07,0.013381,0.008986,0.0922,0.1014,0.0876,-0.0025,-0.0012,0.0774,0.005699999999999999,0.0338375164462121,0.034126453547263076,0.06649793606315346,0.5088506267935357,0.40917308973261013,0.0102,0.0092,0.0013000000000000002,0.0047095761381474865,,-0.011729203148758496,0.0010085782506886025,,,-0.0026738677,,25.17262077331543,,32.9177,,-1.5584464842076315,,,-0.0433805961572622,-0.05110132158590308,,,0.3543084067678513,-0.0038981390560954947,0.058324798941612244,0.4769784212112427,0.3498965470283205,0.9349145063430777,0.9349145063430777,-2.7918878195103187,0.02117902373558194,,,,-0.332870139085668,,0.31685972213745117,0.5736289102713695,3.040989398956299
199003,339.94,11.318,21.669999999999998,0.026588,0.02436,0.09369999999999999,0.10210000000000001,0.0889,-0.0044,-0.0011,0.079,0.0064,0.033294110725422134,0.03410166018861671,0.06374654350767782,0.5222888786340564,0.4713339563609768,0.009900000000000006,0.008400000000000019,0.0033,0.005468749999999911,,-0.010291442803506972,0.00103224470002074,,,-0.0023641623,,19.30084800720215,,26.5978,,-1.5237943479053566,,,-0.04041641301409893,-0.05849582172701939,,,0.27298153285621046,0.048814812387224876,0.009316293522715569,0.49047160148620605,0.36152753168116014,0.9633685034606694,0.9633685034606694,-2.8352494521416562,0.021194567374651804,,,,-0.32546208978490265,,0.33548030257225037,0.6373235517602279,3.0682849884033203
199004,330.8,11.433,21.53333333333333,-0.024504,-0.026508,0.0946,0.10300000000000001,0.0924,-0.0202,-0.0191,0.07769999999999999,0.0069,0.03456166868198307,0.033632405718656236,0.06509471987101974,0.5309442724458204,0.4802842560110811,0.014700000000000005,0.008400000000000005,0.0011000000000000003,0.0015540015540016494,,-0.010149281171074566,0.0009667773838100984,,,-0.0023237108,,19.02619171142578,,26.2753,,-1.5255704967529453,,,-0.04504077363659409,-0.08530571992110458,,,0.4937232957184344,0.01694058083583248,0.007114339154213667,0.4879022538661957,0.36594889468580616,0.9454157251392274,0.9454157251392274,-2.8161610734739897,0.021379930737963508,,,,-0.8708764642599938,,0.27580052614212036,0.6216306522606504,2.9122869968414307
199005,361.23,11.547999999999998,21.396666666666665,0.097419,0.092408,0.0947,0.1041,0.0883,0.0415,0.0385,0.0774,0.0068000000000000005,0.03196855189214627,0.034909310761789596,0.05923280642988308,0.5397102352391338,0.44356997351094674,0.010900000000000007,0.009399999999999992,-0.0030000000000000027,0.002327385570209284,,-0.002261808542387736,0.0013614467145162906,,,-0.002431405,,14.584359169006348,,19.2201,,-1.530473394209417,,,-0.044001071301506656,-0.06199460916442057,,,0.5027775002722426,0.019180430362421175,0.04546412453055382,0.5013633966445923,0.3740824545738641,0.9993399477516536,0.9993399477516536,-2.910253161692838,0.024879227346725232,,,,1.0522597454235025,,0.29245030879974365,0.6707200093887579,2.868093490600586
199006,358.02,11.662999999999998,21.259999999999998,-0.006754,-0.008921,0.0926,0.10220000000000001,0.0864,0.023,0.0216,0.07730000000000001,0.0063,0.03257639238031395,0.032286908617778144,0.05938215742137311,0.5485888993414864,0.442949432254078,0.009099999999999997,0.009600000000000011,-0.0013999999999999985,0.005417956656346812,,-0.0005072747740256296,0.0013508254602949282,,,-0.0025342714,,8.915705680847168,,13.0796,,-1.5399676315095852,,,-0.042608527827225906,-0.01896551724137918,,,0.5244547472013426,-0.0023958736034182136,0.050347115844488144,0.493821382522583,0.35602721635220724,0.9811982056548441,0.9811982056548441,-2.9051571160522376,0.024797367666568933,,,,1.0522597454235025,,0.307746946811676,0.7269446339687412,2.7429308891296387
199007,356.15,11.719999999999999,21.419999999999998,-0.004454,-0.006508,0.0924,0.102,0.086,0.0107,0.0102,0.0762,0.0068000000000000005,0.03290748280219009,0.03273560136305234,0.06014319809069212,0.5471521942110177,0.4392124466473909,0.00979999999999999,0.009599999999999997,-0.0004999999999999987,0.0038491147036181506,,0.004885057791455441,0.001298436929738612,,,-0.0034740157,,21.444114685058594,,26.987,,-1.5535829588510703,,,-0.046346783103456524,0.2085530169888692,,,0.6851913187108641,0.02339485190208096,0.02963283658027649,0.48506978154182434,0.3615407977236687,0.9684807067255604,0.9684807067255604,-2.892330376468795,0.024960262449425195,,,,0.001745764860494744,,0.2790523171424866,0.6733516406163368,2.7121760845184326
199008,322.56,11.777,21.58,-0.090801,-0.094897,0.0941,0.1041,0.092,-0.0419,-0.0292,0.0745,0.0066,0.036511036706349205,0.03306752772708128,0.06690228174603174,0.5457367933271547,0.48807356293700943,0.0175,0.009999999999999995,0.0127,0.009202453987730008,,0.0014392107753076744,0.0058277891593425295,,,-0.0038832506,,49.35226058959961,,51.0203,,-1.7587841653301142,,,-0.044845505795177765,0.3233155598642754,,,0.7145411049191998,-0.00968674645673814,0.029112519696354866,0.46094000339508057,0.3565139194452053,0.871525960496708,0.871525960496708,-2.788403689593663,0.024210235051600693,,,,-2.1405250845716903,,0.3730570375919342,0.7129250228705576,2.694507360458374
199009,306.05,11.834,21.740000000000002,-0.048959,-0.051213,0.0956,0.10640000000000001,0.0914,0.0117,0.0091,0.0736,0.006,0.03866688449599738,0.03668774801587302,0.07103414474759026,0.5443422263109475,0.5202896659707724,0.017799999999999996,0.010800000000000004,-0.0026,0.008358662613981771,,0.001372879452723427,0.0019847914869206345,,,-0.0032591891,,41.4406852722168,,57.6982,,-1.5666680749189912,,,-0.04675081793791147,0.4498168498168498,,,0.7155437485869582,0.023611808139189595,0.039380595088005066,0.4820229411125183,0.3584254778310058,0.8175614634552879,0.8175614634552879,-2.729762617973894,0.026665761857746703,,,,-2.685335776515435,,0.35800090432167053,0.7406721295712244,2.71151065826416
199010,304.0,11.918,21.606666666666666,-0.003597,-0.00611,0.0953,0.1074,0.0898,0.0215,0.0132,0.0717,0.0068000000000000005,0.039203947368421053,0.038941349452703805,0.07107456140350876,0.5515890157358839,0.5224519209115885,0.018100000000000005,0.0121,-0.008299999999999998,0.006028636021100375,,-0.0004706836028008516,0.004492763947883038,,,-0.0026211334,,50.759300231933594,,52.1602,,-1.618936751608196,,,-0.05458812490637044,-0.10939868620515403,,,0.6060648515598862,0.02772913346383098,0.05918608605861664,0.4836905598640442,0.34861138823838983,0.8141778481540128,0.8141778481540128,-2.727631376215727,0.030152427503671718,,,,-2.685335776515435,,0.3845001459121704,0.7682662058281781,2.6601765155792236
199011,322.22,12.002,21.473333333333333,0.064561,0.059897,0.09300000000000001,0.10619999999999999,0.0858,0.0402,0.0285,0.0706,0.005699999999999999,0.03724784308857303,0.03948026315789474,0.06664183890923385,0.5589257994411674,0.4985056550700291,0.015200000000000005,0.013199999999999976,-0.011699999999999999,0.0022471910112360494,,0.0009098870226862191,0.002439892152473761,,,-0.0026320853,,22.68064308166504,,30.4216,,-1.5452089750055018,,,-0.06935901306398584,-0.1744680851063829,,,0.55705542134773,-0.028054366617948915,0.0389777310192585,0.5145854949951172,0.38203330142359565,0.8532877739811652,0.8532877739811652,-2.7889883346674655,0.033517556931422526,,,,-2.685335776515435,,0.35643675923347473,0.9160475233236292,2.8083717823028564
199012,330.22,12.086,21.339999999999996,0.027987,0.024954,0.09050000000000001,0.1043,0.0844,0.0187,0.0167,0.0674,0.006,0.03659984252922294,0.037508534541617525,0.06462358427714855,0.5663542642924088,0.4844968598832044,0.017,0.013799999999999993,-0.0020000000000000018,0.0,,-0.001845904380195057,0.0007945958006184112,,,-0.0023382328,,42.31435775756836,,50.2439,,-1.5491719263722188,,,-0.07869544461295686,-0.02268041237113405,,,0.5967544324188875,0.031746841950733094,0.04265173152089119,0.534834623336792,0.4089302850995594,0.8779598299858321,0.8779598299858321,-2.816877360793932,0.03231120918111928,,,,-2.685335776515435,,0.3314187526702881,0.9116737151755232,2.7621397972106934
199101,343.93,12.094000000000001,21.206666666666663,0.045001,0.043063,0.0904,0.1045,0.0837,0.013,0.015,0.0622,0.0052,0.03516413223621086,0.03662406880261644,0.06165983388092537,0.5702923608928011,0.46630779969229535,0.0215,0.014100000000000001,0.002,0.005979073243647104,,0.0007215570530394188,0.003193548619349617,,,-0.0022499869,,22.897247314453125,,19.8734,,-1.6051801086043123,,,-0.0839225612183867,-0.23206751054852326,,,0.6165363945215185,-0.0008719540363929615,0.10893478989601135,0.4973079562187195,0.4226584833282286,0.9122060171680973,0.9122060171680973,-2.863916578081869,0.030897806526436727,,,,-0.2918884600126714,,0.31168434023857117,0.7290117973826586,2.7814011573791504
199102,367.07,12.102,21.073333333333334,0.071565,0.067371,0.0883,0.1007,0.0841,0.003,0.0121,0.0594,0.0048,0.03296918843817256,0.03518739278341523,0.05740957673831513,0.574280291047137,0.4427204407774671,0.024699999999999993,0.012399999999999994,0.0091,0.0014858841010403356,,0.0012468954583051053,0.0024313467391365987,,,-0.0022466856,,20.102148056030273,,24.7257,,-1.7485744297728634,,,-0.09330051338030732,-0.12454212454212454,,,0.6644342785241691,0.01072237388405449,0.059304025024175644,0.4680493175983429,0.4095188816309084,0.9608067338944911,0.9608067338944911,-2.9331153342893646,0.0295024634748272,,,,1.0522597454235025,,0.2931916415691376,0.8581861098549831,2.8282012939453125
199103,375.22,12.11,20.94,0.024354,0.022312,0.08929999999999999,0.1009,0.0844,0.0038,0.0108,0.0591,0.0044,0.03227439901924204,0.03299098264636173,0.05580725974095197,0.5783190066857689,0.4571255997199591,0.025300000000000003,0.011600000000000013,0.007000000000000001,0.0014836795252224366,,0.0032513976871146005,0.0013750554843058975,,,-0.0024701057,,12.195093154907227,,14.9701,,-1.6390373073686217,,,-0.10102965931152141,0.027196652719665204,,,0.6652545361174038,-0.011132171094308007,0.013971811160445213,0.47019970417022705,0.41306829440918663,0.9713676139678307,0.9713676139678307,-2.9638303564896624,0.031661438309771944,,,,1.0522597454235025,,0.29064270853996277,0.6368623995020625,2.8838882446289062
199104,375.35,12.122333333333334,20.43,0.002268,0.000214,0.0886,0.09939999999999999,0.0837,0.014,0.0138,0.0565,0.0053,0.03229607921495493,0.032307268624629105,0.05442919941388037,0.5933594387338881,0.46123959873540016,0.027199999999999995,0.01079999999999999,-0.00020000000000000052,0.001481481481481417,,0.005730157146947268,0.002072774464530118,,,-0.0023251798,,12.263261795043945,,18.0895,,-1.6545193745511306,,,-0.10034871295035686,0.070264765784114,,,0.38237889647747053,-0.0324326239021047,0.04371762275695801,0.46882063150405884,0.3983365840772716,0.9611943577215206,0.9611943577215206,-2.988185858125804,0.030483716394132453,,,,1.0522597454235025,,0.26540398597717285,0.6482926779379907,2.8158226013183594
199105,389.83,12.134666666666668,19.92,0.04293,0.038759,0.0886,0.0986,0.0845,0.0,0.0039,0.0546,0.004699999999999999,0.0311280985728822,0.032328937436170685,0.05109919708590925,0.6091700133868808,0.43996696944673824,0.029900000000000003,0.009999999999999995,0.0039,0.002958579881656931,,0.006982102318634442,0.0015851689874718281,,,-0.0026470033,,10.573369979858398,,14.6129,,-1.5859432378641658,,,-0.09292885015013752,0.0028544243577544037,,,0.33376431834555115,-0.018557105156632107,0.045406270772218704,0.48960480093955994,0.3962932853600148,1.0,1.0,-3.051595473827421,0.028869013526910597,,,,1.0522597454235025,,0.258001446723938,0.6666508085645041,3.0210981369018555
199106,371.16,12.147,19.41,-0.045357,-0.047498,0.0901,0.09960000000000001,0.086,-0.0063,-0.0018,0.0557,0.0042,0.032727125767862915,0.031159736295308212,0.05229550598124798,0.6258114374034003,0.4582437430119549,0.030299999999999994,0.009500000000000008,0.0045000000000000005,0.002949852507374784,,0.014247487395344205,0.0011798904421459974,,,-0.0023828567,,17.67349624633789,,26.4061,,-1.568305966994318,,,-0.08680481527008865,-0.02371916508538896,,,0.3503652930833747,-0.04042565689639092,0.03625467047095299,0.5023893117904663,0.33762356793191745,0.9576388728737897,0.9576388728737897,-3.0303951180620685,0.02457412792822071,,,,1.0522597454235025,,0.2853391468524933,0.5610852637017087,2.9879260063171387
199107,387.81,12.189666666666668,18.88,0.046526,0.044799,0.09,0.0989,0.085,0.0157,0.0167,0.0558,0.0049,0.03143205865415195,0.03284208068398175,0.04868363373817075,0.6456391242937853,0.44035678156055563,0.029200000000000004,0.008900000000000005,0.0010000000000000009,0.0014705882352941124,,0.014835553852523173,0.0011053299091358607,,,-0.0021621899,,10.142151832580566,,12.701,,-1.539448424797182,,,-0.085950592341554,0.05344995140913511,,,0.3310961254891198,0.05839058020266519,0.05942282825708389,0.5019965767860413,0.3497314836720564,0.996537444034092,0.996537444034092,-3.101870289581327,0.02491900835835053,,,,1.0522597454235025,,0.2626422941684723,0.5587339131114921,2.995763063430786
199108,395.43,12.232333333333333,18.35,0.023885,0.019912,0.0875,0.0965,0.0818,0.034,0.0275,0.0533,0.0046,0.030934257222095776,0.03154207816542465,0.04640517917204057,0.66661217075386,0.437639637271652,0.028499999999999998,0.009000000000000008,-0.006500000000000002,0.002936857562408246,,0.01733129725060789,0.0020376369415807836,,,-0.0020694528,,8.49565315246582,,9.5733,,-1.5814158081285448,,,-0.08790049152422874,0.02859778597785989,,,0.2898562818036795,0.005458832531586512,0.05576811358332634,0.4945260286331177,0.3632927540171894,0.9961934126072342,0.9961934126072342,-3.1463788921679026,0.02554309761704946,,,,1.0522597454235025,,0.2978588938713074,0.6299539635925242,3.0209295749664307
199109,387.86,12.274999999999999,17.82,-0.016861,-0.019061,0.0861,0.0951,0.079,0.0303,0.0271,0.052199999999999996,0.0046,0.03164801732583922,0.03104215663960751,0.04594441293250142,0.6888327721661054,0.44153183703099674,0.026800000000000004,0.009000000000000008,-0.0032000000000000015,0.004392386530014614,,0.02328904160694561,0.00047469663560379554,,,-0.0017709068,,10.482274055480957,,16.4127,,-1.5015291656908374,,,-0.08193348264619527,-0.0006726457399103269,,,0.2874438779398189,-0.0282383003809472,0.052452653646469116,0.4967624247074127,0.37759084071485016,0.9874117496882395,0.9874117496882395,-3.1540380655477125,0.028009456387102095,,,,1.0522597454235025,,0.26853951811790466,0.5626911206377738,3.020624876022339
199110,392.46,12.250999999999998,17.203333333333333,0.013458,0.011899,0.0855,0.0949,0.0791,0.0054,0.0043,0.0499,0.0042,0.031215920093767512,0.031586139328623725,0.04383461584195417,0.7121294322805657,0.43400345378123883,0.029200000000000004,0.009399999999999992,-0.0011000000000000003,0.001457725947521915,,0.025508894731033162,0.0011256624322622082,,,-0.0021871421,,10.218021392822266,,15.0544,,-1.5825164373783065,,,-0.08441082512560794,0.0439757684541171,,,0.27087690758600513,-0.029515814927791994,0.051341209560632706,0.49752867221832275,0.39564318857199937,0.9973839429342085,0.9973839429342085,-3.199931150122994,0.029899459094569276,,,,1.0522597454235025,,0.25575944781303406,0.5462907082645173,2.9943268299102783
199111,375.22,12.227,16.586666666666666,-0.040214,-0.043973,0.0848,0.09449999999999999,0.0789,0.0082,0.0106,0.045599999999999995,0.0039000000000000003,0.03258621608656255,0.03115476736482699,0.044205177407032316,0.7371583601286175,0.46015449030635514,0.0333,0.009699999999999986,0.0023999999999999994,0.0029112081513829047,,0.03068994690533116,0.002049019739308559,,,-0.001427475,,19.861047744750977,,24.8364,,-1.6385373372794816,,,-0.08792127204029665,-0.0722114764667956,,,0.3452393371763153,-0.00883196738049198,-0.07218485325574875,0.4979114532470703,0.3877790215156871,0.9407016232552848,0.9407016232552848,-3.1904895593418723,0.0292152497325567,,,,0.7836451441493966,,0.25047680735588074,0.4855501939400581,3.0777721405029297
199112,417.09,12.203,15.969999999999999,0.114089,0.111476,0.08310000000000001,0.0926,0.073,0.0581,0.0436,0.0407,0.0038,0.0292574744060035,0.03252225361121475,0.03828909827615143,0.7641202254226676,0.42034441734015393,0.032299999999999995,0.009499999999999995,-0.014499999999999999,0.0007256894049345597,,0.03181238339596878,0.002049549527566583,,,-0.0012532164,,16.04435920715332,,22.9771,,-1.698806583241184,,,-0.09471857812699369,-0.11304146397961556,,,0.2547419677455304,-0.019540162269653737,0.11123538762331009,0.505249559879303,0.41401583222356997,1.0,1.0,-3.3310894800473325,0.03338542483567071,,,,1.0522597454235025,,0.28245559334754944,0.4543794739892662,3.0506834983825684
199201,408.79,12.243333333333332,16.043333333333333,-0.018348,-0.019654,0.08199999999999999,0.0913,0.0776,-0.0324,-0.0173,0.038,0.0034000000000000002,0.02995017816808956,0.029354176157024462,0.039245904580183795,0.7631414917930605,0.4132296784533297,0.0396,0.009300000000000017,0.015099999999999999,0.0014503263234226793,,0.031941468275817037,0.0008724426833656897,,,-0.0012723765,,12.86983871459961,,17.0722,,-1.7809448067176306,,,-0.10188885449895135,-0.011491250979367873,,,0.18462591928045424,-0.013689881945121756,0.05909454822540283,0.4561254382133484,0.37242556546921457,0.9851014932123932,0.9851014932123932,-3.305847165112053,0.04407576143369442,,,,0.8061903230793789,,0.24254834651947021,0.38953123508814935,3.049429416656494
199202,412.7,12.283666666666665,16.116666666666667,0.012865,0.009442,0.08289999999999999,0.09230000000000001,0.0777,0.0051,0.0096,0.0384,0.0028000000000000004,0.029764154753250945,0.030048843334393366,0.039051772877796626,0.7621716649431229,0.40763052516093295,0.03930000000000001,0.00940000000000002,0.004499999999999999,0.003620564808110016,,0.033556022037698925,0.0009132282432734949,,,-0.0013307521,,12.43387508392334,,18.221,,-1.7088549409378637,,,-0.09676906781989025,-0.012417437252311703,,,0.20432738158744296,-0.04573590660555421,0.039376623928546906,0.4435076117515564,0.33545243627364285,0.9952334831816576,0.9952334831816576,-3.313698184287934,0.04790910090890699,,,,1.0522597454235025,,0.18836461007595062,0.38004810414556506,3.3408420085906982
199203,403.69,12.323999999999998,16.19,-0.01947,-0.021873,0.08349999999999999,0.0925,0.0797,-0.0094,-0.0073,0.0404,0.0034000000000000002,0.03052837573385518,0.029861885146595588,0.04010503108821126,0.7612106238418775,0.40210603421764723,0.039299999999999995,0.009000000000000008,0.0021000000000000003,0.005050505050505194,,0.04190053644266768,0.0004697572964605512,,,-0.0012508721,,11.855687141418457,,17.327,,-1.619692403182677,,,-0.0901907393006498,0.04146602461209192,,,0.3604135405890133,-0.03978934321068971,0.04127325117588043,0.45017626881599426,0.30265945810344613,0.9833508092090266,0.9833508092090266,-3.2889461743865316,0.043582254686319384,,,,0.00817580411963909,,0.1343052238225937,0.23178861612140672,2.882776975631714
199204,414.95,12.322666666666667,16.476666666666667,0.028614,0.027157,0.0833,0.09210000000000002,0.0803,0.0016,0.0016,0.0375,0.0032,0.0296967506125236,0.030525072869446026,0.039707595292605535,0.7478858992514668,0.3873034717692683,0.0428,0.008800000000000016,0.0,0.00143575017946862,,0.038661809397087424,0.0016610435962213363,,,-0.0015031952,,10.204578399658203,,13.3759,,-1.704789488963948,,,-0.08453655668313864,0.07115335217056273,,,0.21906963475909985,-0.01359718368173565,0.057893455028533936,0.4403657019138336,0.30099423959057237,0.997807812267934,0.997807812267934,-3.298347390152898,0.037336504325240376,,,,0.7803982348754671,,0.19360989332199097,0.3253076953304507,2.8608193397521973
199205,415.35,12.321333333333332,16.763333333333335,0.00485,0.001087,0.0828,0.0913,0.0781,0.0243,0.0254,0.0363,0.0028000000000000004,0.029664941214236983,0.029693537373980797,0.040359536134184026,0.735016901968582,0.3829985162855326,0.041800000000000004,0.008500000000000008,0.0011000000000000003,0.0014336917562722817,,0.03717549067013569,0.0006900288158802762,,,-0.0015877929,,7.407621383666992,,12.2742,,-1.572534851824795,,,-0.08315424013566997,0.060431654676258884,,,0.3090078093921055,-0.014329922478426153,0.07610161602497101,0.45407426357269287,0.30573560052494425,0.9995439070394271,0.9995439070394271,-3.2812244586513506,0.03166358520123383,,,,1.0522597454235025,,0.19604940712451935,0.41642634149707,2.8246030807495117
199206,408.14,12.32,17.05,-0.01503,-0.017545,0.08220000000000001,0.09050000000000001,0.0765,0.02,0.0156,0.0366,0.0032,0.030185720586073408,0.029661731070181774,0.04177488116822659,0.7225806451612903,0.3920423538331407,0.0399,0.008300000000000002,-0.004400000000000001,0.0035790980672869566,,0.04307656076019683,0.0007529192208540511,,,-0.0012735065,,6.288462162017822,,10.3259,,-1.5776337430538394,,,-0.08454198282502912,-0.015603799185888723,,,0.26622107118286015,-0.04015681086497875,0.0317063070833683,0.48707613348960876,0.30614675311314926,0.972257786658307,0.972257786658307,-3.2455456566381016,0.03378742236342462,,,,1.0522597454235025,,0.1940670907497406,0.6012557125880487,2.8184049129486084
199207,424.21,12.344999999999999,17.38,0.040924,0.039465,0.08070000000000001,0.08839999999999999,0.0726,0.0398,0.0308,0.0321,0.0031,0.029101152730958722,0.03024697407752242,0.04097027415666769,0.7102991944764097,0.3833486996935862,0.0405,0.007699999999999985,-0.009000000000000001,0.0021398002853068032,,0.04149479207183535,0.0008974630008779733,,,-0.0013636615,,6.019327640533447,,9.6272,,-1.5832823562797105,,,-0.07727260050546736,0.0009189065012635833,,,0.3148980609165377,-0.05552244966584396,0.03366938233375549,0.49625879526138306,0.3286566250531725,0.9943074114982671,0.9943074114982671,-3.261070698055098,0.026236907714650173,,,,1.0522597454235025,,0.16152605414390564,0.594876433717334,2.779823064804077
199208,414.03,12.370000000000001,17.71,-0.020615,-0.024214,0.0795,0.08650000000000001,0.0725,0.0067,0.009,0.0313,0.0026,0.02987706204864382,0.029160085806558076,0.042774678163418116,0.6984754376058724,0.39940503692424356,0.041199999999999994,0.007000000000000006,0.002299999999999999,0.002846975088967918,,0.04304995758658025,0.0003695473760987948,,,-0.0014314693,,7.111562728881836,,11.7631,,-1.4944151558277843,,,-0.08477180140349638,-0.014000459031443646,,,0.3245029121140335,-0.05839692057880669,0.006509934552013874,0.4919130206108093,0.3456741307708517,0.9543362406649458,0.9543362406649458,-3.21562849588627,0.02633641892055217,,,,1.0522597454235025,,0.15080119669437408,0.6254638151515898,2.7383928298950195
199209,417.8,12.395,18.04,0.01134,0.008916,0.07919999999999999,0.0862,0.071,0.0185,0.0099,0.0291,0.0026,0.029667304930588796,0.02993744414655943,0.043178554332216366,0.6870842572062085,0.3976569721096054,0.04189999999999999,0.007000000000000006,-0.008599999999999998,0.002838892831795725,,0.04113778339350924,0.000872241204295148,,,-0.0010761546,,8.677095413208008,,13.9343,,-1.5243083995366589,,,-0.08336642312102072,0.011405959031657309,,,0.27875842085052843,-0.047261933758683296,0.024823494255542755,0.4920263886451721,0.3514651510106902,0.9585287749655016,0.9585287749655016,-3.2046346776681194,0.021658432373003206,,,,1.0522597454235025,,0.17052192986011505,0.5927355925107367,2.71535587310791
199210,418.68,12.391666666666667,18.39,0.004796,0.003455,0.0799,0.08839999999999999,0.0741,-0.0198,-0.0156,0.0286,0.0023,0.02959698735709054,0.029659326631562153,0.04392376038979651,0.673826354903027,0.4032511777507015,0.0455,0.008499999999999994,0.004200000000000002,0.0035385704175512345,,0.0410960974734799,0.000944144797523442,,,-0.00090211186,,12.137796401977539,,14.4022,,-1.5752048151728908,,,-0.07852135989367692,-0.048101265822784844,,,0.2625768340941066,-0.0030332623748145987,0.01813463680446148,0.490802139043808,0.3819533568455074,0.9452333726902242,0.9452333726902242,-3.1891193790834076,0.02224208768686249,,,,1.0522597454235025,,0.17236033082008362,0.6936925938616983,2.7392218112945557
199211,431.35,12.388333333333335,18.740000000000002,0.033794,0.030069,0.081,0.08960000000000001,0.0748,0.001,0.0069,0.0313,0.0023,0.028719910358950586,0.02958902582720296,0.04344499826127275,0.6610636784062611,0.3936264584752829,0.043500000000000004,0.00860000000000001,0.0059,0.0014104372355430161,,0.037986651063150405,0.0005080947218723736,,,-0.00083605819,,6.124342441558838,,11.2196,,-1.604951472819293,,,-0.07661623312086441,-0.0374758220502901,,,0.23354961870755034,-0.05264520019442766,0.04324980080127716,0.5039523839950562,0.3954719834794501,0.9683435827271102,0.9683435827271102,-3.2027025052610254,0.024361168505444022,,,,1.0522597454235025,,0.16747169196605682,0.6261283444493666,2.790910482406616
199212,435.71,12.385000000000002,19.090000000000003,0.01338,0.011197,0.07980000000000001,0.08810000000000001,0.0726,0.0246,0.0228,0.0322,0.0028000000000000004,0.028424869752817244,0.028712182682276575,0.04381354570700696,0.6487689889994761,0.3941096141989526,0.0404,0.008300000000000002,-0.0017999999999999995,-0.0007042253521126751,,0.03882868628085275,0.0004715522686509447,,,-0.0011115236,,4.956529140472412,,10.2534,,-1.601256049361609,,,-0.07680474534797455,-0.02110022607385087,,,0.2901495282656009,-0.03143287671595554,0.027189062908291817,0.5005826354026794,0.38451157543685843,0.9671570164156322,0.9671570164156322,-3.1933190488966594,0.024982282004825912,,,,1.0522597454235025,,0.1422710120677948,0.6658069024624513,3.106253147125244
199301,438.78,12.416333333333334,19.340000000000003,0.007282,0.005964,0.0791,0.0867,0.0725,0.028,0.025,0.03,0.0023,0.028297400367686163,0.02849678302846695,0.04407675828433384,0.642002757669769,0.393048104460834,0.042499999999999996,0.007599999999999996,-0.002999999999999999,0.0049330514446792595,,0.041753840541857885,0.00034885075192561557,,,-0.0015522385,,4.8688201904296875,,9.4876,,-1.6493215335260163,,,-0.0748443020222691,0.0400307929176289,,,0.48487206316149445,-0.06283271313564584,0.056227296590805054,0.4583424925804138,0.37221939820722705,0.9697703920942456,0.9697703920942456,-3.1857359842294195,0.02689163408024987,,,,1.0522597454235025,,0.0940597876906395,0.5248219182156895,2.858278751373291
199302,443.38,12.447666666666667,19.59,0.013526,0.010361,0.0771,0.0839,0.0698,0.0354,0.0256,0.029300000000000003,0.0022,0.028074488399717323,0.028368810489691115,0.04418331904912265,0.6354092223923771,0.3859601968908335,0.040499999999999994,0.0068000000000000005,-0.0098,0.003506311360448766,,0.040728168686458836,0.001146896483029807,,,-0.0014793405,,5.330381870269775,,9.3831,,-1.771938598081471,,,-0.07190809787251062,0.012830002467308033,,,0.48951890189080277,-0.018004785561734796,0.03927711397409439,0.44468092918395996,0.3548089044728121,0.9792774262522733,0.9792774262522733,-3.1801266932440635,0.03077772184371566,,,,1.0522597454235025,,0.13194936513900757,0.5069561898925592,2.7589287757873535
199303,451.67,12.479,19.84,0.021202,0.018578,0.0758,0.0815,0.0702,0.0021,0.0025,0.029500000000000002,0.0025,0.02762857838687537,0.028145157652577923,0.04392587508579272,0.6289818548387096,0.33361352638732605,0.0407,0.005699999999999997,0.0004000000000000002,0.0034940600978337066,,0.037106416302167856,0.0010047249550798963,,,-0.0016690258,,4.052228927612305,,7.9175,,-1.6432279806302605,,,-0.0746462919024733,-0.004141291108404221,,,0.32511000332551304,-0.03747090379797142,0.03507649153470993,0.451555073261261,0.35466519221777437,0.9875716577447863,0.9875716577447863,-3.183331933912058,0.031058588405414606,,,,1.0522597454235025,,0.1558486968278885,0.5203634344688899,2.741424560546875
199304,440.19,12.493666666666666,19.67,-0.024519,-0.02578,0.0746,0.0814,0.0701,0.0072,0.0052,0.0287,0.0024,0.028382440915665205,0.027661050471952234,0.04468524955133011,0.6351635316048126,0.33434980595256286,0.04139999999999999,0.0068000000000000005,-0.002,0.0027855153203342198,,0.03981268504536093,0.0010047850118473196,,,-0.0014462842,,3.8244452476501465,,8.0936,,-1.6889290434163038,,,-0.07376725776445969,0.004647749510763077,,,0.21229405860014305,-0.03074810958457805,0.01638360321521759,0.4552745223045349,0.340384211871457,0.9853217233320206,0.9853217233320206,-3.16609766868517,0.028600000624880436,,,,1.0522597454235025,,0.16807617247104645,0.15291050794614447,2.7591631412506104
199305,450.19,12.508333333333333,19.5,0.026259,0.022549,0.07429999999999999,0.0821,0.0701,0.0047,0.002,0.0296,0.0022,0.027784565035503528,0.028415759861272025,0.04331504475887958,0.6414529914529914,0.32488242147966084,0.040499999999999994,0.007800000000000015,-0.0027,0.001388888888888884,,0.04025462758695597,0.0008173081764945665,,,-0.0016500074,,5.833134651184082,,10.7938,,-1.6539145791860987,,,-0.07941529953999016,-0.024348672997321685,,,0.20812574448153134,-0.050877097648944034,0.029839960858225822,0.4537888467311859,0.3729699649641372,0.992292177122394,0.992292177122394,-3.1979014457389,0.023696127408433933,,,,1.0522597454235025,,0.16497762501239777,0.2030540982106281,2.793062925338745
199306,450.53,12.523,19.330000000000002,0.003466,0.001095,0.0733,0.08070000000000001,0.0668,0.0449,0.0293,0.030699999999999998,0.0025,0.027796151199698135,0.02781714387258713,0.042905022972942984,0.6478530781169166,0.32593124756094427,0.0361,0.007400000000000004,-0.015600000000000003,0.0013869625520113171,,0.04115402220214748,0.0005738513542606237,,,-0.0017479702,,3.224259614944458,,7.3938,,-1.6277006566772838,,,-0.07901520419213526,-0.06064387322186171,,,0.2624391393608144,-0.029265287045999046,-0.007435773033648729,0.461746484041214,0.3481538729465082,0.9890993380836777,0.9890993380836777,-3.2066578527015426,0.023936071892126196,,,,1.0522597454235025,,0.14831030368804932,0.16238720906931295,2.792494535446167
199307,448.13,12.521666666666665,19.69,-0.004593,-0.005909,0.0717,0.0793,0.0656,0.0191,0.01,0.0304,0.0024,0.027942040628091545,0.02779319172234183,0.043938142949590524,0.6359404096834264,0.3237770308188938,0.03520000000000001,0.007599999999999996,-0.009099999999999999,0.0,,0.04100778771207813,0.0006089624527147737,,,-0.001390471,,3.867546319961548,,8.7477,,-1.6098768432532997,,,-0.07817073026452892,-0.04861849096705628,,,0.259911599707161,-0.0231014532379369,0.052425410598516464,0.45720863342285156,0.3290128085711825,0.9920873391821061,0.9920873391821061,-3.1814473231697,0.023227011205302135,,,,1.0522597454235025,,0.15231561660766602,0.19752418308423966,2.869750738143921
199308,463.56,12.520333333333332,20.05,0.037431,0.033957,0.06849999999999999,0.076,0.0623,0.0434,0.0287,0.0302,0.0025,0.027009089078724072,0.027939065300991522,0.04325222193459315,0.6244555278470489,0.31386498333839247,0.032100000000000004,0.007500000000000007,-0.014700000000000001,0.0027700831024930483,,0.04019293617219193,0.00028156880698955715,,,-0.0012521643,,4.331841468811035,,9.4471,,-1.5829940809708245,,,-0.08122193175509373,0.021502373638648375,,,0.32609994336858783,-0.020813289320333148,0.0736561268568039,0.4683239459991455,0.3400657736941127,0.9997699947153548,0.9997699947153548,-3.1959521469395913,0.020608367963369734,,,,1.0522597454235025,,0.10884921252727509,0.22584657395625082,2.911515235900879
199309,458.93,12.518999999999998,20.41,-0.007582,-0.009842,0.0666,0.07339999999999999,0.0627,0.0005,0.0043,0.029500000000000002,0.0026,0.027278669949665522,0.027006212787988607,0.04447301331357723,0.6133757961783438,0.32235182146238445,0.03320000000000001,0.006799999999999987,0.0038,0.002071823204419676,,0.041840711897810884,0.0004706747650606977,,,-0.0011537305,,6.071805953979492,,10.4017,,-1.6472831617583994,,,-0.07777126714512139,0.023236741388737103,,,0.39045061178363316,-0.05316958356136651,0.037772879004478455,0.46467694640159607,0.3419083153470117,0.9734480804142285,0.9734480804142285,-3.1650855876089654,0.020460174500133276,,,,1.0522597454235025,,0.10173103958368301,0.2978670697109339,2.9779677391052246
199310,467.83,12.53833333333333,20.903333333333336,0.019884,0.01859,0.0667,0.0731,0.0623,0.0096,0.0051,0.0302,0.0022,0.026801045963989762,0.02732079692618336,0.04468147261469623,0.5998245893796841,0.3113628329216831,0.032100000000000004,0.006400000000000003,-0.004499999999999999,0.004135079255685792,,0.040367136692974155,0.0003142270838085984,,,-0.0010548299,,3.8848276138305664,,8.5069,,-1.6682921096799195,,,-0.07230452899660911,-0.09350788137857335,,,0.5152158304595478,-0.0353595475164504,0.08039732277393341,0.45817917585372925,0.3516656313792306,0.9980286670318288,0.9980286670318288,-3.160124439037452,0.022319431256887255,,,,1.0522597454235025,,0.07254577428102493,0.337167649399986,2.9957756996154785
199311,461.79,12.557666666666666,21.39666666666667,-0.008655,-0.012084,0.0693,0.0766,0.0651,-0.0259,-0.0188,0.031,0.0025,0.027193457343525552,0.026842371516719036,0.046334192309635695,0.5868982707586851,0.31107941081016693,0.034100000000000005,0.007300000000000001,0.007099999999999999,0.000686341798215695,,0.043837560264829,0.0005763516667575556,,,-0.0010516947,,7.481064319610596,,12.1877,,-1.692623424858993,,,-0.06957852828517819,-0.08429118773946354,,,0.5577912643580208,-0.053675205864016036,0.007856922224164009,0.46549803018569946,0.35848895205754866,0.9927723895579623,0.9927723895579623,-3.127498999382513,0.02352824134370384,,,,0.8061903230793789,,0.09297311305999756,0.4215073497075038,3.0025863647460938
199312,466.45,12.576999999999998,21.89,0.012646,0.010617,0.0693,0.07690000000000001,0.0654,0.002,0.0067,0.030600000000000002,0.0023,0.026963232929574442,0.027235323415405265,0.046928931289527284,0.5745545911375056,0.3052672229090084,0.0348,0.0076000000000000095,0.0047,0.0,,0.045726871339500465,0.00026968209775830155,,,-0.001012497,,4.103057384490967,,9.6009,,-1.6552623871990986,,,-0.06550235284799566,-0.08690054715159312,,,0.6708048739933824,-0.04415712233500867,0.017874911427497864,0.4768607020378113,0.387756425923986,0.989394702094968,0.989394702094968,-3.1152176612240687,0.02424311205375984,,,,1.0522597454235025,,0.08406900614500046,0.44310938130539856,3.0027425289154053
199401,481.61,12.620333333333331,22.163333333333334,0.033429,0.031954,0.0692,0.0765,0.0637,0.0257,0.0202,0.0298,0.0025,0.026204466961511037,0.02705613320470218,0.04601925486043341,0.569423973529854,0.28805856716297956,0.033900000000000007,0.007300000000000001,-0.005500000000000001,0.00274348422496562,,0.043671136171339726,0.00042348832756514826,,,-0.00097607727,,2.509124517440796,,7.358,,-1.720217567108918,,,-0.06445385935894254,0.07331688403242853,,,0.6356293168183925,-0.01937101381124385,0.05897015333175659,0.45072248578071594,0.4033320649077289,1.0,1.0,-3.1346030180906834,0.023194286203587544,,,,1.0522597454235025,,0.09927546977996826,0.3430428090561796,2.961585760116577
199402,467.14,12.663666666666664,22.436666666666667,-0.027161,-0.030121,0.0708,0.0776,0.0682,-0.045,-0.0286,0.0325,0.0021,0.02710893236859756,0.026294442944844718,0.048029855432347196,0.5644183627989896,0.2990588208680001,0.035699999999999996,0.0068000000000000005,0.016399999999999998,0.0034199726402188713,,0.04504113182338308,0.0010260764611396097,,,-0.0011355039,,8.693692207336426,,14.4292,,-1.750376140450041,,,-0.06569240407456789,-0.04794745484400664,,,0.5700355294773533,-0.03248375706069108,0.021802403032779694,0.4377269744873047,0.39885633265545783,0.9632159985521672,0.9632159985521672,-3.0939183224534723,0.023698568669270656,,,,1.0522597454235025,,0.13983558118343353,0.36409520924138744,2.945208787918091
199403,445.77,12.706999999999997,22.71,-0.043456,-0.045728,0.0748,0.08130000000000001,0.0725,-0.0395,-0.0383,0.035,0.0027,0.02850573165533795,0.027201695423213594,0.05094555488256276,0.5595332452664024,0.30748380506932604,0.03749999999999999,0.006500000000000006,0.0011999999999999997,0.0034083162917519783,,0.04190508648537913,0.0008921025376005575,,,-0.001099839,,14.013696670532227,,27.0343,,-1.7298219072586418,,,-0.057359880581868694,0.01931700586409124,,,0.6129840171144872,-0.03364275692532888,-0.014651970937848091,0.4433594048023224,0.4076077171335124,0.9139343850229743,0.9139343850229743,-3.039784755917663,0.02276365922309134,,,,-1.3411875710792607,,0.16490797698497772,0.4212388115900607,2.9334020614624023
199404,450.91,12.749666666666666,23.54,0.012817,0.011477,0.0788,0.0852,0.0745,-0.015,-0.0097,0.0368,0.0027,0.028275413423225624,0.028601446186748026,0.05220553990818566,0.5416171056357972,0.30366478621342424,0.0377,0.006400000000000003,0.005299999999999999,0.0013586956521740579,,0.039846646988596184,0.0013736679541102197,,,-0.00095162781,,6.135169982910156,,8.0452,,-1.765926798402165,,,-0.053277200221174326,0.144839255499154,,,0.5165470211773996,-0.024585546730165383,0.06147222965955734,0.43738219141960144,0.4109086435378875,0.925429071275601,0.925429071275601,-3.0199448965454203,0.021751043943132528,,,,-1.6745742673687405,,0.20409107208251953,0.44692400395780424,2.8999528884887695
199405,456.51,12.792333333333332,24.37,0.016309,0.012559,0.0799,0.0862,0.0759,-0.0082,-0.0062,0.0414,0.0032,0.028022022153585534,0.028370036888366482,0.05338327747475412,0.5249213513883189,0.2974694757018966,0.034499999999999996,0.0063,0.002000000000000001,0.0006784260515604323,,0.03964204585079896,0.0007505029371260813,,,-0.0010085097,,5.545914649963379,,9.6803,,-1.6644606463523983,,,-0.05049625251261425,0.08158439255099048,,,0.6156615768367998,-0.022276836111713327,0.06129356101155281,0.45931145548820496,0.41613331189446584,0.9447033450969746,0.9447033450969746,-2.999597216041631,0.022122760437149176,,,,-1.13510439235173,,0.18409039080142975,0.5209393087532396,2.906644582748413
199406,444.27,12.834999999999999,25.2,-0.024762,-0.027113,0.0797,0.08650000000000001,0.0774,-0.01,-0.0081,0.0414,0.0031,0.02889008936007383,0.02811548487437296,0.0567222634884192,0.5093253968253968,0.30841707670307816,0.036,0.006800000000000014,0.0019000000000000006,0.003389830508474523,,0.03399656429197575,0.0007971327064158291,,,-0.00096572186,,8.374313354492188,,14.663,,-1.6098101526738886,,,-0.04557344164349342,0.058485925116151805,,,0.5279688635622961,-0.0074790452153764,0.01885281875729561,0.45620614290237427,0.3535874539957574,0.9111694265978946,0.9111694265978946,-2.9381812826657554,0.022232738816923753,,,,-1.3522116721550013,,0.18359725177288055,0.3752793944925802,2.861661672592163
199407,458.25,12.864333333333335,25.910000000000004,0.032714,0.031381,0.08109999999999999,0.08800000000000001,0.0746,0.0363,0.0309,0.0433,0.0028000000000000004,0.028072740498272415,0.02895611527524554,0.056541189307146765,0.49650070757751186,0.2969853807729684,0.0313,0.006900000000000017,-0.0053999999999999986,0.002702702702702675,,0.03121218752335341,0.0003272825063099082,,,-0.00064309391,,3.093780279159546,,7.8015,,-1.5550964599128192,,,-0.046045665350036735,0.048541182545830175,,,0.5713585666434635,-0.02419917933899226,0.07063347846269608,0.45933663845062256,0.3481797832931597,0.9462441810193145,0.9462441810193145,-2.9432443557943575,0.022215194299266893,,,,-0.8708764642599938,,0.14697623252868652,0.3606105445176428,2.881772994995117
199408,475.5,12.893666666666668,26.620000000000005,0.041341,0.03799,0.08070000000000001,0.0874,0.0761,-0.0086,-0.0031,0.044800000000000006,0.0037,0.027116018226428323,0.02813675213675214,0.05598317560462672,0.4843601302278988,0.2856838193200228,0.031299999999999994,0.006699999999999998,0.0055,0.0040431266846361336,,0.028707456923317092,0.0005603876017552564,,,-0.00097495811,,4.0450215339660645,,9.0176,,-1.5594506235765073,,,-0.04116162779118149,-0.13346466387589273,,,0.5015713141997968,-0.02560772235877405,0.06594166159629822,0.46063339710235596,0.3505548862786641,0.9836766908977569,0.9836766908977569,-2.9526031963981465,0.022666847274226867,,,,0.5074490534797585,,0.13231155276298523,0.41362652022113494,2.8464229106903076
199409,462.71,12.923,27.330000000000002,-0.02394,-0.026238,0.0834,0.0898,0.08,-0.0331,-0.0265,0.0462,0.0037,0.02792894037301982,0.02717770767613039,0.05906507315597243,0.47285034760336625,0.2909046585988527,0.033800000000000004,0.006400000000000003,0.006599999999999998,0.0026845637583892135,,0.029004251001063068,0.0008018929880999821,,,-0.00083929779,,8.117613792419434,,13.3732,,-1.5852611598228457,,,-0.03981498905172831,0.04319408922989498,,,0.5510908765144039,-0.017179590816480038,0.05547523498535156,0.4652237594127655,0.3694697419104404,0.9660211745543389,0.9660211745543389,-2.901064007327792,0.02348753091286314,,,,0.7847585244917838,,0.14182910323143005,0.4657543915840013,2.812609910964966
199410,472.35,13.005333333333335,28.42,0.022622,0.021043,0.0857,0.092,0.0809,-0.0025,-0.005,0.0495,0.0038,0.027533255707279207,0.028106877597919508,0.060167248862072614,0.45761201032136994,0.28607127371314517,0.0314,0.0063,-0.0025,0.0006693440428380271,,0.026001443097619793,0.0011584280263979326,,,-0.00077172889,,8.299766540527344,,12.8008,,-1.6096237585222304,,,-0.033592058903997746,-0.010351402887496697,,,0.5102709387262375,-0.0073087126744334225,0.07374513149261475,0.46973007917404175,0.3792658864707752,0.982344483656582,0.982344483656582,-2.8851778448104852,0.025089682289000857,,,,0.7847585244917838,,0.19392356276512146,0.5139187233706659,2.9675204753875732
199411,453.69,13.087666666666667,29.510000000000005,-0.036248,-0.039423,0.0868,0.0932,0.0808,0.0066,0.0018,0.0529,0.0037,0.0288471570161711,0.027707561483363324,0.06504441358636956,0.44349937874166945,0.2989926142670591,0.027899999999999994,0.006400000000000003,-0.0048000000000000004,0.0013377926421402897,,0.022919175145886622,0.0008363991427871203,,,-0.0005588157,,9.854044914245605,,14.5262,,-1.5889842122868774,,,-0.028565527605467267,-0.007707129094412402,,,0.5584532703401396,-0.02026149069751544,0.010657785460352898,0.47465234994888306,0.37649409870449924,0.9398898038387676,0.9398898038387676,-2.8092755586376232,0.02316639029488108,,,,0.002964984123421393,,0.21106939017772675,0.48601195188982793,2.963263511657715
199412,459.27,13.170000000000002,30.6,0.014955,0.012419,0.08460000000000001,0.091,0.0799,0.0161,0.0157,0.055999999999999994,0.0044,0.028675942256189173,0.029028631885207965,0.06662747403488145,0.4303921568627451,0.2915683000067602,0.023900000000000005,0.006399999999999989,-0.00040000000000000105,0.0,,0.016596291904089715,0.0007049229543034868,,,-0.00057600688,,6.438903331756592,,10.4366,,-1.6246529625169575,,,-0.020181283909417758,-0.014424410540915256,,,0.5390627043453785,-0.025848525092573568,0.023806162178516388,0.47754770517349243,0.3901141647369837,0.9638242894056848,0.9638242894056848,-2.783838496016699,0.02311122830497468,,,,-0.2938303369354154,,0.19956302642822266,0.4879062390792662,2.9955995082855225
199501,470.42,13.170000000000002,31.250000000000004,0.025999,0.024348,0.08460000000000001,0.0908,0.078,0.0273,0.0256,0.0571,0.0042,0.027996258662471837,0.028675942256189173,0.06642999872454403,0.42144,0.2908537343814016,0.020900000000000002,0.006199999999999997,-0.0017000000000000001,0.004008016032064354,,0.015095327899508723,0.00028937658320599537,,,-0.00077978728,,4.1439409255981445,,9.1658,,-1.578288337057677,,,-0.020259020505691616,0.03602589361103292,,,0.5434686152775943,-0.044127195671871566,0.024294238537549973,0.4608512222766876,0.3843312551363957,0.9668774556412463,0.9661920992569802,-2.786528463022246,0.023528309335777976,,,,0.5426883721714818,,0.14275914430618286,0.42783347685919626,2.9591710567474365
199502,487.39,13.17,31.900000000000006,0.039228,0.036328,0.08259999999999999,0.0885,0.0758,0.0287,0.0289,0.057699999999999994,0.004,0.027021481770245593,0.027996258662471834,0.06545066579125548,0.4128526645768024,0.27873003559222,0.018100000000000012,0.0059000000000000025,0.0001999999999999988,0.003992015968063756,,0.014533983890415764,0.0004724140804132983,,,-0.00071551559,,3.941270351409912,,9.4248,,-1.5727433727704938,,,-0.023162071172942333,0.005976636783482814,,,0.6225504098464235,-0.022747822667145184,0.02567976340651512,0.47234490513801575,0.38919495627993766,0.9998280048058948,0.9998280048058948,-2.798500167025666,0.02391469376137416,,,,1.0522597454235025,,0.12003693729639053,0.47103592917418136,2.9627912044525146
199503,500.71,13.169999999999998,32.550000000000004,0.029334,0.027179,0.0812,0.087,0.0755,0.0091,0.0095,0.057300000000000004,0.0046,0.026302650236663935,0.02702148177024559,0.06500768908150427,0.40460829493087547,0.3138765418776539,0.018199999999999994,0.0058,0.0003999999999999993,0.003313452617627499,,0.014390439064971741,0.00048430583915839867,,,-0.00056677049,,4.315191268920898,,11.0168,,-1.5153608059894996,,,-0.023272223944922565,0.03564677288684859,,,0.6187914163205669,-0.01755727728630796,0.0369768925011158,0.472400039434433,0.4136006323865489,0.9964362405813216,0.9964362405813216,-2.802775785169638,0.02231932426976296,,,,1.0522597454235025,,0.10497697442770004,0.46932840389985225,2.936016082763672
199504,514.71,13.233666666666666,33.17666666666667,0.029395,0.027914,0.0803,0.086,0.0745,0.0169,0.0175,0.0565,0.0044,0.02571091812217883,0.026429803013054795,0.06445700815345859,0.3988847583643122,0.3019947008247009,0.017999999999999995,0.005699999999999997,0.0006000000000000033,0.0033025099075296716,,0.013013332662942119,0.0002569203760850568,,,-0.00062688226,,3.4859280586242676,,8.9891,,-1.5478012900482667,,,-0.026766494233434024,0.06153846153846154,,,0.5313351642355802,-0.04057863758855386,0.04411087557673454,0.48878219723701477,0.4118321231321335,1.0,1.0,-2.8099760566507253,0.022035693797258022,,,,1.0522597454235025,,0.10263262689113617,0.5129924731132823,2.859057903289795
199505,533.4,13.297333333333334,33.803333333333335,0.039809,0.036453,0.0765,0.08199999999999999,0.0677,0.079,0.0631,0.0567,0.0054,0.024929383827021624,0.025834612370720083,0.06337332833395826,0.3933734345725274,0.2922642542456368,0.010999999999999996,0.005499999999999991,-0.015899999999999997,0.0019749835418036987,,0.010744673448248256,0.0010114420621799751,,,-0.00039768418,,4.312896251678467,,9.2506,,-1.5849744144447493,,,-0.023630222314638516,-0.07270940800786052,,,0.3498942680122039,-0.01742152363258914,0.05959507077932358,0.46742191910743713,0.398567310801231,1.0,1.0,-2.822906906834116,0.022230430279527744,,,,1.0522597454235025,,0.13076502084732056,0.599039699770719,2.8128347396850586
199506,544.75,13.361,34.43,0.024155,0.022198,0.073,0.079,0.067,0.0139,0.0079,0.0547,0.004699999999999999,0.024526847177604408,0.025048743907011627,0.06320330426801285,0.38806273598605867,0.28642961789533944,0.012300000000000005,0.006000000000000005,-0.005999999999999998,0.001971090670170872,,0.008275796965371297,0.0006967643243991693,,,-0.00026772572,,1.9689677953720093,,6.2258,,-1.5905928952174093,,,-0.02208009651678733,-0.07947019867549665,,,0.4445790815563364,-0.0434089647169167,0.03516807407140732,0.4687846601009369,0.40012359201095016,0.9926900584795322,0.9926900584795322,-2.8212700935116874,0.025863566291225687,,,,1.0522597454235025,,0.1429656744003296,0.630789673722827,2.809828996658325
199507,562.06,13.432333333333332,34.68,0.033405,0.032023,0.0741,0.08039999999999999,0.0691,-0.0168,-0.0101,0.0542,0.0045000000000000005,0.023898397561351696,0.02465779409515068,0.06170159769419636,0.38732218377547095,0.27716036719066023,0.014899999999999997,0.006299999999999986,0.006699999999999999,0.0,,0.007061972528975415,0.0007732277287529845,,,-0.00029109184,,6.596565246582031,,10.2589,,-1.6732895146030604,,,-0.028024805459271995,0.0103597122302157,,,0.4268347176912404,-0.04332150387428214,0.009097895585000515,0.4575142562389374,0.4104048580579218,0.9941262042653639,0.9941262042653639,-2.8463523887520976,0.024493216413837345,,,,1.0522597454235025,,0.15858808159828186,0.573139524584715,2.7244553565979004
199508,561.88,13.503666666666666,34.93,0.003502,0.000642,0.0757,0.0819,0.0674,0.0236,0.0214,0.054000000000000006,0.004699999999999999,0.02403300823426117,0.024025311651187892,0.0621662988538478,0.386592232083214,0.28304613470217127,0.013399999999999995,0.006199999999999997,-0.0022000000000000006,0.0026229508196722318,,0.009122313410102818,0.00020672971563526985,,,-0.00013797336,,3.709486246109009,,7.4287,,-1.5543383465426044,,,-0.016606389237229457,0.01936770150954148,,,0.5929877274943968,-0.024052205540191197,0.05898209288716316,0.46638160943984985,0.40069939963563744,0.973453905905255,0.973453905905255,-2.8408231431831696,0.024737051159824372,,,,1.0522597454235025,,0.12086658179759979,0.5109858479984983,2.7439093589782715
199509,584.41,13.575,35.18,0.042102,0.040182,0.0732,0.0793,0.0663,0.0175,0.0153,0.0528,0.0043,0.02322855529508393,0.02415996298141952,0.06019746410910149,0.3858726549175668,0.2724949975926904,0.013499999999999998,0.006099999999999994,-0.0022000000000000023,0.0019620667102679956,,0.006380168766826036,0.00038145363144266744,,,-0.0001402155,,5.14539909362793,,10.657,,-1.605515132686013,,,-0.014328210388184992,-0.019837943559653515,,,0.5826561711700756,-0.01216235401119069,0.0685371458530426,0.4563233554363251,0.41056521830837484,0.9973509933774833,0.9973509933774833,-2.8702789748078974,0.02140201844548106,,,,1.0522597454235025,,0.08978524059057236,0.5484756555573268,2.7345943450927734
199510,581.5,13.645999999999997,34.77333333333333,-0.003442,-0.004864,0.0712,0.0775,0.0641,0.0294,0.0185,0.0528,0.004699999999999999,0.023466895958727425,0.023350045344877737,0.0597993694468329,0.3924271472392637,0.27442024525926073,0.011300000000000004,0.0063,-0.0109,0.0032637075718016106,,0.012222073267057022,0.00048781727394307014,,,2.0794291e-05,,6.354010581970215,,11.5482,,-1.6633417347965895,,,-0.017830405705554497,0.005416191562143791,,,0.6322921370626585,-0.0321956213853393,0.04791057109832764,0.4558182954788208,0.4170408937866654,0.9902195754250435,0.9902195754250435,-2.8754063578812197,0.022912655412439496,,,,1.0522597454235025,,0.07679541409015656,0.44024224293416975,2.8382155895233154
199511,605.37,13.716999999999999,34.36666666666667,0.044179,0.041338,0.0702,0.0768,0.0623,0.0249,0.0242,0.0536,0.0042,0.02265886978211672,0.023588993981083405,0.05676968906068465,0.3991367604267701,0.25716885151700014,0.0087,0.006599999999999995,-0.0006999999999999992,-0.0006506180871828082,,0.016870952814180593,0.0005461627096214274,,,-7.7981273e-05,,3.7914717197418213,,8.5363,,-1.6051481937091792,,,-0.016937578285413757,0.03515735752764382,,,0.6275898482107967,-0.02440109805155821,0.05955030769109726,0.4682678282260895,0.4171604111072056,0.993914477549965,0.993914477549965,-2.926361051611411,0.02293196167232397,,,,1.0522597454235025,,0.08511601388454437,0.44660225707530854,2.875601291656494
199512,615.93,13.787999999999998,33.96,0.017643,0.015809,0.0682,0.07490000000000001,0.0603,0.0272,0.0228,0.051399999999999994,0.0049,0.02238566070819736,0.02277615342682987,0.05513613559982466,0.40600706713780915,0.2550263829395351,0.008900000000000005,0.0067000000000000115,-0.004399999999999998,-0.0006510416666666297,,0.015526517530730723,0.0008205364791757412,,,-0.00014660419,,5.27104377746582,,9.2318,,-1.7091420133921447,,,-0.015208022904849905,0.07039167351410569,,,0.6724740258989081,-0.017755555486385927,0.021903211250901222,0.4707479476928711,0.41973097962504524,0.9809545535582491,0.9809545535582491,-2.953479269062116,0.023649098935483812,,,,1.0522597454235025,,0.11191272735595703,0.4476684193002563,2.8386576175689697
199601,636.02,13.89333333333333,33.986666666666665,0.034861,0.033415,0.0681,0.0747,0.0609,-0.0011,0.0014,0.05,0.0043,0.02184417680785719,0.022556675812727633,0.0534364747439808,0.40878775990584537,0.24187717210079357,0.0109,0.006600000000000009,0.0025,0.005863192182410382,,0.016127862770279326,0.0013839551115789395,,,-5.3141833e-05,,3.6092748641967773,0.00511165340552565,6.2807,,-1.693778088839313,,,-0.022679461306766235,-0.0913510747185261,,,0.6784197800167786,-0.006875912560055491,0.045179326087236404,0.44678041338920593,0.41224878621905636,1.0,1.0,-2.98422327662074,0.022849170249270963,0.013360142988639174,,,1.0522597454235025,,0.14984261989593506,0.36651055242306585,2.8728082180023193
199602,640.43,13.998666666666665,34.013333333333335,0.010088,0.007689,0.0699,0.07629999999999999,0.0659,-0.0483,-0.0373,0.0483,0.0039000000000000003,0.021858230667936646,0.022009790048530965,0.05311014995133479,0.41156409251274,0.23789473710345846,0.017599999999999998,0.006399999999999989,0.011000000000000003,0.0032383419689119286,,0.016801368282704777,0.001267630922844381,,,-0.00022785486,,8.057655334472656,0.007465279346379299,15.4671,,-1.7183687910675385,,,-0.009877751558875048,0.09912700647704886,,,0.5631631967810526,-0.027314182310444277,0.03674052283167839,0.4444881081581116,0.4180632211708826,0.9742704453786438,0.9742704453786438,-2.991862068069235,0.023131977361859048,0.02652023184507513,,,1.0522597454235025,,0.18671785295009613,0.40787536330180446,2.8295390605926514
199603,645.5,14.104,34.04,0.009585,0.00786,0.0735,0.0803,0.0684,-0.021,-0.013,0.0496,0.0039000000000000003,0.021849728892331523,0.022022703496088567,0.05273431448489543,0.4143360752056404,0.23929961540850445,0.018800000000000004,0.0068000000000000005,0.008000000000000002,0.005164622336991442,,0.016891911575242943,0.0017417161302782712,,,3.0555841e-05,,16.59299087524414,0.005754111105077639,18.9536,,-1.72142365198246,,,-0.012826334934519679,0.09787343069433763,,,0.5968795892540528,0.02641009379402359,-0.01643580012023449,0.4555610120296478,0.39733745164433093,0.983028362305581,0.983028362305581,-3.0033017459780362,0.022167254399146127,0.029856132847647123,,,1.0522597454235025,,0.21848180890083313,0.4568601302402275,2.9080798625946045
199604,654.17,14.160333333333334,34.33,0.015133,0.013857,0.075,0.0819,0.0706,-0.0165,-0.016,0.0495,0.0046,0.021646259127342027,0.021936999741802223,0.0524787134842625,0.4124769395086902,0.24007580620728264,0.021099999999999994,0.006900000000000003,0.0005000000000000004,0.003853564547206423,,0.02112195348676604,0.0009818375538861413,,,6.8224883e-05,,10.918662071228027,0.007574379492692854,14.1619,,-1.7239868291352096,,,-0.004644747988630904,-0.012135355892648803,,,0.40039066650759014,-0.03166201630746887,0.03303968161344528,0.4361139237880707,0.44458863678612837,0.9787916495305585,0.9787916495305585,-3.0104163405142557,0.0276184971485815,0.02170213467816613,,,1.0522597454235025,,0.2201843112707138,0.48729758711489973,2.899698257446289
199605,669.12,14.216666666666665,34.620000000000005,0.025257,0.02253,0.0762,0.083,0.0717,-0.0054,0.0005,0.050199999999999995,0.0042,0.02124681173282321,0.021732373338225027,0.051739598278335734,0.4106489505103022,0.23692351549588916,0.021500000000000005,0.0068000000000000005,0.005900000000000001,0.0019193857965449368,,0.026419154428536925,0.0011252911637478064,,,-0.0002545209,,9.828646659851074,0.006154528674518733,14.256,,-1.7084998581440431,,,0.0010851137516327825,-0.06614694070399241,,,0.4467100873426435,-0.00651361523008629,0.04077213630080223,0.4402908384799957,0.4140153499080294,0.9766649359640014,0.9766649359640014,-3.026757651409912,0.03109224326149978,0.022777273212806388,,,1.0522597454235025,,0.22231103479862213,0.47814550973795755,2.9311349391937256
199606,670.63,14.273,34.910000000000004,0.004128,0.002562,0.0771,0.084,0.0703,0.0203,0.0172,0.0509,0.004,0.02128297272713717,0.021331001912960307,0.052055529874893765,0.40885133199656254,0.23644372524397833,0.0194,0.006900000000000003,-0.0030999999999999986,0.0006385696040867028,,0.02721617423327966,0.00039480383279131827,,,-0.00084789044,,6.327707290649414,0.005565360222504596,10.4794,,-1.6847860769466512,,,0.006966679542128595,0.05413609916519091,,,0.5064432729299227,-0.022081390335353297,0.06658177077770233,0.43116870522499084,0.40577860693860923,0.9786465905157494,0.9786465905157494,-3.0222614210091354,0.03590172133830261,0.016441701822347263,,,1.0522597454235025,,0.1888689249753952,0.4707975984907055,2.9374706745147705
199607,639.95,14.403333333333332,35.27333333333334,-0.044443,-0.046048,0.0765,0.08349999999999999,0.0707,0.0018,0.001,0.051500000000000004,0.0045000000000000005,0.022506966690105996,0.021477317348363976,0.05511888949657526,0.4083349083349082,0.24181989379253627,0.019199999999999995,0.006999999999999992,-0.0007999999999999999,0.0019144862795150708,,0.03113686518002411,0.0023551484497514076,,,-0.00047047488,,17.579402923583984,0.00840943663660312,13.3234,,-1.808061743426432,,,0.005412522559122834,-0.017758579313654987,,,0.49557360487699326,-0.008066990270981601,0.04715822637081146,0.4138489365577698,0.388082513099856,0.956889927310488,0.956889927310488,-2.964705756042638,0.03444796982828264,0.032416637013432725,,,0.7836451441493966,,0.24994581937789917,0.37475792117630985,2.8766634464263916
199608,651.99,14.533666666666669,35.63666666666667,0.021928,0.019589,0.0746,0.0818,0.0726,-0.0139,-0.007,0.050499999999999996,0.0040999999999999995,0.02229124168571093,0.022710628434513113,0.05465830253020241,0.4078290150593958,0.23806111786702766,0.0221,0.007199999999999998,0.006899999999999999,0.0019108280254778176,,0.030886106462759414,0.0011215206691417817,,,-0.00035223578,,13.028932571411133,0.0065108566616407845,19.5613,,-1.6036169925279258,,,0.00881376425695457,0.08722208648912777,,,0.39230589882160766,-0.05147762677114055,0.02530474029481411,0.42891815304756165,0.40628102302418984,0.9719972308757355,0.9719972308757355,-2.9709426439107833,0.03019602986930483,0.02511191345985388,,,0.7709302260079621,,0.25452277064323425,0.4196805480704446,2.896913528442383
199609,687.31,14.664000000000001,36.0,0.056035,0.054112,0.0766,0.08349999999999999,0.0704,0.029,0.0259,0.0509,0.0044,0.02133535086060148,0.022491142502185618,0.05237811176907073,0.4073333333333334,0.22729731810082116,0.019500000000000003,0.0068999999999999895,-0.003100000000000002,0.0031786395422759295,,0.029580736477171136,0.0006862430296662209,,,-0.00053869363,,12.335166931152344,0.006236960382702415,18.2089,,-1.6205204026997029,,,0.013353312220397484,0.08764044943820215,,,0.4690791626616898,-0.018801598080648973,0.04594457894563675,0.4333935081958771,0.4107063249992993,0.9978658940004139,0.9978658940004139,-3.01533508922249,0.02643821178700748,0.024579147412517287,,,1.0522597454235025,,0.26978081464767456,0.4603364639838963,2.947108030319214
199610,705.27,14.742333333333335,36.910000000000004,0.026798,0.025348,0.0739,0.08070000000000001,0.0671,0.0404,0.0361,0.0499,0.0042,0.020903105666387815,0.021449321751950846,0.05233456690345542,0.3994129865438454,0.22174765584938821,0.017200000000000007,0.006800000000000014,-0.004299999999999998,0.003168567807350975,,0.025655808396834224,0.0006066450315791056,,,-0.00053145026,,16.226619720458984,0.00797619862881396,22.4557,,-1.6277140954916987,,,0.011953231547614962,-0.03925619834710736,,,0.3574044807208761,0.0018229668526404022,0.0454644151031971,0.45932480692863464,0.42027580568295936,0.9893604103560423,0.9893604103560423,-3.0133546408111482,0.0267458039707884,0.028207271252648377,,,1.0522597454235025,,0.18551668524742126,0.4396831776009189,2.926528215408325
199611,757.02,14.820666666666668,37.82000000000001,0.076441,0.074218,0.071,0.0779,0.0643,0.0351,0.0263,0.050300000000000004,0.0040999999999999995,0.01957764215828732,0.021014174240598166,0.04995904995904997,0.3918737881191609,0.20500791909557914,0.013999999999999992,0.006900000000000003,-0.008799999999999999,0.0018951358180667732,,0.022067341640474934,0.000703735417906,,,-0.00061392521,,13.62362289428711,0.0066730776830525775,19.6608,,-1.6535632147365227,,,0.019405751428855922,0.019354838709677358,,,0.3200992826968733,0.005648803643148061,0.06774623692035675,0.47281646728515625,0.4333581042834509,0.996015449487537,0.996015449487537,-3.0567055327571397,0.02957208653868216,0.025522400244560914,,,1.0522597454235025,,0.1354525089263916,0.5334520937238265,3.000516891479492
199612,740.74,14.899,38.730000000000004,-0.019798,-0.021518,0.07200000000000001,0.0789,0.0673,-0.0256,-0.0186,0.049100000000000005,0.0046,0.02011367011367011,0.01968111806821484,0.05228555228555229,0.38468887167570354,0.20734272969549994,0.018199999999999994,0.0068999999999999895,0.007000000000000003,0.0,,0.02412568647503003,0.0017090845668988378,,,-0.00039675518,,22.492321014404297,0.009382691297344484,25.1198,,-1.7148205102830858,,,0.024104043662455332,0.09282700421940926,,,0.3052461912466766,-0.042406624047136555,0.038672737777233124,0.46408918499946594,0.4384841934883022,0.9828316237101618,0.9828316237101618,-3.0121302923644486,0.03033751775320652,0.0386746050066848,,,1.0522597454235025,,0.1907399743795395,0.5576955585795195,3.0501410961151123
199701,786.16,14.952333333333332,39.233333333333334,0.062827,0.061689,0.0742,0.0809,0.0689,-0.0079,-0.0028,0.050300000000000004,0.0045000000000000005,0.01901945320715037,0.020185670185670183,0.049905023574505616,0.38111299915038227,0.1962401028604843,0.0186,0.006699999999999998,0.0051,0.0031525851197982124,,0.024406933496797244,0.0013600822131999593,,,-0.00079412929,,18.83697509765625,0.007024114796395759,18.5619,,-1.7349116610432012,,,0.02400346760943961,-0.06756756756756754,,,0.20336811853767947,-0.03926182934133637,0.06018274649977684,0.45593690872192383,0.4209237288350526,0.9897136648028948,0.9897136648028948,-3.0613592993365946,0.027252488257015494,0.031018638683990445,,,1.0522597454235025,,0.21102772653102875,0.4695413504873826,3.0094311237335205
199702,790.82,15.005666666666666,39.73666666666667,0.007752,0.0058,0.0731,0.0794,0.0694,0.0005,0.0028,0.0501,0.0039000000000000003,0.018974819385785217,0.01908729351107493,0.05024742250659653,0.3776277157956547,0.19439541077479064,0.019300000000000005,0.0063,0.0023,0.00314267756128217,,0.02291092614126407,0.0014747914387731075,,,-0.0013029057,,20.314266204833984,0.006809307385921249,27.3941,,-1.7330915609161182,,,0.03419074741412409,-0.1594202898550724,,,0.3732502166114624,-0.022446092899685608,0.013770409859716892,0.4396888017654419,0.3925955774323476,0.9731544288895868,0.9731544288895868,-3.0530193699396997,0.029322486891118,0.039423944066248114,,,1.0522597454235025,,0.2402379959821701,0.5090340854927472,2.9464974403381348
199703,757.12,15.059,40.24,-0.041688,-0.04331,0.0755,0.0818,0.0723,-0.0252,-0.0221,0.051399999999999994,0.0043,0.019889845731191885,0.019042259932728053,0.05314877430262046,0.37422962226640155,0.2147802022701851,0.02090000000000001,0.0063,0.0030999999999999986,0.0025062656641603454,,0.021148544305308756,0.0020014614517121668,,,-0.0013083062,,17.34795570373535,0.007186308003030661,28.2277,,-1.7435336730317148,,,0.03884020001129329,0.0024630541871921707,,,0.38181138530532455,-0.04684791556895553,-0.0607183463871479,0.4521263539791107,0.4002914532142481,0.9291914367494877,0.9291914367494877,-2.9994174827737625,0.030453834474772068,0.04355981600804431,,,1.0522597454235025,,0.2410406917333603,0.6463097609224823,2.928048849105835
199704,801.34,15.093,40.343333333333334,0.060274,0.059016,0.07730000000000001,0.0834,0.0705,0.0255,0.0184,0.0516,0.0043,0.018834701874360444,0.019934752747252746,0.05034483906123909,0.37411385606874326,0.20174104781366,0.018899999999999993,0.006099999999999994,-0.007099999999999999,0.0012499999999999734,,0.01694528984319253,0.00300508100333154,,,-0.00087192203,,16.149612426757812,0.008804218808971826,18.043,,-1.7594948870996907,,,0.03833899639569438,-0.0073710073710074875,,,0.5360214450712565,-0.024802748962010627,0.08024585247039795,0.45725560188293457,0.40281377626770315,0.9892493606354691,0.9892493606354691,-3.0554892486352965,0.03250854442546079,0.03424745500848293,,,1.0522597454235025,,0.2899005115032196,0.6933925164190856,2.89422345161438
199705,848.28,15.127000000000002,40.446666666666665,0.061401,0.059272,0.0758,0.08199999999999999,0.0701,0.0097,0.0128,0.050499999999999996,0.0049,0.01783255528834819,0.01887713080590012,0.04768079722104337,0.3739986813911324,0.19287858787625403,0.0196,0.006199999999999983,0.0031000000000000003,-0.0006242197253433224,,0.013264450904587279,0.002007455769669586,,,-0.00087840744,,10.846611022949219,0.006445676835271681,16.7757,,-1.738673318836133,,,0.04219454867426453,0.03960396039603964,,,0.4722937390662606,-0.036974187401438346,0.04570935666561127,0.4464319944381714,0.4315717180945821,0.9929084161768291,0.9929084161768291,-3.1081712247652025,0.033143584628127325,0.03308566276893898,,,1.0522597454235025,,0.29795366525650024,0.7266763118598414,2.9439144134521484
199706,885.14,15.161000000000001,40.55,0.044103,0.042762,0.0741,0.0802,0.0688,0.0195,0.0187,0.0493,0.0037,0.0171283638746413,0.01787263639364361,0.045811961949522105,0.37388409371146736,0.18428761503037272,0.019500000000000003,0.006099999999999994,-0.0007999999999999986,0.0012492192379762734,,0.010846707123569102,0.0019744632002779163,,,-0.00066209767,,17.579063415527344,0.006016812058962515,27.5567,,-1.8341659513757387,,,0.04511508595500402,-0.05785714285714283,,,0.4085434900084057,-0.028748579614899974,0.015985015779733658,0.4566671550273895,0.4422861318419303,0.9841313613398815,0.9841313613398815,-3.1460909420650545,0.031034744632014798,0.04097860231707256,,,1.0522597454235025,,0.29587849974632263,0.7634653204968848,2.9400718212127686
199707,954.29,15.218333333333335,40.58,0.080388,0.078977,0.07139999999999999,0.0775,0.0637,0.0626,0.0528,0.050499999999999996,0.0043,0.01594728366988372,0.01719313705553171,0.04252376112083329,0.3750205355676032,0.17196494296306417,0.01320000000000001,0.006100000000000008,-0.009800000000000003,0.0012476606363067688,,0.011592658570507177,0.002010215080185718,,,-0.00062725705,,23.08315658569336,0.009982809669273169,24.8431,,-1.835639210236104,,,0.051960038779662376,0.020217336365933702,,,0.35390579486026147,-0.023822225213064468,0.06604009866714478,0.4485858380794525,0.4669953898611664,0.9960895905336111,0.9960895905336111,-3.2180345030917503,0.027663736980502417,0.04049711687696922,,,1.0522597454235025,,0.26016542315483093,0.7618806932475598,3.023075819015503
199708,899.47,15.27566666666667,40.61,-0.054975,-0.056458,0.0722,0.0782,0.0672,-0.0317,-0.024,0.051399999999999994,0.0040999999999999995,0.016982964041787573,0.016007363240384653,0.045148809854692204,0.37615529836657646,0.18550540381833042,0.0158,0.006000000000000005,0.0076999999999999985,0.0018691588785046953,,0.012877263397759875,0.0024647216646816335,,,-0.0004309205,,26.476896286010742,0.009473789542797078,28.425,,-1.7879006858763544,,,0.06025790447016721,-0.026009412930393827,,,0.4683544715311529,-0.02190693162090189,0.03284294158220291,0.4574132263660431,0.4746456775762834,0.9228893489763056,0.9228893489763056,-3.1588864586338605,0.02735777379353834,0.05424084898337382,,,1.0522597454235025,,0.2804965376853943,0.7287461219016892,3.0681653022766113
199709,947.28,15.333000000000002,40.63999999999999,0.053886,0.052408,0.07150000000000001,0.077,0.0649,0.0316,0.0226,0.0495,0.0044,0.01618634405877882,0.017046705281999402,0.042901781944092554,0.37728838582677177,0.17796785704812584,0.015399999999999997,0.005499999999999991,-0.009000000000000005,0.0024875621890545485,,0.014634265613778232,0.0026264943298630423,,,-0.00074286008,,25.530624389648438,0.009879280964580437,30.3751,,-1.7820671776288826,,,0.06772230895563247,0.07477110885045768,,,0.45327113896024307,-0.02442993397340377,0.0697370320558548,0.4495059549808502,0.467413994579271,0.9619761965299723,0.9619761965299723,-3.209089997097832,0.0277830222205067,0.045059330436624356,,,1.0522597454235025,,0.30108413100242615,0.7759081548330561,3.071526527404785
199710,914.62,15.387666666666668,40.33333333333333,-0.032605,-0.03373,0.07,0.0757,0.0623,0.0341,0.0191,0.049699999999999994,0.0042,0.01682410910177633,0.01624405314866425,0.044098459833956535,0.38151239669421494,0.19000067732822787,0.012600000000000007,0.005699999999999997,-0.015,0.002481389578163906,,0.016262826671148544,0.009363821433783876,,,-0.00059923875,,42.284027099609375,0.012391777953475566,64.1708,,-1.883109904962217,,,0.07490089739849193,-0.0014197823000472454,,,0.48351734940469443,-0.016062563425452613,-0.05158352479338646,0.43294960260391235,0.4713460636811657,0.9010545687891226,0.9010545687891226,-3.179882308488902,0.027908106520039732,0.09940419392344196,,,1.0522597454235025,,0.45134323835372925,0.8508071556906417,3.0546813011169434
199711,955.4,15.442333333333334,40.026666666666664,0.046321,0.044625,0.0687,0.0742,0.0614,0.0148,0.0101,0.051399999999999994,0.0039000000000000003,0.01616321261600726,0.016883878915105,0.041895192240597304,0.3858011325782812,0.18074629876792264,0.010000000000000009,0.005500000000000005,-0.004700000000000001,-0.0006188118811880639,,0.01566720846387298,0.0026621100032988357,,,-0.00079184273,,42.119808197021484,0.010498876689313798,46.377,,-1.7318403248473206,,,0.08109983418635558,-0.09336492890995274,,,0.47711702795661787,0.03216131653998432,0.04288814589381218,0.45132312178611755,0.48710656464960933,0.947189229111426,0.947189229111426,-3.2297203936695738,0.02585874142005193,0.062481621799630134,,,1.0522597454235025,,0.4544427990913391,0.7906211073669966,2.9863431453704834
199712,970.43,15.497,39.72,0.017147,0.0157,0.0676,0.0732,0.0602,0.0184,0.0163,0.0516,0.0048,0.015969209525674186,0.016220431232991418,0.040930309244355596,0.3901560926485398,0.1788008842040588,0.008599999999999997,0.005600000000000008,-0.002100000000000001,-0.0012383900928791824,,0.015559471547242971,0.0022493744246461114,,,-0.00088877898,,30.66982650756836,0.010750073510406574,34.0974,,-1.7328000081709463,,,0.08370783509407964,-0.0773653946680607,,,0.4826968732820109,-0.057203171874822586,0.0725516751408577,0.47789669036865234,0.5096884253537238,0.957495187243471,0.957495187243471,-3.252359279989548,0.029629707678537533,0.04777393484218432,,,1.0522597454235025,,0.4292219579219818,0.879833641934323,2.960493564605713
199801,980.28,15.545000000000002,39.66,0.011994,0.01108,0.0661,0.0719,0.0589,0.02,0.0137,0.0504,0.0043,0.015857714122495616,0.016018672135032927,0.04045782837556616,0.3919566313666163,0.17884027344671738,0.0085,0.0058,-0.0063,0.0018598884066955979,,0.013739635720347903,0.0024688425372982646,,,-0.00070045538,,22.100448608398438,0.00852283477825941,22.618,,-1.7853902364197412,,,0.08644408612680543,-0.024929178470254776,,,0.5330042683426982,-0.030351506376238346,0.026954898610711098,0.45126110315322876,0.5051334044270381,0.9572845156369185,0.9572845156369185,-3.2614149640395587,0.02924855003417079,0.03887491757496853,,,1.0522597454235025,,0.29421013593673706,0.7859938327023306,2.9289169311523438
199802,1049.34,15.593000000000002,39.6,0.071956,0.070303,0.0667,0.0725,0.0599,-0.0072,-0.0007,0.0509,0.0039000000000000003,0.01485981664665409,0.015906679724160447,0.03773800674709818,0.3937626262626263,0.16546309710866489,0.009000000000000001,0.0058,0.0065,0.0018564356435644136,,0.01205637798440549,0.0010533477132539612,,,-0.00080484597,,15.91525936126709,0.0077079259945332925,21.2434,,-1.6621444807427945,,,0.08642795193382558,-0.10284718187100528,,,0.4558157736005695,-0.037368805712067146,0.06501763314008713,0.44917401671409607,0.5227478093207798,1.0,1.0,-3.331291609842232,0.025944814643328366,0.029810257507198852,,,1.0522597454235025,,0.2568592429161072,0.8223260169950455,2.8808202743530273
199803,1101.75,15.641000000000002,39.54,0.051336,0.050104,0.0672,0.0732,0.0602,0.0025,0.0038,0.050300000000000004,0.0039000000000000003,0.01419650555933742,0.014905559685135421,0.035888359428182436,0.3955741021750127,0.1811403959656668,0.009899999999999992,0.006000000000000005,0.0013,0.0018529956763433386,,0.016488861614738583,0.0011367857598752061,,,-0.00073979006,,30.4759521484375,0.007898359903026656,41.0088,,-1.6858431891421266,,,0.0851498285666743,0.020077720207253957,,,0.42000829573782217,-0.060468310861079934,0.04678168520331383,0.4562692940235138,0.5052329700342346,0.9880288600807058,0.9880288600807058,-3.3823038440535997,0.02191498503069532,0.049249884762889044,,,1.0522597454235025,,0.22178180515766144,0.8513388405149592,2.941351890563965
199804,1111.75,15.744000000000002,39.35,0.011275,0.010232,0.0669,0.0733,0.0604,0.0026,0.0053,0.0495,0.0043,0.014161457162131776,0.014289993192648062,0.03539464807735552,0.4001016518424397,0.17587292223931028,0.0109,0.006400000000000003,0.0027,0.0018495684340320562,,0.01640536182478828,0.0016147640342177765,,,-0.00095596436,,19.13113021850586,0.009667853833325038,27.3293,,-1.7847785891117618,,,0.08694940679998275,-0.012063492063491998,,,0.20412581757525858,-0.02045649596555372,0.11654962599277496,0.47415924072265625,0.49067996327715707,0.9867641887308886,0.9867641887308886,-3.3960615559682337,0.02131480332746187,0.03760241423067475,,,1.0522597454235025,,0.1826993227005005,0.8414378788125175,2.9682512283325195
199805,1090.82,15.847000000000001,39.16,-0.017674,-0.019206,0.0669,0.073,0.0592,0.0182,0.0167,0.05,0.004,0.014527603087585488,0.0142541038902631,0.03589959846720815,0.4046731358529112,0.17910220571493346,0.0092,0.006099999999999994,-0.0015000000000000013,0.0018461538461538307,,0.01907520581845987,0.000958823293773903,,,-0.00089151945,,20.786073684692383,0.007956338269969929,28.0328,,-1.6775273704502274,,,0.09189722381806131,-0.02249357326478152,,,0.3011835579729159,-0.028886617382718315,0.0680183470249176,0.46218323707580566,0.48068288960761585,0.966143534997932,0.966143534997932,-3.381990726381861,0.02329890571349727,0.03981092294415938,,,1.0522597454235025,,0.18156786262989044,0.8580204919132399,2.9653427600860596
199806,1133.84,15.95,38.97,0.04097,0.0398,0.0653,0.0713,0.0576,0.0228,0.0115,0.049800000000000004,0.0040999999999999995,0.014067240527764058,0.014622027465576356,0.03436992873774078,0.4092891968180652,0.17806060597750975,0.0077999999999999944,0.006000000000000005,-0.011300000000000001,0.0012285012285011554,,0.024010580033164464,0.0020973438884585405,,,-0.0011688478,,17.40764045715332,0.008771122383551301,18.8789,,-1.6818418464080849,,,0.084262582448555,-0.05982905982905984,,,0.29486795999720894,-0.04414189322992546,0.021655933931469917,0.45174282789230347,0.471190101218677,0.9717949636500023,0.9717949636500023,-3.4241140284360623,0.026465094558592195,0.03243879013831086,,,1.0522597454235025,,0.20997127890586853,0.7993076200450114,3.3021457195281982
199807,1120.67,16.014333333333333,38.67666666666666,-0.010109,-0.011112,0.0655,0.07150000000000001,0.0584,-0.004,-0.0056,0.0496,0.004,0.014289963444487077,0.014123979867823797,0.034512092468493544,0.4140567094716884,0.17943810888819886,0.008800000000000002,0.006000000000000005,-0.0015999999999999999,0.0012269938650306678,,0.025353564659473447,0.002228175769463856,,,-0.0023045245,,26.738481521606445,0.00903831256795607,37.6684,,-1.6837797281781892,,,0.0787955191036529,-0.002097902097902171,,,0.3610786511720958,-0.04383916198829251,-0.0011146020842716098,0.4583494961261749,0.4792519612694292,0.9513084749683284,0.9513084749683284,-3.419607058138904,0.02935206005296276,0.05291779203349448,,,1.0522597454235025,,0.22179798781871796,0.7574284758760749,3.25270676612854
199808,957.28,16.078666666666667,38.38333333333333,-0.143124,-0.144504,0.0652,0.07139999999999999,0.0547,0.0465,0.0089,0.049,0.0043,0.016796200345423146,0.014347369579507496,0.04009624491615132,0.4188970907511941,0.21143209159591356,0.005699999999999997,0.006199999999999997,-0.0376,0.001225490196078427,,0.0285190280080238,0.009333916970024201,,,-0.0018568563,,84.51776885986328,0.023720411059544096,115.8531,,-1.874513134151824,,,0.09767725294251317,-0.0686755430974072,,,0.4376493009351823,-0.03029609575951859,-0.1755201369524002,0.4319714307785034,0.45242858855730284,0.807355345969199,0.807355345969199,-3.268495620110289,0.03566640581729511,0.191196093431069,,,-0.021666951153639924,,0.3635816276073456,0.6215629544166084,3.604907274246216
199809,1017.01,16.143,38.089999999999996,0.063176,0.061612,0.064,0.0709,0.0517,0.0395,0.0413,0.0461,0.0046,0.015873000265484116,0.016863404646498412,0.03745292573327696,0.42381202415332114,0.20324840423225912,0.005600000000000001,0.006900000000000003,0.001800000000000003,0.001223990208078174,,0.0240829100298881,0.009971016880241285,,,-0.0016339078,,85.52394104003906,0.017725149206357038,71.2983,,-1.8019755260809422,,,0.09553866724010796,0.21820917983446209,,,0.40431517620928537,-0.03323033102511312,0.02930562198162079,0.4184538722038269,0.47087955526323133,0.8398634821058539,0.8398634821058539,-3.331649449545391,0.03719184828610288,0.13147245993559703,,,-1.1394646819680474,,0.41655176877975464,0.6695625065172234,3.8834469318389893
199810,1098.67,16.160333333333334,37.96333333333333,0.080111,0.079144,0.0637,0.0718,0.054,-0.0218,-0.019,0.039599999999999996,0.0032,0.014708996635325742,0.01589004369016365,0.03455390001850722,0.425682676266573,0.18551907684869381,0.014400000000000003,0.008099999999999996,0.0028000000000000004,0.0024449877750611915,,0.020740088251160596,0.005171527488186886,,,-0.0013748512,,36.41862487792969,0.011359722634316258,12.0462,,-1.8245373635246152,,,0.10074931797948583,-0.10562075355157508,,,0.2344442409071305,-0.06198944158976252,0.016610559076070786,0.4190128743648529,0.5112497143168702,0.9201261087795315,0.9201261087795315,-3.409538780275607,0.037878206812655586,0.05954394934715394,,,0.22611953406421795,,0.38526660203933716,0.569833083776073,3.9486234188079834
199811,1163.63,16.177666666666667,37.836666666666666,0.062164,0.060685,0.0641,0.07339999999999999,0.0535,0.0097,0.027,0.0441,0.0031,0.013902758322376241,0.014724773286488815,0.0325160632388875,0.4275658532287904,0.17484684447515783,0.009399999999999999,0.009299999999999989,0.0173,0.0,,0.02200358072315411,0.0019366789374442367,,,-0.0012152598,,36.40272903442383,0.00929468532968361,43.6925,,-1.5961379493615544,,,0.09839245189145363,-0.21477900552486195,,,0.18471268559653925,-0.04801710018600724,-0.009859520941972733,0.4595112204551697,0.5265534576210075,0.972507725934926,0.972507725934926,-3.4731908627216357,0.033071733947648035,0.05609047145158317,,,1.0522597454235025,,0.3105199337005615,0.5388370805051986,3.7648775577545166
199812,1229.23,16.195,37.71,0.059673,0.058454,0.0622,0.0723,0.0542,-0.0032,0.001,0.043899999999999995,0.0038,0.013174914377293102,0.013917654237171609,0.030677741350276188,0.4294616812516574,0.17361131536550134,0.010300000000000004,0.010100000000000005,0.004200000000000001,-0.0006097560975609762,,0.020057030440960393,0.0032868971994435238,,,-0.0010338728,,31.861181259155273,0.01197584929738034,32.2986,,-1.6156023044805579,,,0.10131807199337484,0.0677220756376431,,,0.0693836614560292,-0.06589881933870302,0.04086892306804657,0.45748648047447205,0.5620881301442306,0.9794287981890857,0.9794287981890857,-3.529669187709957,0.03346102410329643,0.047271285819276136,,,1.0522597454235025,,0.22871635854244232,0.4963744637525038,3.934711456298828
199901,1279.64,16.279666666666667,37.93333333333334,0.0428,0.042,0.062400000000000004,0.0729,0.0536,0.0121,0.0123,0.0434,0.0034999999999999996,0.012722067664864075,0.013243792184267116,0.029643753972471425,0.4291652021089631,0.17032061914447988,0.0102,0.010500000000000002,0.00020000000000000052,0.0024405125076265577,,0.01558769923016473,0.0033356136050409204,,,-0.0012959934,,32.69935607910156,0.010425487941822888,33.8067,,-1.6812076971805467,,,0.10403869703879565,0.05518945634266892,,,0.08463225472261367,-0.02905998641765219,0.07124770432710648,0.4237002730369568,0.5311255385733784,0.9704977124061008,0.9704977124061008,-3.564623769944897,0.039367699940115776,0.05647396045544631,,,1.0522597454235025,,0.23109228909015656,0.38521514475135765,4.1716837882995605
199902,1238.33,16.364333333333335,38.156666666666666,-0.031935,-0.033156,0.064,0.0739,0.0587,-0.052,-0.0401,0.0444,0.0034999999999999996,0.013214840416797893,0.012788232106946745,0.03081300353432984,0.4288721935878396,0.17127680959595618,0.0143,0.009899999999999992,0.0119,0.0012172854534386879,,0.018446664970410285,0.003482149740608545,,,-0.0011728518,,34.007755279541016,0.009257775383651402,39.544,,-1.5875804107150935,,,0.1085150660615577,-0.03903200624512104,,,0.057752230111307014,-0.0413439929281807,0.053653571754693985,0.43811339139938354,0.5073875688103296,0.9650794539639875,0.9650794539639875,-3.528608649597243,0.04100264067504762,0.06567967475923185,,,1.0522597454235025,,0.25034093856811523,0.3039600335339479,3.8950676918029785
199903,1286.37,16.448999999999998,38.38,0.038979,0.037774,0.0662,0.0753,0.0592,-0.0008,0.0002,0.0444,0.0043,0.012787145222603139,0.013283212067865592,0.029835894804760687,0.42858259510161534,0.17289717073498748,0.0148,0.00910000000000001,0.001,0.003039513677811634,,0.020668119516674698,0.0032135873296863368,,,-0.0010753509,,22.81290626525879,0.009468769266816637,24.9518,,-1.551110459417077,,,0.109198317555391,0.36230706742485785,,,0.014634089248778525,-0.030532571371922907,0.011904072016477585,0.4196716845035553,0.5197629004751493,0.9779529479013228,0.9779529479013228,-3.5630213314423185,0.04201705896401692,0.04533484960298705,,,1.0522597454235025,,0.2563367486000061,0.2637701350522087,3.791531801223755
199904,1335.18,16.448666666666668,39.260000000000005,0.037559,0.036771,0.0664,0.0748,0.0594,0.0021,-0.0024,0.0429,0.0037,0.01231943757895315,0.012786886095498705,0.029404275079015565,0.4189675666496858,0.15682587641256804,0.0165,0.008400000000000005,-0.0045,0.0072727272727270975,,0.02518126732572391,0.0027266259983553458,,,-0.0012580821,,27.485734939575195,0.009069491351576326,29.5311,,-1.6787813019841218,,,0.10991541188325638,0.11449016100178899,,,0.024427969911410646,-0.049171838945792294,0.02686326764523983,0.40959253907203674,0.5273795096778714,0.9917873801062292,0.9917873801062292,-3.5771181865308717,0.04090586754825728,0.0528309592955649,,,1.0522597454235025,,0.20899368822574615,0.21835065843037646,3.846454620361328
199905,1301.84,16.448333333333334,40.14,-0.023159,-0.024833,0.0693,0.07719999999999999,0.0615,-0.0185,-0.0176,0.045,0.0034000000000000002,0.012634681169216904,0.012319187924724258,0.03083328212376329,0.40977412389968443,0.16023113542046816,0.0165,0.00789999999999999,0.000899999999999998,0.0,,0.025897438079472975,0.003085648708614107,,,-0.0011522804,,26.0784912109375,0.008971917128143332,28.6386,,-1.6240813676178596,,,0.11464307680997177,-0.09844836811128943,,,0.017481383657579536,-0.04806189964941132,0.061610106378793716,0.394026517868042,0.5195070488702446,0.9507130066200362,0.9507130066200362,-3.533080425973597,0.040374856460718526,0.05541579783272972,,,1.0522597454235025,,0.20194190740585327,0.1688048034220936,3.7540693283081055
199906,1372.71,16.448,41.02,0.054431,0.053398,0.0723,0.0802,0.0627,-0.0078,-0.016,0.045700000000000005,0.004,0.011982137523584733,0.012634425121366682,0.029882495210204633,0.4009751340809361,0.15422744676724118,0.017,0.00789999999999999,-0.0082,0.0,,0.01886857589670042,0.0024092464833671266,,,-0.0011446288,,12.747275352478027,0.01003920663630825,20.7194,,-1.5027379185852747,,,0.11228732599826596,0.14718100890207686,,,0.07730749001907318,-0.05246846208816975,0.07644527405500412,0.39733561873435974,0.3999611686453233,0.987721466905671,0.987721466905671,-3.567807481119059,0.03972877067293482,0.03744215776953651,,,1.0522597454235025,,0.1896967887878418,0.13590417141227487,3.845734119415283
199907,1328.72,16.512333333333334,42.0,-0.03022,-0.031084,0.0719,0.0795,0.0639,-0.0077,-0.0113,0.0455,0.0038,0.012427248279045499,0.012029003455451869,0.031609368414714914,0.3931507936507937,0.15879647268893993,0.0184,0.007599999999999996,-0.003599999999999999,0.0030084235860408093,,0.019370437363639605,0.0016111778691826253,,,-0.0011695952,,29.08060646057129,0.00962566124627565,38.3755,,-1.4933100601071598,,,0.11648966484855183,0.061562338334195665,,,0.06544441891613073,-0.02007915605638834,-0.006434508599340916,0.4058320224285126,0.38318570670663504,0.9505167330517357,0.9505167330517357,-3.5105875445179673,0.03375148467228948,0.051127269391961105,,,1.0522597454235025,,0.21173080801963806,0.12347874433421402,3.83988094329834
199908,1320.41,16.576666666666668,42.980000000000004,-0.005004,-0.006251,0.07400000000000001,0.0815,0.0649,-0.0053,-0.0026,0.0472,0.0039000000000000003,0.01255418140325101,0.012475665803680737,0.032550495679372314,0.3856832635334264,0.15624302689310163,0.0177,0.007499999999999993,0.0027,0.002399520095980767,,0.018880736167784417,0.002729848515781925,,,-0.0010558461,,26.20758056640625,0.007982975565616262,31.0145,,-1.4778159473303876,,,0.11893365397642341,0.07943469785575052,,,-0.09604909553206939,-0.03814109409661384,0.026047851890325546,0.4028010070323944,0.40383805828477737,0.9561400101006177,0.9561400101006177,-3.4826653923268713,0.03135007732331782,0.050946425170940925,,,0.5343288125313431,,0.21566857397556305,0.12751843194403037,3.9661006927490234
199909,1282.71,16.641000000000002,43.96,-0.028079,-0.029257,0.0739,0.08199999999999999,0.0646,0.0084,0.0093,0.046799999999999994,0.0039000000000000003,0.012973314311106954,0.012602903643565257,0.034271191461826916,0.37854868061874436,0.16368449822911238,0.01780000000000001,0.008099999999999996,0.0008999999999999998,0.004787552363854086,,0.020379681664260366,0.0027049431848818937,,,-0.00098570256,,27.34459686279297,0.010956943906486438,32.0597,,-1.5093859027312255,,,0.1133290483271896,0.10790067720090302,,,-0.009084761311357796,-0.02504502185347514,0.05153410881757736,0.40993785858154297,0.4085864586419558,0.9126720371815743,0.9126720371815743,-3.430964082995798,0.0351718918565404,0.05185842938379155,,,-1.0768779019706998,,0.2333407998085022,0.1822437194430723,4.010238170623779
199910,1362.93,16.658,45.36333333333334,0.064238,0.063512,0.0755,0.08380000000000001,0.0651,-0.0012,0.0047,0.048600000000000004,0.0039000000000000003,0.012222197765108994,0.01298656750161767,0.033283685393478264,0.36721287383349255,0.15769066072892163,0.0165,0.008300000000000016,0.0059,0.0017867778439546456,,0.020445233069041564,0.004875975130272578,,,-0.00051504032,,18.274904251098633,0.008097461646440455,15.9112,,-1.5907317824661664,,,0.12392249705417946,-0.11206193969030154,,,0.07665537591499054,-0.013204848734687953,0.09248998016119003,0.4099363684654236,0.4271385698868578,0.9473628911782053,0.9473628911782053,-3.4619940360709185,0.04209874010623606,0.040774374883064055,,,-0.5269337812810542,,0.2735116183757782,0.19492750487453023,3.958557367324829
199911,1388.91,16.675,46.76666666666667,0.020822,0.019547,0.0736,0.0815,0.0662,-0.0061,-0.0024,0.0507,0.0036,0.012005817511573823,0.012234670892855832,0.033671488193379465,0.3565573770491803,0.15554596711910032,0.015499999999999993,0.007900000000000004,0.0037000000000000006,0.0005945303210466157,,0.018280448275065125,0.0013542672176870935,,,0.00011071065,,28.999370574951172,0.010341582979028204,33.9662,,-1.5758572167604359,,,0.12720664741576648,0.14134924277191385,,,-0.04580575733494795,-0.04508883159976514,0.05411389842629433,0.424375057220459,0.418372278807979,0.9604248263294142,0.9604248263294142,-3.449655734347964,0.05605186745944913,0.04680390359795639,,,0.2517186887339181,,0.2230711579322815,0.14845652956608493,4.154050827026367
199912,1469.25,16.692,48.17,0.062579,0.061549,0.0755,0.0819,0.0682,-0.0155,-0.0102,0.052000000000000005,0.0044,0.011360898417559979,0.012018057325528651,0.032785434745618514,0.3465227319908657,0.147167259434962,0.016199999999999992,0.006400000000000003,0.005299999999999999,0.0,,0.01788875688519155,0.0011487749399219178,,,6.4278e-05,,34.1545295715332,0.00840474259651744,35.7088,,-1.5831531470210813,,,0.13334256494304775,0.03578608765581026,,,-0.014526898195820887,-0.00013750429722590374,0.0696711391210556,0.3949558138847351,0.5064395971518565,1.0,1.0,-3.478677859754152,0.06723125899543551,0.05178642836853616,,,1.0522597454235025,,0.15512894093990326,0.0975886708992241,4.332769870758057
200001,1394.46,16.715333333333334,49.096666666666664,-0.04963,-0.050296,0.07780000000000001,0.0833,0.0666,0.0228,-0.0021,0.053200000000000004,0.0040999999999999995,0.011986957914413704,0.011376779536044468,0.03520837217752152,0.34045760065177544,0.15465416004384142,0.013400000000000002,0.005499999999999991,-0.024900000000000002,0.002970885323826611,,0.025358783253908567,0.005206299839152105,,,0.00062237216,,20.52069664001465,0.008922911526248151,23.8921,,-1.6892936699209438,,,0.13042987268184003,0.07336956521739113,,,-0.03253362213153362,-0.009352237650847035,0.06798739731311798,0.36930733919143677,0.48227075507782063,0.9332558786247184,0.9332558786247184,-3.410947397890999,0.07218715240205686,0.052163175789935505,,,1.0522597454235025,,0.14047616720199585,0.08734472731563675,4.333588123321533
200002,1366.42,16.738666666666667,50.023333333333326,-0.017458,-0.018666,0.0768,0.08289999999999999,0.0646,0.0264,0.0092,0.0555,0.0043,0.012250015856520444,0.012003690795481166,0.03660904651083365,0.33461717864996343,0.1670564326414902,0.009100000000000004,0.006099999999999994,-0.0172,0.005924170616113722,,0.027418820203781353,0.0030004661710201943,,,0.00040469089,,15.153074264526367,0.009978563262530788,18.8877,,-1.643725538904885,,,0.1320085009489098,0.105605786618445,,,-0.1772702342326076,-0.042579777954130385,0.12001176178455353,0.37881699204444885,0.45694979108893546,0.8639705945075399,0.8639705945075399,-3.3706224716473785,0.10271899516991873,0.0465384847511204,,,0.001745764860494744,,0.15223358571529388,-0.04062223891286221,4.619126319885254
200003,1498.58,16.762,50.949999999999996,0.098488,0.097431,0.0768,0.0837,0.0618,0.0367,0.0169,0.056900000000000006,0.004699999999999999,0.011185255375088419,0.012267092109307534,0.03399885224679363,0.32898920510304225,0.14997356178980206,0.004899999999999995,0.006900000000000003,-0.019800000000000005,0.008244994110718329,,0.01829138892803007,0.0066783159173639094,,,0.00018488374,,14.968554496765137,0.00849208314781247,10.4004,,-1.67694995085861,,,0.13402202546663844,-0.12136081125286236,,,-0.21293345108994685,-0.02672549834495769,0.09210563451051712,0.3472190499305725,0.4258629745696092,0.9316683983082801,0.9316683983082801,-3.442147247417723,0.114999306441747,0.05048737535383717,,,0.2452886494747737,,0.18320898711681366,0.09298741218370549,4.66688346862793
200004,1452.43,16.74266666666667,51.273333333333326,-0.031583,-0.032308,0.0764,0.084,0.063,-0.0076,-0.0115,0.056600000000000004,0.0046,0.011527348420692678,0.011172354273156368,0.03530175866192059,0.32653751137693415,0.15260041819792453,0.006399999999999996,0.0076000000000000095,-0.0039,0.0005841121495329116,,0.011944943918179499,0.00794174693414462,,,-0.00038694213,,17.38368034362793,0.009532038249272994,-9.724,,-1.7203585371331391,,,0.13842462829770863,-0.0428145941921072,,,-0.6594090034822381,-0.03784552188435603,0.02871742472052574,0.3428807258605957,0.45262328502879134,0.9156306672876692,0.9156306672876692,-3.401997059883947,0.1215527197805262,0.05829660360489947,,,0.015585696617862204,,0.19911733269691467,-0.01569173487254071,4.631897926330566
200005,1420.6,16.723333333333336,51.596666666666664,-0.022304,-0.023617,0.0799,0.08900000000000001,0.064,-0.0054,-0.0161,0.0579,0.005,0.011772021211694591,0.011514037394802735,0.036320334131118306,0.3241165449964469,0.15566873114331997,0.006100000000000001,0.00910000000000001,-0.0107,0.0011675423234092097,,0.009178526325938982,0.005185423394308216,,,8.9130356e-06,,14.676626205444336,0.011079403815378527,10.8624,,-1.6233123219215941,,,0.1396005912031093,0.12913263321664714,,,-0.7831458404151062,-0.04720182064725059,0.08155425637960434,0.3654083013534546,0.43714923333691913,0.8975823553396833,0.8975823553396833,-3.37778878576743,0.088495995735273,0.04844948327913932,,,-0.5269337812810542,,0.21703393757343292,0.014133220617981126,4.496979713439941
200006,1454.6,16.704,51.92,0.026219,0.025497,0.0767,0.0848,0.0622,0.0244,0.0326,0.056900000000000006,0.004,0.01148356936614877,0.011758411938617487,0.03569366148769421,0.3217257318952234,0.15677796158526175,0.005299999999999992,0.008099999999999996,0.008199999999999995,0.005247813411078717,,0.007124210572514204,0.0023597571671857527,,,-0.00024674334,,13.785229682922363,0.006815007744528946,13.1297,,-1.5966114886478873,,,0.13846688821345765,0.11746469169824314,,,-0.911940187313942,0.09504581738147115,0.048022206872701645,0.3641224205493927,0.47764689770191354,0.89123243407393,0.89123243407393,-3.3919940149564516,0.08478937530848246,0.03186092197923913,,,-0.5269337812810542,,0.1909075826406479,0.09489388623538692,4.654402256011963
200007,1430.83,16.585,52.513333333333335,-0.012795,-0.013559,0.0765,0.08349999999999999,0.0611,0.0173,0.0179,0.0596,0.0048,0.01159117435334736,0.011401759934002477,0.03670130856449287,0.31582455249460456,0.15567415100664705,0.0015000000000000013,0.006999999999999992,0.0005999999999999998,0.002320185614849146,,0.004712234446996446,0.002065432899122411,,,7.1589538e-06,,13.451913833618164,0.008208369213605252,22.24,,-1.5256536898303703,,,0.1349939054758078,-0.15228113440197277,,,-1.0754309881221844,-0.04135422809989642,0.025077790021896362,0.37202897667884827,0.476720193620767,0.8975516464243734,0.8975516464243734,-3.3636833638716093,0.0749443211633529,0.03829825375104837,,,-0.5269337812810542,,0.14467088878154755,0.07086172053004888,4.64437198638916
200008,1517.68,16.466,53.10666666666667,0.062594,0.061275,0.0755,0.08259999999999999,0.0594,0.024,0.0135,0.060899999999999996,0.005,0.010849454430446472,0.011508005842762594,0.03499200534148613,0.31005523474767765,0.14605306404363275,-0.0014999999999999944,0.007099999999999995,-0.0105,0.0,,0.004674638757414788,0.0010392528774306594,,,-0.00027761545,,11.559638977050781,0.008752546774776849,12.9085,,-1.453829292397046,,,0.13075093123096249,0.2032727272727275,,,-1.010150495804216,-0.03002219153875498,0.04668708145618439,0.39511191844940186,0.4764428878921041,0.9566765447010914,0.9566765447010914,-3.4092995095164977,0.06682518327272625,0.02484298772307252,,,-0.26500870096108664,,0.10092327743768692,0.052352478804550136,4.713364601135254
200009,1436.51,16.347,53.699999999999996,-0.052088,-0.052795,0.0762,0.08349999999999999,0.0612,-0.0157,0.0046,0.06,0.0051,0.01137966321153351,0.010771045279637341,0.03738226674370523,0.3044134078212291,0.1537894628785958,0.0011999999999999997,0.007299999999999987,0.0203,0.005208333333333259,,0.004468919426584001,0.0015999952481591355,,,-0.00050848747,,13.609885215759277,0.009002208248028516,16.0563,,-1.554596967792031,,,0.13384258283572592,-0.06708975521305538,,,-0.9036989178304975,-0.007692383947487115,0.05343726649880409,0.3914468288421631,0.4540224947908363,0.9085505562578798,0.9085505562578798,-3.3429391716808303,0.04786011230835016,0.02689435877390935,,,-1.0630496034868786,,0.08154860138893127,0.02702463789287308,4.601571559906006
200010,1429.4,16.321666666666665,52.46666666666667,-0.00412,-0.004829,0.0755,0.0834,0.06,0.0187,0.0045,0.0611,0.005600000000000001,0.01141854391119817,0.011362027877750008,0.036705377547689,0.3110864040660737,0.14930078887157974,-0.0011000000000000038,0.007900000000000004,-0.0142,0.0017271157167531026,,0.003744283397590225,0.0055682093181707495,,,-0.0013389528,,16.36210823059082,0.009220606146149864,0.7567,,-1.6437390172293624,,,0.12844067612987242,0.05928085519922255,,,-1.0101985084340133,-0.04790009893220693,0.07240431755781174,0.4017537534236908,0.4481533324511756,0.9358661364260623,0.9358661364260623,-3.360645072289898,0.04841228694100075,0.04869440843150735,,,-1.6377580780890886,,0.10289490222930908,0.12519004225536737,4.445718765258789
200011,1314.95,16.296333333333333,51.233333333333334,-0.078268,-0.079557,0.0745,0.0828,0.0576,0.0319,0.0263,0.0617,0.0051,0.012393120143985196,0.011400820857236135,0.03896219121132616,0.31808067664281064,0.1572808929257013,-0.0040999999999999995,0.008300000000000002,-0.005599999999999997,0.0005747126436781436,,0.001157450869502256,0.003272414389210817,,,-0.0018525551,,31.227628707885742,0.012287252516873827,37.4267,,-1.543828455297818,,,0.12721566804854323,0.027828746177369856,,,-0.9205115566854277,-0.017082083326066772,-0.017978128045797348,0.42243438959121704,0.4601069870638559,0.8883824761280835,0.8883824761280835,-3.300787462946848,0.06023430050244027,0.07469536283455995,,,-2.685335776515435,,0.10479727387428284,0.13620845725899927,4.033047199249268
200012,1320.28,16.270999999999997,50.0,0.00572,0.004861,0.0721,0.0802,0.0558,0.0243,0.027,0.057699999999999994,0.005,0.01232390099069894,0.012373854519183236,0.037870754688399434,0.32541999999999993,0.15185150364920535,-0.001899999999999992,0.008099999999999996,0.002700000000000001,-0.0005743825387707346,,-0.0022617468251434564,0.00529924807329229,,,-0.00052485301,,33.66710662841797,0.009500804221786506,24.7904,,-1.7020229730402157,,,0.12244659420403448,-0.20499851234751565,,,-0.638705383190049,-0.03961124802795387,0.009319623932242393,0.4297190308570862,0.4975821448316753,0.9201457308636541,0.9201457308636541,-3.324649379053869,0.06543487878200463,0.06101231961042177,,,-2.685335776515435,,0.1290719211101532,0.34485744059269713,4.031514644622803
200101,1366.01,16.171666666666663,48.480000000000004,0.032372,0.031555,0.07150000000000001,0.0793,0.0562,0.0005,0.0359,0.051500000000000004,0.0054,0.01183861513946945,0.012248664424717988,0.03549022335121998,0.3335739823982397,0.15044966622190453,0.004699999999999996,0.0077999999999999875,0.0354,0.006321839080459801,,-0.0031925961362070225,0.004941017963506647,,,-0.0015650504,,18.10651206970215,0.007261594117541543,5.2306,,-1.8290054216334308,,,0.11617893116088052,0.07110778443113785,,,-0.7192966046104314,-0.05950770142183514,0.06800533831119537,0.4017151892185211,0.4665702822618858,0.9625768303119895,0.9287194894131016,-3.3888108328606865,0.07653151550581357,0.042126207438957945,,,-2.1773412738513422,,0.13385814428329468,0.37360966434688514,4.19476842880249
200102,1239.94,16.072333333333333,46.96000000000001,-0.090952,-0.092131,0.071,0.0787,0.0549,0.0191,0.0127,0.048799999999999996,0.0038,0.012962186342349897,0.011765897272591953,0.03787280029678856,0.34225582055650194,0.15607009127121954,0.006100000000000001,0.007700000000000012,-0.0063999999999999994,0.003997715591090856,,-0.006855725900263538,0.002528410228480192,,,-0.0022728464,,29.880231857299805,0.009639478566436904,42.2919,,-1.9579175796779755,,,0.10815128176625244,-0.044374563242487786,,,-0.4622342526167791,-0.059933938763524916,-0.0021490971557796,0.40846848487854004,0.3214569168790106,0.9279121252201468,0.8952740685388869,-3.3232641867065884,0.07333653109279883,0.06922771053906394,,,-2.413474265967399,,0.12516389787197113,0.18722554727039217,3.9798583984375
200103,1160.33,15.972999999999999,45.440000000000005,-0.063706,-0.064587,0.0698,0.0784,0.0559,-0.0074,-0.0029,0.044199999999999996,0.0042,0.01376591142175071,0.012882074939109955,0.03916127308610482,0.3515184859154929,0.1331135514482312,0.011700000000000002,0.008599999999999997,0.0045000000000000005,0.0022753128555175195,,-0.005213448119439403,0.007139594531639363,,,-0.0018640665,,26.800939559936523,0.00822912532157403,13.2787,,-1.8944742112085495,,,0.10460989518272434,-0.035831809872029274,,,-0.23949559639193635,-0.03433081994997454,0.026588134467601776,0.4211508631706238,0.30696705821029746,0.8734059257477915,0.8426850510706323,-3.287808947974009,0.06644719314744761,0.06982846779591985,,,-2.685335776515435,,0.17803944647312164,0.3535396694003621,3.7941641807556152
200104,1249.46,15.877333333333333,42.55666666666667,0.077824,0.076981,0.07200000000000001,0.08070000000000001,0.0593,-0.0313,-0.0128,0.0387,0.0039000000000000003,0.012707356244564318,0.01368346361236315,0.0340600472737556,0.3730868645727265,0.12249690060368182,0.0206,0.0087,0.018500000000000003,0.0039727582292850006,,-0.002543021132436415,0.00742626114165442,,,-0.0010245789,,27.489776611328125,0.007388040202982097,13.9733,,-1.7682140987009298,,,0.09952844911407155,0.08001516875237003,,,-0.47849155413480143,-0.05032686886390497,0.04370689019560814,0.4342958927154541,0.36311129163565603,0.949103675830899,0.9157202349573231,-3.429752825196525,0.050340273314117875,0.055168278485144294,,,-2.685335776515435,,0.2760283350944519,0.48067378714572356,4.036676406860352
200105,1255.82,15.781666666666666,39.67333333333333,0.006859,0.00533,0.0729,0.08070000000000001,0.0594,0.0037,0.0132,0.0362,0.0032,0.012566822209127635,0.012630789834541854,0.031591576287472195,0.39779028734666444,0.120510187998605,0.0232,0.007800000000000001,0.0095,0.0045223289994347216,,-0.0002482857715818364,0.0025362374011015268,,,-0.0011840987,,23.787023544311523,0.007846625787446038,23.624,,-1.7769863525222824,,,0.09325994836409723,-0.003160112359550604,,,-0.6520384492814071,-0.04523443620765716,0.05109582841396332,0.4304245412349701,0.38465117567733853,0.9624287347238295,0.9308162259084295,-3.50736233606523,0.04424397477928309,0.04323514179951434,,,-1.6348217959524263,,0.30246761441230774,0.5533024117381334,3.9733095169067383
200106,1224.42,15.686,36.79,-0.024505,-0.025183,0.0718,0.0797,0.059,0.0085,0.0055,0.0349,0.0028000000000000004,0.012810963558256153,0.012490643563568028,0.030046879338788975,0.4263658602881218,0.12520943283134334,0.024099999999999996,0.00789999999999999,-0.003000000000000001,0.0016882386043894915,,0.0050407601696276306,0.0015083582954252322,,,-0.0015922058,,11.53856086730957,0.00519763566511877,12.7123,,-1.7961692896991872,,,0.08648845791439008,-0.07115181401902082,,,-0.5091658780684358,-0.04011996193244984,0.03992939740419388,0.4230273962020874,0.5097527654199544,0.9263074708588523,0.8958814226416832,-3.556449753941282,0.04282807026600943,0.033663924305269474,,,-1.3680673301308455,,0.2658092677593231,0.5993024825025433,3.8829314708709717
200107,1211.23,15.702666666666666,33.96333333333333,-0.009317,-0.010248,0.0713,0.0797,0.0561,0.0376,0.0361,0.0351,0.003,0.01296423195154237,0.012824575445244821,0.028040366679601175,0.462341741093336,0.12496658328228791,0.020999999999999998,0.00839999999999999,-0.0015000000000000013,-0.002808988764044895,,0.007913839402107695,0.0028996134281906237,,,-0.0020270501,,21.265865325927734,0.007916582713307262,23.0576,,-1.7864184514730346,,,0.07859031754253909,0.012514220705347023,,,-0.6223787118243961,-0.05306655092650613,0.045097120106220245,0.44780927896499634,0.5100834595562175,0.9281076246789534,0.8976224475346712,-3.6251834100666644,0.04414756201594623,0.03939341594743041,,,-2.421107848423698,,0.21192507445812225,0.6664223529623479,3.9672911167144775
200108,1133.58,15.719333333333335,31.136666666666663,-0.063435,-0.064933,0.0702,0.0785,0.0546,0.0206,0.0156,0.0336,0.0031,0.013866981892176411,0.01297799206866849,0.027467551180037283,0.5048495878385613,0.13216414381465613,0.021000000000000005,0.008300000000000002,-0.005000000000000001,0.0,,0.009918328156520325,0.0022215212165124128,,,-0.0026412673,,28.230287551879883,0.006417889538296053,34.0391,,-1.6059679364135926,,,0.07597245030902222,-0.0018726591760299671,,,-0.48124656288181494,-0.050045184694745254,0.0022903948556631804,0.4455168545246124,0.5328029810785828,0.8775639623493551,0.8487389725138148,-3.6432543371562494,0.041766965299186054,0.05266539223454858,,,-2.685335776515435,,0.2071792334318161,0.6659243183762628,3.807610273361206
200109,1040.94,15.736,28.31,-0.080361,-0.081352,0.0717,0.0803,0.0542,0.0081,-0.0152,0.0264,0.0028000000000000004,0.015117105692931388,0.01388168457453378,0.027196572328856607,0.5558459908159661,0.14862858821556416,0.0278,0.008599999999999997,-0.0233,0.004507042253521165,,0.008652738874281873,0.007167593677291917,,,-0.001822915,,40.542579650878906,0.007333159893179832,35.721,,-1.8549362281475332,,,0.06942905606780414,-0.12045028142589109,,,-0.4628576394688907,-0.06000688847653198,0.09456482529640198,0.42267441749572754,0.5477223679065752,0.7803512460839378,0.7547193631653385,-3.6508797547394463,0.04331951549347074,0.08737463101352755,,,-2.685335776515435,,0.2788425385951996,0.7978770656693946,3.6576499938964844
200110,1059.78,15.737333333333336,27.10333333333333,0.01954,0.018546,0.0703,0.0791,0.0506,0.0464,0.0437,0.0216,0.0022,0.01484962287770418,0.015118386586482731,0.025574490303018865,0.5806419874554176,0.14490139957107073,0.028999999999999998,0.008800000000000002,-0.002699999999999994,-0.0033651149747617737,,0.010749269909007755,0.003249772533408506,,,-0.0013347395,,56.23661804199219,0.011211301837466103,58.3443,,-1.7256013667322172,,,0.06522222780898002,-0.0955631399317407,,,-0.5390251511637076,-0.008810834239466823,-0.023815227672457695,0.431267648935318,0.506889571428373,0.8004237108746577,0.7741325157937657,-3.710846414466177,0.04604510057105387,0.09375439373196721,,,-2.685335776515435,,0.2701052129268646,0.7710793763715893,3.7884278297424316
200111,1139.45,15.738666666666667,25.89666666666667,0.078787,0.077259,0.0697,0.0781,0.0553,-0.0471,-0.0188,0.0187,0.0017000000000000001,0.013812511884388666,0.014850881000459216,0.022727339213363174,0.6077487450122281,0.13348136666603183,0.0366,0.008400000000000005,0.028300000000000002,-0.0016882386043892694,,0.011161770431095069,0.0021893580096945513,,,-0.0010598798,,26.088464736938477,0.005104121908594494,25.1728,,-1.6680049944963973,,,0.05769906835115002,-0.08207547169811313,,,-0.6898947261762443,-0.05932421586274166,0.01956074684858322,0.43762558698654175,0.5083743191331493,0.8689036437018429,0.8403631158630314,-3.8296379714384776,0.0447011401314995,0.04608000483453749,,,-2.439266354171311,,0.2796674370765686,0.7805719939419478,3.6795692443847656
200112,1148.08,15.74,24.69,0.009051,0.007849,0.0677,0.0805,0.0575,-0.0183,-0.009,0.0169,0.0015,0.013709846003762806,0.0138136820395805,0.021505470002090448,0.6375050627784528,0.1312178459137877,0.040600000000000004,0.012800000000000006,0.009300000000000001,-0.003945885005637084,,0.013464826012758809,0.0017979581002522842,,,-0.0013361672,,31.29017448425293,0.0050251878239389,35.7873,,-1.764757864446021,,,0.055817768603211526,0.025693730729702047,,,-0.8738570755961876,-0.062351141091246474,-0.009783384390175343,0.4420548975467682,0.5220401598868543,0.8838922835934634,0.8548594299401688,-3.8890948973950024,0.03927598790664429,0.04504684468418205,,,-1.3705938678606902,,0.21386533975601196,0.797872675158013,3.592092514038086
200201,1130.2,15.736666666666668,24.693333333333335,-0.014324,-0.01532,0.0655,0.0787,0.0569,0.013800000000000002,0.0175,0.0165,0.0014000000000000002,0.01392378929982894,0.013706942605625626,0.02184864035863859,0.6372840172786177,0.1325605486679537,0.0404,0.013200000000000003,0.0037,0.002263723825693287,,0.011191293294472878,0.0021838795452332744,,,-0.0020042449,,16.06221580505371,0.004740442508055185,20.8956,,-1.8205205562401003,,,0.061000952935814645,-0.012525050100200441,,,-0.5794152434859992,-0.06867280198341316,0.05601279065012932,0.42819520831108093,0.5036437636665004,0.8749400242725297,0.8462012218736192,-3.8727876295323784,0.03863339590637361,0.039397075421033406,,,-1.3680673301308455,,0.2206668257713318,0.7962746063756733,3.6328539848327637
200202,1106.73,15.733333333333334,24.69666666666667,-0.019481,-0.020973,0.06509999999999999,0.0789,0.0563,0.0115,0.013000000000000001,0.0172,0.0013,0.014216053900529789,0.013920839969326963,0.022314987997674833,0.6370630314482386,0.13011908568679617,0.0391,0.013800000000000007,0.0015000000000000013,0.0039525691699606735,,0.012499024517583616,0.002567843029926282,,,-0.0018207545,,16.351425170898438,0.005545237951420504,19.4193,,-1.7948092600388037,,,0.05967020654183042,0.10502283105022836,,,-0.623635167391058,-0.014779515897750567,0.0068832277320325375,0.4367147386074066,0.4845381987545624,0.8913566156755383,0.8620785841142781,-3.8504293725154217,0.0438700780753136,0.040675114767448124,,,-2.156656230373885,,0.24513274431228638,0.8996072022592523,3.608660936355591
200203,1147.39,15.73,24.700000000000003,0.037572,0.03669,0.0681,0.08109999999999999,0.0604,-0.0436,-0.029500000000000002,0.0179,0.0013,0.013709375190650084,0.014213042024703406,0.021527118067962942,0.6368421052631579,0.23683340230085725,0.0425,0.012999999999999998,0.014099999999999998,0.0056242969628796935,,0.013759452242847072,0.002014820923902981,,,-0.0022385902,,10.318050384521484,0.0038632755213764713,11.5046,,-1.8625488251848978,,,0.0654404775921309,0.2033976124885215,,,-0.6046716389424621,-0.037953234133848095,0.03758825361728668,0.4433583617210388,0.4916154617407077,0.9176233383195507,0.8874825343044176,-3.889895114728318,0.04205662915762257,0.02666487665440912,,,-1.0888636373688245,,0.26791757345199585,0.9297764546448062,3.5898325443267822
200204,1076.92,15.833,25.380000000000003,-0.061001,-0.061826,0.0676,0.0803,0.0575,0.041,0.0253,0.0171,0.0015,0.014702113434609813,0.01379914414453673,0.02356721019202912,0.6238376674546887,0.24773231255207134,0.040400000000000005,0.012700000000000003,-0.015700000000000002,0.005592841163311046,,0.015106854233913202,0.0023197779615849955,,,-0.0020475182,,20.508438110351562,0.005869606959999475,24.6613,,-1.862691021323891,,,0.06887332754516073,0.042350247996947754,,,-0.4796424133760229,-0.044671846856414094,0.032504789531230927,0.46550628542900085,0.4966379304897423,0.8772526177641048,0.8484378545386924,-3.7986870985347836,0.04366747281515091,0.04122797570031347,,,-2.129700669398758,,0.2690315842628479,0.9656445456291333,3.4968314170837402
200205,1067.14,15.936,26.06,-0.0078,-0.009438,0.0675,0.0809,0.0578,0.0015,0.011300000000000001,0.0173,0.0014000000000000002,0.014933373315591206,0.014797756565018756,0.024420413441535314,0.6115118956254797,0.24825561406925717,0.040499999999999994,0.013399999999999995,0.009800000000000001,0.0,,0.022277336500513466,0.004101610188737796,,,-0.002141779,,16.37493896484375,0.004466869224141373,14.5732,,-1.8493934621712516,,,0.07144871323184088,-0.07137628111273786,,,-0.3994404150692041,-0.04356892524459911,0.08258075267076492,0.4684062600135803,0.47648633152273984,0.8880987916791937,0.846649060221889,-3.7626486938686847,0.039164648318630785,0.03582228853027678,,,-2.685335776515435,,0.2900562882423401,0.8195114618577296,3.5133414268493652
200206,989.81,16.039,26.74,-0.071349,-0.072611,0.0663,0.0795,0.0566,0.0187,0.0073,0.017,0.0013,0.01620411998262293,0.015029892984987912,0.027015285761913903,0.59981301421092,0.26657250177680364,0.039599999999999996,0.013200000000000003,-0.0114,0.0005561735261401246,,0.027522764711782204,0.0037079466567304276,,,-0.0026067905,,15.332963943481445,0.0050353804788911185,15.5733,,-1.923766048949581,,,0.07823339911958183,0.05597162002364997,,,-0.3218883864102989,-0.07241448144135966,0.05902401730418205,0.44796106219291687,0.48485541215027445,0.869115441574011,0.788473579243503,-3.6594757090258025,0.043718839349785134,0.057630091910986316,,,-2.685335776515435,,0.3106066882610321,0.8981595595930566,3.6063904762268066
200207,911.62,15.959,27.839999999999996,-0.073987,-0.075074,0.0653,0.079,0.0544,0.0303,0.0094,0.0168,0.0015,0.017506197757837696,0.016123296390216306,0.030539040389636028,0.5732399425287357,0.28203219448297867,0.037599999999999995,0.013700000000000004,-0.020900000000000002,0.0011117287381878782,,0.028441031509636054,0.015342790699523377,,,-0.0024205352,,14.80256175994873,0.009783473373129525,-21.8967,,-2.090771558394041,,,0.07648500456334784,0.008585293019783613,,,-0.24355936174875503,-0.023807476007763437,0.07649851590394974,0.4526245892047882,0.49389324470232465,0.821474812533791,0.7452533400210527,-3.534200664015687,0.04061185926641024,0.09094434461574623,,,-2.685335776515435,,0.42238733172416687,0.9964703381792609,3.411661148071289
200208,916.07,15.879,28.939999999999998,0.007061,0.005401,0.0637,0.0758,0.051,0.046400000000000004,0.045200000000000004,0.016200000000000003,0.0014000000000000002,0.017333828200901676,0.017418441894649087,0.031591472267403144,0.5486869384934348,0.284411555995003,0.0348,0.0121,-0.0011999999999999997,0.003331482509716821,,0.024747691570045246,0.00940929090761652,,,-0.0029084989,,44.092201232910156,0.008350277728612363,29.556,,-1.913631637781751,,,0.07395133655502129,0.07216876387860838,,,-0.21439433516484363,-0.016761951708047135,0.02486257068812847,0.45970046520233154,0.48881011115261297,0.8146023835828965,0.7390185771877117,-3.4965856531168353,0.040157047918230486,0.09169995303394413,,,-2.685335776515435,,0.46210750937461853,1.0418153040206504,3.2806544303894043
200209,815.29,15.799,30.04,-0.108965,-0.110421,0.061500000000000006,0.07400000000000001,0.048,0.0417,0.033,0.0163,0.0014000000000000002,0.01937838069889242,0.017246498630017357,0.03684578493542175,0.5259320905459387,0.3245551554638465,0.031700000000000006,0.012500000000000004,-0.0087,0.0016602102933038765,,0.0292992939654573,0.007366112841769409,,,-0.0032126151,,59.435001373291016,0.010979520400652691,80.6108,,-1.973554904234666,,,0.07338138019883012,0.055919917155678345,,,-0.29449760591898905,-0.06336603865420923,-0.06048288196325302,0.4550054967403412,0.4795832067116559,0.7138459368609107,0.64761093169143,-3.3389839825255683,0.039829504734326636,0.13721291130094737,,,-2.685335776515435,,0.48369264602661133,1.0578615141405368,3.291551351547241
200210,885.76,15.890666666666664,29.223333333333333,0.088599,0.087103,0.0632,0.07730000000000001,0.0508,-0.029400000000000003,-0.024,0.0158,0.0014000000000000002,0.017940149325626202,0.019490815129176938,0.032992383188824664,0.5437663967149537,0.2934370637545664,0.034999999999999996,0.014100000000000001,0.005400000000000002,0.0016574585635360517,,0.02567093887793997,0.011589635527735679,,,-0.0037533659,,35.70705795288086,0.008933161795476055,-0.097,,-1.9483561897780417,,,0.06988184824107613,-0.11147433801896045,,,-0.06301383061337107,-0.05134502717735624,0.02010619267821312,0.46241360902786255,0.4605218430868374,0.7895470252227264,0.7162880086803868,-3.450122180209015,0.03840059907572467,0.08589240319773564,,,-2.685335776515435,,0.4702354669570923,1.1170570007844052,3.2929372787475586
200211,936.31,15.982333333333333,28.406666666666666,0.059019,0.057288,0.06309999999999999,0.0762,0.0521,-0.0122,0.013000000000000001,0.0123,0.0012,0.01706948909371184,0.018043638607899808,0.030338954690932136,0.5626261440976297,0.27697549934051,0.0398,0.013100000000000014,0.0252,0.0,,0.02290759469542523,0.004449075140035735,,,-0.0041663869,,38.1437873840332,0.004965847893248346,31.6829,,-1.9122677838947257,,,0.07405763796954723,-0.011405445180279528,,,-0.005781558352942652,-0.048570842058741334,0.027777710929512978,0.44877907633781433,0.46276106390030475,0.8364721092593028,0.7588590955542022,-3.5350241256732033,0.04363016146328527,0.06804001662031009,,,-2.167404843623275,,0.42309898138046265,1.0944150595442061,3.3906075954437256
200212,879.82,16.073999999999998,27.589999999999996,-0.058834,-0.060464,0.0621,0.0745,0.0484,0.0507,0.0361,0.011899999999999999,0.0011,0.018269646063967627,0.017167391141822686,0.03135868700415993,0.5826023921710765,0.29538589561836665,0.0365,0.012399999999999994,-0.014600000000000002,-0.0022062879205736463,,0.025735978058795333,0.0026395380032735232,,,-0.0041443054,,42.96878433227539,0.008217701674495283,43.3278,,-1.7488158671555276,,,0.06707413392175354,0.16151842203200584,,,-0.12610750945866625,-0.046084953261465916,0.06987997144460678,0.4705609381198883,0.4683089619781252,0.7843379328177522,0.7115622478243586,-3.5017730859609504,0.04172246546111981,0.07232932686563426,,,-2.1492463378756623,,0.3834492862224579,1.0349990440305608,3.3660383224487305
200301,855.7,16.124,28.5,-0.026579,-0.02786,0.0617,0.0735,0.0495,-0.0106,0.0021000000000000003,0.011699999999999999,0.001,0.018843052471660626,0.018326475870064328,0.03330606520976978,0.5657543859649122,0.3059423071509392,0.0378,0.011799999999999998,0.0127,0.004422332780541716,,0.028288953268431245,0.005167574430191279,,,,,45.95698165893555,0.010049172534728684,55.7305,,-1.865981694480737,,,0.07415657232074935,0.07369432874078807,,,-0.0931286114421982,-0.03407860107439641,0.03099014237523079,0.46856749057769775,0.46438786081361544,0.757275099315954,0.6870104700340699,-3.4417171270009566,0.03704700472964439,0.0856339674613338,,,-2.421107848423698,,0.3883209526538849,0.9730046234675134,3.354771852493286
200302,841.15,16.174,29.41,-0.015246,-0.017225,0.059500000000000004,0.0706,0.0472,0.0329,0.0264,0.011699999999999999,0.0009,0.019228437258515127,0.0189014841650111,0.03496403732984604,0.5499489969398164,0.312251320581896,0.035500000000000004,0.011099999999999992,-0.006499999999999999,0.007705008255366019,,0.0279187073558939,0.002564119727906977,,,,,42.99219512939453,0.005471471467142531,46.5227,,-1.731456409699358,,,0.07394493535574664,0.09698597433601908,,,-0.20448930711384483,-0.016970504599389463,0.060133691877126694,0.4717063903808594,0.47817524997118954,0.7419740955783832,0.6731291872885563,-3.391693962716356,0.028758966071680166,0.08007446271104864,,,-2.685335776515435,,0.42584550380706787,1.1071622179353255,3.3082211017608643
200303,848.18,16.224,30.32,0.010308,0.008967,0.058899999999999994,0.0695,0.0486,-0.0135,-0.008,0.0113,0.001,0.01912801527977552,0.019287879688521668,0.035747129147115,0.5350923482849604,0.2861177007992168,0.0373,0.010600000000000012,0.0055,0.006007646095030017,,0.024098596953968994,0.006136117934549851,,,,,35.90728759765625,0.005863237023604716,34.7469,,-1.7378831495228997,,,0.06991781554715804,-0.1528835690968443,,,-0.08812735996288057,-0.031612073985820575,0.004931281786412001,0.483050674200058,0.49852740003318735,0.769826416213868,0.6817490092109686,-3.36867743586089,0.025589535388304257,0.07900221839127562,,,-2.685335776515435,,0.5054640173912048,1.249240158557718,3.3419201374053955
200304,916.92,16.204333333333334,31.73,0.082774,0.081462,0.0574,0.06849999999999999,0.0481,0.0102,0.0229,0.0113,0.001,0.017672570489610146,0.01910482837762425,0.03460498189591241,0.5106944006723395,0.2696540306098937,0.0368,0.011099999999999992,0.0127,-0.0021715526601518986,,0.019966881659095798,0.00306480975385649,,,,,15.884293556213379,0.005503449950381284,12.8601,,-1.755335562458038,,,0.06255186120908629,-0.16217084136159288,,,-0.2953546542848735,-0.025356780457328545,0.017745276913046837,0.48330554366111755,0.4901179485535958,0.819088619038972,0.7233732378627278,-3.4025936456375696,0.02746843293912613,0.04049761665887045,,,-0.5394633007876897,,0.49058908224105835,1.351033330339015,3.3065879344940186
200305,963.59,16.184666666666665,33.14,0.053251,0.051508,0.052199999999999996,0.0638,0.0436,0.0592,0.0471,0.010700000000000001,0.0009,0.01679621692490236,0.017651121871773617,0.03439222075779118,0.48837256085294706,0.2583755061075094,0.0329,0.0116,-0.0121,-0.0016322089227421843,,0.006448108986552713,0.0022283195008501585,,,,,14.117106437683105,0.003608742481948712,14.8049,,-1.7368543726707921,,,0.06089175218126108,0.133001149865849,,,-0.3551870695876759,-0.026479384902586105,0.031141821295022964,0.457266241312027,0.4717688457897848,0.8916913931639002,0.754949680030163,-3.4050024075510428,0.03186793277397277,0.034237643517616226,,,0.8169939598726187,,0.4608008861541748,1.3162863808463203,3.2938551902770996
200306,974.51,16.165,34.55,0.012816,0.011351,0.049699999999999994,0.061900000000000004,0.0452,-0.0154,-0.0143,0.0092,0.001,0.016587823624180358,0.016775807137890595,0.035453715200459715,0.4678726483357453,0.2544883372653901,0.036,0.01220000000000001,0.0011000000000000003,0.0010899182561308063,,0.0012618871281020662,0.0019977006815544074,,,,,12.083600997924805,0.003242954866950727,14.3919,,-1.8824155490233352,,,0.06078544672776953,0.019959404600811803,,,-0.26957637822378555,-0.02145040850298562,-0.010739621706306934,0.43906545639038086,0.3256357498148607,0.9579870995255612,0.7664808777290416,-3.3722847945921113,0.03432564229871,0.0352420026085877,,,0.8169939598726187,,0.36818942427635193,1.2714518255822036,3.185934066772461
200307,990.31,16.305333333333333,35.89333333333333,0.017932,0.016505,0.054900000000000004,0.0662,0.0542,-0.09820000000000001,-0.0881,0.009000000000000001,0.0007000000000000001,0.01646487800116462,0.01673182761935058,0.03624454295456305,0.4542719167904904,0.24764333478963677,0.0452,0.01129999999999999,0.010100000000000012,0.0010887316276537717,,0.0002715756305832386,0.0020460155901345415,,,,,9.206808090209961,0.004520921156871763,9.9036,,-1.7892562761715385,,,0.06453107154529736,0.013598673300165842,,,-0.32729514175982316,-0.03465113604137146,0.04212424159049988,0.4420037567615509,0.3498929188671516,0.9904301395899611,0.787666617191192,-3.35649483516556,0.03657984962319735,0.03506992846052583,,,1.0522597454235025,,0.3461431860923767,1.4421222026197136,3.203597068786621
200308,1008.01,16.445666666666668,37.236666666666665,0.019597,0.018014,0.0588,0.0701,0.0532,0.0166,0.0219,0.0095,0.0007000000000000001,0.016314983647649,0.01660658447018274,0.036940771090233894,0.44165249306239374,0.24285607334599177,0.043699999999999996,0.011299999999999998,0.005299999999999999,0.0038064165307232223,,0.00291701332774773,0.0009660563715680943,,,,,14.44366455078125,0.0037905480381774208,15.2008,,-1.5656716394826304,,,0.06097131242422282,0.03926701570680646,,,-0.36775455367941035,-0.018073816081913927,0.034916531294584274,0.4421630799770355,0.3484841797495797,0.9986127756153952,0.8031933859820626,-3.3419777323168613,0.03250714603708457,0.029726160199670806,,,1.0522597454235025,,0.32034361362457275,1.2941386074089962,3.2858731746673584
200309,995.97,16.586000000000002,38.58,-0.010737,-0.012107,0.0572,0.0679,0.049,0.0546,0.050300000000000004,0.009399999999999999,0.0008,0.016653112041527356,0.016454201843235684,0.038736106509232204,0.42991187143597726,0.24654178263370644,0.0396,0.010700000000000001,-0.004299999999999998,0.003250270855904569,,0.007323406255786265,0.0018690885416812872,,,,,22.258222579956055,0.005970227700719607,30.5595,,-1.8036173486717617,,,0.06602637225723562,-0.08091939546599491,,,-0.40615426681056627,-0.01886508468678745,0.026193639263510704,0.41817542910575867,0.34530774631182093,0.9602376197442213,0.79118620009588,-3.292796631984867,0.032043545802436305,0.04547316059407827,,,1.0522597454235025,,0.3201896548271179,1.215274255662389,3.2896676063537598
200310,1050.71,16.852333333333334,41.96666666666667,0.05556,0.05397,0.057,0.0673,0.0518,-0.028300000000000002,-0.020300000000000002,0.0092,0.0007000000000000001,0.01603899585359741,0.016920523041189326,0.03994124607804881,0.4015647339158062,0.23330896667445805,0.0426,0.010299999999999997,0.008,-0.001079913606911398,,0.007211422867972811,0.0014076126595935553,,,,,8.70028018951416,0.0029603352658138745,6.8398,,-1.737271685697491,,,0.06588944657849716,0.0017129153819799292,,,-0.2992417749457536,0.009637811648137394,0.008064987137913704,0.41680216789245605,0.3410859117092523,0.9987913967011042,0.8360604556179403,-3.262351046876825,0.029217728744507836,0.022251466409749426,,,1.0522597454235025,,0.29913008213043213,1.237118163379185,3.3330788612365723
200311,1058.2,17.11866666666667,45.35333333333333,0.009259,0.007606,0.0565,0.0666,0.0519,-0.0027,0.005200000000000001,0.009300000000000001,0.0007000000000000001,0.01617715617715618,0.016292475246896546,0.04285894285894286,0.3774511245038954,0.2337541521073348,0.0426,0.010100000000000005,0.0079,-0.002702702702702675,,0.010000790522036403,0.0009196630634898141,,,,,10.985223770141602,0.0029456262059226993,13.5734,,-1.861439574484249,,,0.07120816562251076,0.03727770177838585,,,-0.10097758173426015,-0.008680600549990064,0.054464343935251236,0.4395047426223755,0.3388927176712365,0.9922908851889646,0.8344687101743754,-3.1919421302398616,0.027510617344839935,0.02323798117684821,,,1.0522597454235025,,0.2969323992729187,1.173595408118052,3.2987186908721924
200312,1111.92,17.385,48.739999999999995,0.05178,0.050107,0.0562,0.066,0.0511,0.013900000000000001,0.013900000000000001,0.009000000000000001,0.0008,0.015635117634362185,0.01642884142884143,0.0438340887833657,0.3566885514977432,0.21873986475412183,0.0421,0.009800000000000003,0.0,-0.0010840108401083404,,0.0069463113713297935,0.000893700000177375,,,,,16.923622131347656,0.0035862609297682155,20.7938,,-1.8483460036091097,,,0.07014414807870928,0.07187603033300372,,,-0.07825951821837485,-0.0008535689334564693,0.013805494643747807,0.4122558832168579,0.33461585474310584,1.0,0.891745955379946,-3.1691569843928526,0.025327987188196892,0.029295689907231387,,,1.0522597454235025,,0.24423831701278687,1.156819423492212,3.5255799293518066
200401,1131.13,17.598000000000003,49.82666666666667,0.019078,0.017991,0.0554,0.0644,0.0499,0.0187,0.0187,0.0088,0.0007000000000000001,0.01555789343399963,0.01582667817828621,0.04405034493530068,0.35318437249130324,0.21802772102016865,0.0411,0.009000000000000001,0.0,0.004883342376559741,,0.006886501714126675,0.000978793352101841,,,,,9.070396423339844,0.00350710882149433,14.086,,-1.9559870921682818,,,0.07030872015650402,0.019993848046754747,,,-0.05445862849598824,-0.009529371505217663,0.05534682422876358,0.39186424016952515,0.3233037176351693,0.9799635786371608,0.894659037207263,-3.1630840778091858,0.02390813936067336,0.022975889277053352,,,1.0522597454235025,,0.2321055680513382,1.1823779298572261,3.395042896270752
200402,1144.94,17.811,50.91333333333333,0.014403,0.012716,0.055,0.06269999999999999,0.0483,0.023,0.0178,0.009300000000000001,0.0006,0.01555627369119779,0.015746200701952914,0.04446812351156683,0.34982977609008775,0.2160532203569188,0.039,0.007699999999999992,-0.0052,0.005399568034557323,,0.009361318845589215,0.0006107509419514895,,,,,6.797552108764648,0.0022468324715344745,9.8728,,-1.9990253901671806,,,0.07497088155639808,0.08805790108564548,,,0.04660074476743133,-0.006452697286435047,0.06337481737136841,0.4182294011116028,0.3250734944873632,0.9856784972573269,0.9028352859085318,-3.152972320292626,0.024720585901495982,0.017591695124437028,,,1.0522597454235025,,0.20508496463298798,1.1750431074488785,3.3874588012695312
200403,1126.21,18.024,52.0,-0.014982,-0.016267,0.0533,0.0611,0.0474,0.0141,0.0118,0.009399999999999999,0.0009,0.016004120013141422,0.01574230964067986,0.04617256106765168,0.34661538461538466,0.281731465479788,0.038,0.007800000000000001,-0.0023,0.0064446831364124435,,0.012282038626579754,0.0019812495110685838,,,,,10.093693733215332,0.003774382783297275,9.4462,,-2.0390990161375626,,,0.06961389043033339,-0.009146341463414642,,,0.03622473749678682,0.010284857039564143,0.03880352899432182,0.4261418879032135,0.3430933249349587,0.9646106708140477,0.8835381447379421,-3.1129543339444505,0.024430738460026986,0.024304470845720384,,,1.0522597454235025,,0.2798311710357666,1.2333956902037075,3.496389865875244
200404,1107.3,18.216666666666665,53.383333333333326,-0.015584,-0.016719,0.057300000000000004,0.0646,0.0531,-0.0588,-0.0534,0.009399999999999999,0.0008,0.016451428399409974,0.01617519527145618,0.04821036154008248,0.3412425850764908,0.28537186680057935,0.0437,0.007300000000000001,0.005399999999999995,0.0032017075773744796,,0.013766282190884572,0.0012309376648862766,,,,,8.94502067565918,0.0031846664194940125,13.4427,,-2.019827995990445,,,0.07197706376081747,0.043636363636363695,,,0.08269013276715688,-0.007020986318040537,0.021507347002625465,0.44639259576797485,0.3296712424508354,0.9523054285368374,0.8722671197937726,-3.0747617588521234,0.024495011547323253,0.025070599149279914,,,1.0522597454235025,,0.29933789372444153,1.331225736199649,3.5050032138824463
200405,1120.68,18.409333333333333,54.766666666666666,0.013629,0.012024,0.0604,0.0675,0.0539,-0.0051,-0.0071,0.0102,0.0006,0.016426931267920667,0.016625425208465036,0.04886913897514604,0.3361412051125989,0.2864115738900421,0.0437,0.007100000000000002,-0.002,0.005851063829787284,,0.01633008253805894,0.000977615306359392,,,,,8.014760971069336,0.002627822696911378,5.2403,,-1.8101527203383576,,,0.07783439805420311,0.06941838649155718,,,0.07857145723727166,-0.0119796951321873,0.006471078842878342,0.4187845289707184,0.32995073631208927,0.9488484498542519,0.8691006894151488,-3.0647291221480666,0.023058658141079054,0.020747772306497932,,,1.0522597454235025,,0.33060112595558167,1.3747258433081129,3.4847822189331055
200406,1140.84,18.601999999999997,56.15,0.019488,0.018019,0.0601,0.0678,0.0532,0.0121,0.0093,0.0127,0.0008,0.016305529259142384,0.016598850697790622,0.049218119981767824,0.3312911843276936,0.2796316029545359,0.040499999999999994,0.0076999999999999985,-0.0028000000000000004,0.0031729243786355887,,0.014491426386878012,0.0007707703836045491,,,,,6.833077430725098,0.003478226483301243,10.6631,,-1.8759670853680015,,,0.06866505226663477,-0.07468671679197991,,,0.1699150746993592,-0.007849952984829184,0.010541530326008797,0.406128853559494,0.3475048602087346,0.9718543077195302,0.8901729764957375,-3.05770885477145,0.02466998194047127,0.017638790173527163,,,1.0522597454235025,,0.2763793468475342,1.4554981779834337,3.55324125289917
200407,1101.72,18.788999999999998,56.69,-0.032954,-0.034111,0.0582,0.0662,0.0523,0.0155,0.0184,0.013300000000000001,0.001,0.017054242457248663,0.016469443567897337,0.05145590531169444,0.33143411536426176,0.2877883095275901,0.039,0.007999999999999993,0.0029,-0.001581444385872377,,0.014720672225233324,0.0007770942870854092,,,,,7.298366546630859,0.003434900278165255,10.0533,,-1.9551182213822544,,,0.0747763344008936,0.18418201516793054,,,0.2138203459474129,0.00828751841167787,0.022845815867185593,0.43273818492889404,0.3415664024138941,0.9443093027370851,0.8649430434923543,-3.0110469310241714,0.025977270837450127,0.01946636139142716,,,0.7836451441493966,,0.24284501373767853,1.452399874959382,3.431835651397705
200408,1104.24,18.976,57.230000000000004,0.003807,0.002019,0.0565,0.0646,0.0493,0.0395,0.0395,0.0148,0.0011,0.01718466999927552,0.01722397705406092,0.051827501267840324,0.33157434911759565,0.2868206158491516,0.034499999999999996,0.008100000000000003,0.0,0.000527983104540608,,0.014278701542765481,0.0014428520355202347,,,,,9.262615203857422,0.0024587878895554072,10.4318,,-1.9277225828185909,,,0.07411861300282574,-0.0340805123513267,,,0.34606341921636447,-0.03168695432233188,-0.013830132782459259,0.4281008243560791,0.3558459977132105,0.9474952736619573,0.8678612434722229,-3.0017437611715216,0.026637411061227988,0.020537407289630678,,,0.22801003703272021,,0.2735152840614319,1.4740653727751591,3.249253988265991
200409,1114.58,19.163,57.77,0.010817,0.009347,0.0546,0.06269999999999999,0.0488,0.0096,0.0101,0.0165,0.0011,0.017193023381004504,0.017354017242628413,0.05183118304652874,0.3317119612255496,0.2894853014849801,0.0323,0.00809999999999999,0.0005000000000000004,0.0021108179419524475,,0.009132245998024816,0.0007056831847785251,,,,,5.377908229827881,0.0036332334383503183,9.0262,,-1.8829490481568492,,,0.07406401867551704,0.1735732891309496,,,0.351381203434927,-0.00893346564967666,0.004080005455762148,0.4286019802093506,0.3523939608174084,0.938773666613893,0.8598726603645149,-3.0002332540780685,0.0245044231794799,0.015007382627655285,,,-0.04249506720988729,,0.2626148760318756,1.4439987284300388,3.227389097213745
200410,1130.2,19.256,58.03,0.014973,0.013699,0.0547,0.0621,0.0478,0.0154,0.0164,0.0176,0.0011,0.017037692443815252,0.01727646288287965,0.05134489470890108,0.33182836463897986,0.29100959663803533,0.0302,0.007400000000000004,0.0010000000000000009,0.00526592943654558,,0.007428857517789895,0.0012304685240596162,,,,,10.323262214660645,0.0033442290821577,14.1218,,-1.8933094996606215,,,0.08123846215925834,0.044794188861985385,,,0.16806816404247552,-0.03338590380421234,0.04331531748175621,0.43724900484085083,0.40403225689594535,0.9338564124533185,0.8553686861190585,-3.009371558626058,0.02116212156458394,0.02374692196896577,,,0.5104529367906474,,0.2982035279273987,1.422067226325187,3.193821430206299
200411,1173.82,19.349,58.29,0.040559,0.035572,0.0552,0.062,0.0502,-0.0234,-0.02,0.0207,0.0015,0.01648378797430611,0.017119978764820385,0.04965838033088549,0.33194372962772345,0.27983164589250886,0.029500000000000002,0.0068000000000000005,0.0034000000000000002,0.0005238344683080598,,0.012176906921704743,0.0008574255527737326,,,,,4.535990238189697,0.0038578545137697073,6.6873,,-1.849583826229236,,,0.08240185778873244,-0.0505986867516417,,,0.20291169512434182,0.0026626603835706096,0.026847338303923607,0.46180909872055054,0.4028366271845773,0.9711595593097218,0.8895366195284817,-3.043634084035418,0.022504738403515155,0.01578561179300967,,,1.0522597454235025,,0.2585456669330597,1.3219091827502814,3.333961009979248
200412,1211.92,19.442,58.55,0.033734,0.032086,0.0547,0.061500000000000006,0.0484,0.025,0.0257,0.0219,0.0016,0.016042313023961977,0.016563016476120702,0.04831176975377912,0.33205807002561916,0.27061924267899223,0.0265,0.006800000000000007,0.0006999999999999992,-0.003664921465968529,,0.01300151140806517,0.0007278501989002524,,,,,5.00580358505249,0.0030045286937952992,8.9618,,-1.8104493511838546,,,0.08902504840012071,-0.11798209926769732,,,0.21065801783035865,-0.014116384888918103,0.04134770482778549,0.44458580017089844,0.39733693936835524,0.9934101306918579,0.9198181691003483,-3.0715098775694822,0.022153884568117815,0.01516864635831803,,,1.0522597454235025,,0.2572454810142517,1.2471134999002313,3.294100522994995
200501,1181.27,19.703000000000003,59.10666666666667,-0.023824,-0.024749,0.0536,0.0602,0.0465,0.03,0.0277,0.0233,0.0016,0.016679505955454726,0.01625767377384646,0.05003654259116601,0.33334649221746,0.2781798561288244,0.0232,0.006599999999999995,-0.0023,0.0021019442984759884,,0.013545494338363395,0.0008214051254810047,,,,,3.189023017883301,0.003218376719497414,5.7193,,-1.9381440428288674,,,0.09130598655841471,0.11277675276752763,,,0.2702279377283834,-0.02289936313163595,0.040763016790151596,0.4193273186683655,0.40028295430604743,0.9664103683804196,0.8948185529617897,-3.036335552165786,0.02251771634953308,0.013739541470426022,,,1.0522597454235025,,0.2534694969654083,1.2519761460075773,3.2905235290527344
200502,1203.6,19.964000000000002,59.663333333333334,0.021152,0.019015,0.052000000000000005,0.0582,0.0479,-0.0128,-0.0112,0.0254,0.0016,0.01658690594882021,0.01690045459547775,0.049570732247701345,0.3346108721157607,0.27104102364523147,0.0225,0.006199999999999997,0.0016000000000000007,0.0057682223387520715,,0.011758410311796927,0.0008344437467523514,,,,,2.515530824661255,0.00305140210770451,7.5783,,-1.8586486330916008,,,0.09723360109558232,0.07253886010362698,,,0.1618526545212763,-0.004955255540904536,0.032958414405584335,0.42079317569732666,0.39194484869877394,0.9918642337676216,0.9183867924367354,-3.0452086890738572,0.022229653256192514,0.01419048773784274,,,1.0522597454235025,,0.2542061507701874,1.3707897705383558,3.203083038330078
200503,1180.59,20.225,60.22,-0.01724,-0.018729,0.054000000000000006,0.060599999999999994,0.0488,-0.0072,-0.0125,0.0274,0.0021,0.01713126487603656,0.016803755400465272,0.051008394108030736,0.3358518764530057,0.3198568893424831,0.021400000000000002,0.006599999999999988,-0.005300000000000001,0.007820646506777829,,0.009097227294608809,0.0008598945964753185,,,,,6.57188606262207,0.004343173613845678,8.7577,,-1.854882355759775,,,0.09458009922233312,0.06879227053140102,,,0.31465568967624497,-0.04550619641339044,0.07104145735502243,0.4535422623157501,0.3945442760568267,0.9600760473650777,0.8959974340995208,-3.019781954864548,0.022162837328564323,0.016892702665216475,,,1.0522597454235025,,0.26357150077819824,1.4171366230385831,3.2290146350860596
200504,1156.85,20.458333333333336,61.233333333333334,-0.018926,-0.020076,0.0533,0.0605,0.0461,0.0373,0.0327,0.0278,0.0021,0.01768451686332138,0.01732890616838474,0.05293109161372117,0.3341045182362548,0.32962440066283966,0.018300000000000004,0.007199999999999998,-0.0046,0.0067252974650799935,,0.007935563532557316,0.0018258937395814823,,,,,4.932277202606201,0.004134361197232722,7.8733,,-2.0147046324697957,,,0.09543288200449584,-0.11046826975230517,,,0.3058468698768101,-0.03263634075413878,0.03470362722873688,0.44577285647392273,0.4027891795539869,0.9316268377732382,0.8694470177378107,-2.981248981206876,0.022074684428407987,0.020550158690455643,,,0.003789130937269677,,0.3069756031036377,1.4795139010663652,3.2156057357788086
200505,1191.5,20.69166666666667,62.24666666666667,0.031994,0.030156,0.051500000000000004,0.0601,0.044,0.0297,0.0295,0.028399999999999998,0.0024,0.017366065183941813,0.017886214000662724,0.05224227164638411,0.33241405162257687,0.32096550459136297,0.0156,0.008599999999999997,-0.00020000000000000226,-0.0010277492291880241,,0.004776614460533859,0.0008594159581001698,,,,,5.238641738891602,0.003762666811844394,6.82,,-1.8528068039483778,,,0.09503909930165921,0.05853658536585349,,,0.5283874092228968,0.03548272332285502,0.015521453693509102,0.43827536702156067,0.3959526515997234,0.9567599435128947,0.89290265785662,-2.992429271897789,0.021385349212398756,0.014832211365677942,,,-0.0005570829112741455,,0.3129023611545563,1.5927307113444775,3.375148296356201
200506,1191.33,20.925,63.26,0.001717,0.000139,0.0496,0.058600000000000006,0.0429,0.0167,0.0141,0.0297,0.0023,0.017564402810304452,0.01756189676877885,0.05310031645303988,0.33077774264938353,0.32697905687315876,0.0132,0.009000000000000008,-0.0026,0.0005144032921811093,,0.005365658329344595,0.0005421187058580494,,,,,3.004058361053467,0.004740162100996042,5.9874,,-1.7990080374151562,,,0.09823703466140632,0.0873655913978495,,,0.40296969707581437,0.04827558370418485,0.0034172572195529938,0.43942856788635254,0.42443708598677293,0.9391639359995613,0.8764810653946351,-2.9747931043376767,0.02201970171279362,0.01236931331803008,,,-0.8012393689821911,,0.30017605423927307,1.547706715005921,3.374220609664917
200507,1234.18,21.107000000000003,64.33,0.037364,0.036163,0.0506,0.059500000000000004,0.0456,-0.0288,-0.0244,0.0322,0.0024,0.01710204346205578,0.017717173243349874,0.052123677259394895,0.32810508316493087,0.31573427460621317,0.013400000000000002,0.008900000000000005,0.004399999999999998,0.004627249357326502,,0.004480077346618623,0.000649908181996003,,,,,2.7597882747650146,0.003922813035534439,5.2186,,-1.9105959629645448,,,0.09377988400744641,0.07204661840014115,,,0.3356701661324866,-0.01177765151461131,0.037996288388967514,0.4445674419403076,0.4057740746350025,0.9726119802020923,0.9076966778071788,-2.9950859618326735,0.021756714275599685,0.011945449339792072,,,-0.26500870096108664,,0.23528163135051727,1.5532022821362697,3.4436211585998535
200508,1220.33,21.289,65.4,-0.009159,-0.011265,0.0509,0.0596,0.0432,0.0333,0.0233,0.0344,0.003,0.017445281194431016,0.017249509795977898,0.05359206116378357,0.32551987767584095,0.32053312471378415,0.008800000000000002,0.0087,-0.010000000000000002,0.0051177072671442225,,0.005404938259372596,0.0006967233765021981,,,,,2.343653440475464,0.005268261180404815,6.5591,,-1.8512749571347609,,,0.09575189742023582,0.1304562675012353,,,0.3075023280682959,0.01680223644545299,0.05103889852762222,0.44822782278060913,0.4012148475274106,0.9580505550452217,0.8941071297571096,-2.968071927842984,0.02000032941388516,0.013536228059759903,,,-0.5269337812810542,,0.22230060398578644,1.5514724853947823,3.3683695793151855
200509,1228.81,21.471000000000004,66.47,0.008067,0.006916,0.0513,0.0603,0.0464,-0.0338,-0.031,0.0342,0.0029,0.017473002335592975,0.017594421181155923,0.054092984269333746,0.3230179028132993,0.31789150983564674,0.012199999999999996,0.009000000000000001,0.002799999999999997,0.012219959266802416,,0.006716413676121667,0.0006599006932973796,,,,,2.4047436714172363,0.004287261310298579,5.3559,,-1.8642872567375823,,,0.07491020314888974,-0.03526154742823839,,,0.3375104724210289,-0.002311086896261269,0.0775417685508728,0.42915838956832886,0.3966424261572602,0.9660117635767855,0.9015369812112621,-2.958192725658812,0.019174065314785087,0.011892078723651804,,,-0.018939278616962662,,0.22418862581253052,1.5679915187863962,3.3357536792755127
200510,1207.01,21.719333333333335,67.59,-0.015672,-0.016697,0.0535,0.063,0.0484,-0.0196,-0.0204,0.0371,0.0027,0.01799432758082645,0.017675094874987456,0.055997879056511546,0.3213394486363861,0.32180818710985654,0.011299999999999998,0.009500000000000001,-0.0008000000000000021,0.002012072434607548,,0.005749307793436309,0.0018179863199098705,,,,,6.652069091796875,0.004720701589794783,7.0583,,-1.9783871690919799,,,0.08570057648627216,-0.09681317021597946,,,0.4573518407960938,0.011808311875933751,0.11484232544898987,0.4312956929206848,0.3994508245072215,0.9542545850071523,0.890564515165939,-2.9260754999751524,0.01792030770861837,0.01924925913693386,,,-0.5269337812810542,,0.2722046673297882,1.664849156747397,3.3935019969940186
200511,1249.48,21.96766666666667,68.71000000000001,0.038289,0.035675,0.0542,0.0639,0.0481,0.0076,0.0099,0.0388,0.0031,0.017581447215374933,0.018200070145787253,0.05499087620450108,0.3197157133847572,0.310914345628811,0.009299999999999996,0.0097,0.002300000000000001,-0.008032128514056214,,0.005767970863304751,0.0005398989119062048,,,,,3.0979082584381104,0.005579088871389772,6.8256,,-1.7983978960474283,,,0.09560804646991006,-0.04130434782608694,,,0.48526705165568784,0.059386900886985027,-0.004434576258063316,0.44825831055641174,0.4144772600921597,0.9876898327780598,0.9217681852225288,-2.944987581998042,0.018748193243360224,0.013262299164675317,,,0.2452886494747737,,0.24943330883979797,1.6181871167767323,3.485560178756714
200512,1248.29,22.216,69.83,-6e-05,-0.001396,0.0537,0.0632,0.0461,0.0267,0.0225,0.038900000000000004,0.0032,0.017797146496407085,0.0177801965617697,0.055940526640444126,0.318144064155807,0.3134779566130161,0.007199999999999998,0.009500000000000008,-0.004200000000000002,-0.004048582995951344,,0.003058881893187935,0.0004329976200470677,,,,,3.475761651992798,0.004682989392767551,7.1476,,-1.8165459934589492,,,0.09949360282825825,0.06506192220477947,,,0.5159070918783993,0.033755379711343986,0.03794248402118683,0.45759105682373047,0.412614497990854,0.9796125423310529,0.9142299995393663,-2.9271959397334824,0.017263922936459845,0.011821995583222153,,,-0.5269337812810542,,0.24133875966072083,1.5675323170632929,3.4730424880981445
200601,1280.08,22.405333333333335,70.77666666666667,0.026442,0.025424,0.0529,0.062400000000000004,0.0474,-0.0118,-0.0093,0.0424,0.0034999999999999996,0.01750307272462138,0.017948820653320412,0.055290815157386,0.31656383930673954,0.30922625786250346,0.0049999999999999975,0.009500000000000001,0.0025000000000000005,0.007621951219512146,,-0.0004457372728799109,0.0009754252035578519,,,,,3.6660919189453125,0.004767422077553112,6.9877,,-1.9483468108573405,,,0.09980797525526075,0.11136586963642303,,,0.40158137691812845,-0.0033255703885834618,0.01636272855103016,0.4068966805934906,0.4200234757009371,0.9838293140543164,0.926800182206231,-2.938399517429341,0.021361354545276233,0.01479345173609544,,,0.2452886494747737,,0.1913139969110489,1.610375763870781,3.4918127059936523
200602,1280.66,22.594666666666665,71.72333333333333,0.002425,0.000167,0.0535,0.06269999999999999,0.0457,0.0238,0.0128,0.0443,0.0034000000000000002,0.01764298616859015,0.01765098014707414,0.05600497660060697,0.3150253288097783,0.3056103611163415,0.0013999999999999985,0.009199999999999993,-0.011000000000000001,0.0020171457387794245,,0.002038331025727921,0.0006485364099820686,,,,,3.3068790435791016,0.005869446529783482,7.2603,,-1.8895091794312542,,,0.09897115709365956,-0.09563807839669913,,,0.426629000444615,0.03011612104593663,0.03735615685582161,0.4292182922363281,0.4162947951583147,0.9870918734292463,0.9377658240481516,-2.927001241949928,0.02100984567275821,0.013996680800022214,,,1.0522597454235025,,0.2172701358795166,1.5876037876198197,3.3950135707855225
200603,1294.87,22.784,72.67,0.012909,0.011511,0.0553,0.0641,0.0507,-0.0539,-0.0404,0.0451,0.0037,0.01759558874636064,0.017790826605031777,0.05612146393074209,0.31352690243566805,0.3160094407218444,0.005600000000000001,0.008800000000000002,0.013500000000000005,0.005535983895319729,,0.0021519974810766986,0.0005452507758945999,,,,,1.9243801832199097,0.004801539303779659,5.1758,,-1.8834489738542894,,,0.0999688628434372,0.07951767964803658,,,0.3100287200676918,0.05713252216965989,0.030216297134757042,0.4276002049446106,0.4077848896429092,0.9816115496185971,0.9476532417525236,-2.9263568739792385,0.023624142194732044,0.012747166026095068,,,1.0522597454235025,,0.2182547003030777,1.6461753075680212,3.4209489822387695
200604,1310.61,23.001666666666665,73.27666666666667,0.012064,0.01085,0.0584,0.0668,0.0532,-0.0247,-0.0224,0.046,0.0036,0.01755035187177472,0.01776368798927048,0.055910352176976125,0.31390165127598596,0.30884197784139195,0.007199999999999998,0.008399999999999998,0.0023,0.008508508508508372,,-0.003472517646954937,0.0005998072931904006,,,,,0.5105754733085632,0.004926125990602466,3.9782,,-2.018446511133696,,,0.1017504418087114,0.08377358490566023,,,0.433271425840093,0.027400527285806643,0.07440510392189026,0.43004441261291504,0.3993549709725543,0.9986496827149722,0.969645943266985,-2.932700646504217,0.020693803205792945,0.012121327543244229,,,1.0522597454235025,,0.19430775940418243,1.6541133967850195,3.3601932525634766
200605,1270.09,23.219333333333335,73.88333333333333,-0.028319,-0.030519,0.059500000000000004,0.0675,0.0535,0.001,-0.002,0.0472,0.0043,0.018281644082965252,0.017716432297428936,0.05817173061226632,0.31427024588314917,0.3143403075308619,0.0063,0.008,-0.003,0.00496277915632759,,-0.0026567367070998112,0.0013551637127247164,,,,,7.702731609344482,0.007451184794162081,10.6306,,-2.094576622580541,,,0.10075796631909828,-0.005292479108635062,,,0.41313495251368954,0.0027746862642027844,-0.015183467417955399,0.42248260974884033,0.38916930328992694,0.9592584162540315,0.9526852387362258,-2.894193005407702,0.02263674486371197,0.022796952320931662,,,1.0522597454235025,,0.23642387986183167,1.761147516878425,3.4726738929748535
200606,1270.2,23.437,74.49,0.001587,0.000348,0.058899999999999994,0.0678,0.0531,0.0092,0.0039,0.0479,0.004,0.018451424972445285,0.018453023014117113,0.058644307982994796,0.31463283662236546,0.314850289949436,0.005200000000000003,0.008900000000000005,-0.0053,0.0019753086419753707,,-0.002195484936856323,0.0021028156555683245,,,,,3.927802801132202,0.005633607869895274,0.0714,,-2.034159807951091,,,0.10267669492147036,0.035284234108093004,,,0.5152837808605352,0.02444888042945215,0.09417761117219925,0.40904203057289124,0.34985200651406234,0.9577046462789829,0.9511421157419018,-2.8861019940278605,0.02181277297409139,0.01538805582437347,,,1.0522597454235025,,0.31892240047454834,1.959860786244592,3.584822654724121
200607,1276.66,23.656666666666666,75.85,0.005571,0.00451,0.058499999999999996,0.0676,0.0518,0.0199,0.0237,0.0495,0.004,0.018530122872704294,0.01862436361727812,0.05941284288690802,0.3118874972533509,0.3138521752812525,0.0022999999999999965,0.009099999999999997,0.003799999999999998,0.0029571217348447476,,-0.0023631203057722554,0.0014516632187408847,,,,,6.784280776977539,0.00594544994534916,8.5007,,-2.2044872070093007,,,0.10092517723385797,0.008385177170678881,,,0.566636227805867,0.00950593001004466,0.0683618113398552,0.4264333248138428,0.35001241288211726,0.9607503446380334,0.95416694389993,-2.8728918056557053,0.023358892525467356,0.01978191204818104,,,0.4966246383068254,,0.348354697227478,1.5485055798569551,3.385648250579834
200608,1303.82,23.87633333333333,77.21,0.02415,0.021679,0.056799999999999996,0.0659,0.0496,0.0299,0.0361,0.0496,0.0042,0.018312599387441005,0.01870218643439391,0.059218297004187695,0.309238872339507,0.30846179867588075,0.0,0.009100000000000004,0.006200000000000001,0.0019656019656020263,,-0.008473985824055874,0.0004692515314751891,,,,,4.3929762840271,0.006741713165595573,4.0997,,-1.9615684447243396,,,0.10406945436208304,-0.056062231759656744,,,0.5336668946035532,-0.021424824917974688,0.05729269981384277,0.4337823688983917,0.34165657471128386,0.977539477696229,0.9708410318877965,-2.8741713672954536,0.021428383546783565,0.012696834872911029,,,1.0522597454235025,,0.3062552213668823,1.7053164256417948,3.377593994140625
200609,1335.85,24.095999999999997,78.57,0.026487,0.025296,0.055099999999999996,0.0643,0.0484,0.017,0.0183,0.0481,0.0040999999999999995,0.018037953363027284,0.018481078676504423,0.05881648388666392,0.3066819396716304,0.3005932835405559,0.00030000000000000165,0.0092,0.001299999999999999,-0.004904364884747436,,-0.009493491052644543,0.0005133952104621878,,,,,3.3429760932922363,0.00523704010606445,6.9885,,-1.933891404329538,,,0.10117553968700754,-0.10628019323671489,,,0.598372663693292,0.09942684742460331,0.004044632893055677,0.41521385312080383,0.3520810465309627,0.9966394873042083,0.9962543653576139,-2.8794530607699516,0.01966826966292072,0.012424535015320492,,,1.0522597454235025,,0.22210104763507843,1.7478191991675014,3.272153615951538
200610,1377.94,24.358666666666664,79.55,0.032527,0.03142,0.055099999999999996,0.0642,0.0481,0.0077,0.0127,0.0492,0.0040999999999999995,0.017677596024984154,0.018234582226048332,0.057731105853665615,0.30620574062434525,0.2905991608123019,-0.0011000000000000038,0.009099999999999997,0.004999999999999999,-0.005421389847215297,,-0.008934735256635455,0.00045058820816370787,,,,,1.5574291944503784,0.0051064418682549755,5.4026,,-1.8684957367729642,,,0.09880102084471609,-0.06645468998410176,,,0.5955328471477428,0.020348334631891674,0.0336645245552063,0.43236878514289856,0.34584013030195493,0.993182150767121,0.993182150767121,-2.8981745782745225,0.017546816217128208,0.01046238435092094,,,1.0522597454235025,,0.14128020405769348,1.732276804914978,3.3072683811187744
200611,1400.63,24.621333333333332,80.53,0.018385,0.015887,0.0533,0.062,0.0467,0.0207,0.0246,0.049400000000000006,0.0042,0.0175787562263648,0.017868218741986828,0.05749555557142143,0.3057411316693572,0.28724186769192755,-0.002700000000000008,0.0087,0.0039000000000000007,-0.0014866204162538033,,-0.015111029277779107,0.0005921951151264507,,,,,-0.22514374554157257,0.0063040487236336925,4.3349,,-1.909731557938557,,,0.09715745476218629,0.07237738419618522,,,0.4982738517447142,0.045976844819097216,0.03218355402350426,0.4508139491081238,0.34095588535007954,0.990226500823168,0.990226500823168,-2.901020994218993,0.017671946689221753,0.010408573603391733,,,1.0522597454235025,,0.16656707227230072,1.5916082142479657,3.385662078857422
200612,1418.3,24.884,81.50999999999999,0.013768,0.012294,0.053200000000000004,0.0622,0.0491,-0.0236,-0.0232,0.048499999999999995,0.004,0.017544948177395474,0.01776629088338819,0.057470210815765345,0.305287694761379,0.28168239971435793,0.0006000000000000033,0.008999999999999994,0.00040000000000000105,0.0014888337468983437,,-0.01503677652357727,0.000357530765349069,,,,,3.1773228645324707,0.005267574984203595,6.9593,,-1.8334945263244062,,,0.10607997783665546,-0.03366682547244715,,,0.5174007327422807,0.03265489505421513,0.03150006756186485,0.4499558210372925,0.33668313000008576,0.9962096051578785,0.9962096051578785,-2.9010794215220708,0.018873283302708235,0.011479022929001813,,,1.0522597454235025,,0.16471241414546967,1.6584749993488215,3.5189225673675537
200701,1438.24,25.087333333333333,82.05666666666666,0.015313,0.014345,0.054000000000000006,0.0634,0.0502,-0.0102,-0.0051,0.049800000000000004,0.0044,0.017443078577520674,0.01768831229876143,0.057053528386546516,0.3057318113498802,0.2781442104821145,0.0003999999999999976,0.009399999999999992,0.0051,0.0030525272547075044,,-0.013986663521611488,0.00045048378439812626,,,,,0.2165779024362564,0.005025837826741188,3.8813,,-1.9115069778362441,,,0.10147579725208988,-0.044042728019720645,,,0.6844786520604786,0.03345949731713482,0.040020812302827835,0.42173850536346436,0.35912480134794866,0.9999936617447474,0.9999936617447474,-2.910267190971564,0.018064801075020207,0.009429383996345232,,,1.0522597454235025,,0.1770007461309433,1.954448529435695,3.6610300540924072
200702,1406.82,25.290666666666667,82.60333333333332,-0.019288,-0.021598,0.053899999999999997,0.06280000000000001,0.0477,0.0335,0.0287,0.050300000000000004,0.0038,0.01797718732081337,0.017584455074720954,0.05871634845490775,0.3061700496348009,0.2861484941676455,-0.002600000000000005,0.008900000000000012,-0.004800000000000002,0.005350367559876723,,-0.015141021985201225,0.001476855154376593,,,,,2.363839864730835,0.007041064867282631,12.8325,,-1.9067286504394805,,,0.10964286140148793,0.062059480832044045,,,0.6793632221511057,0.009051440075176205,-0.22850511968135834,0.4317499101161957,0.37225596439768366,0.9594881845426163,0.9594881845426163,-2.8811570179364647,0.018056188335736755,0.023341334664714584,,,1.0522597454235025,,0.27322959899902344,2.0350123355254492,3.391587734222412
200703,1420.86,25.494,83.14999999999999,0.010894,0.009679,0.053,0.06269999999999999,0.0493,-0.0145,-0.0231,0.049400000000000006,0.0043,0.01794265444871416,0.018121721328954666,0.05852089579550413,0.30660252555622375,0.2690500134610926,-0.0001000000000000098,0.009699999999999993,-0.008599999999999998,0.009105695851085338,,-0.012486355834109045,0.0015875258859558124,,,,,4.416194438934326,0.005811661339573871,0.6281,,-2.01421327574586,,,0.11021398112448555,0.06733570734865646,,,0.6940488361032702,0.030442229564403685,0.0037868409417569637,0.4435518980026245,0.353691156846028,0.9661920567091903,0.9661920567091903,-2.882962278764924,0.017937545972308105,0.018700470652017596,,,1.0522597454235025,,0.35986846685409546,2.1842543913848873,3.325085401535034
200704,1482.37,25.71933333333333,83.74024810490764,0.043991,0.042857,0.0547,0.0639,0.0489,0.0085,0.014,0.0487,0.0044,0.01735014425098547,0.0181012438476228,0.056490787121236695,0.30713228006099064,0.25445616893961986,0.0001999999999999988,0.0092,0.0055,0.006496162686508988,,-0.008911900810466757,0.0005821461587654153,,,,,7.065283298492432,0.005615088894789292,12.0013,,-1.8755010706032613,,,0.11571071473190564,-0.0024264482863208814,,,0.6981053173189438,0.039868339491761384,0.05171996355056763,0.4505902826786041,0.3491181603823069,0.9955772985776933,0.9955772985776933,-2.9195111302697287,0.018734514481021085,0.018393108095353387,,,1.0522597454235025,,0.37794211506843567,2.1947108620762417,3.454824447631836
200705,1530.62,25.944666666666663,84.33049620981528,0.034459,0.032154,0.0547,0.0639,0.051,-0.02,-0.0178,0.0473,0.0040999999999999995,0.016950429673378543,0.017502153083688056,0.05509564503914446,0.3076546188239664,0.2439114941253988,0.003699999999999995,0.0092,0.0022000000000000006,0.006110718674704696,,-0.010283118782279185,0.0006965733930361593,,,,,4.40310001373291,0.006763424182188482,7.8009,,-1.9475837004042749,,,0.11546695934435558,-0.026755852842809458,,,0.5959652021457688,0.01224495225505445,0.022316835820674896,0.4450238347053528,0.35428570156786315,0.9996009705803823,0.9996009705803823,-2.945090976163141,0.01922413045981899,0.014478142219159738,,,1.0522597454235025,,0.308350533246994,2.3519013733934244,3.4424102306365967
200706,1503.35,26.169999999999998,84.92074431472292,-0.01662,-0.017828,0.0579,0.067,0.0521,-0.0091,-0.0148,0.0461,0.004,0.01740778927062893,0.017097646705256694,0.05648767373846605,0.3081696964761864,0.24789560997351326,0.005999999999999998,0.009100000000000004,-0.0057,0.0019379751766057662,,-0.011064004454627498,0.0014724362327397814,,,,,5.929672718048096,0.006273192125392056,10.636,,-2.067563377974454,,,0.11484803969767388,0.10074976569821925,,,0.5570090288523233,0.016351922853605184,0.022668059915304184,0.4258495569229126,0.34770075257621397,0.9804260210348984,0.9804260210348984,-2.9234749204467207,0.02002907816713541,0.022814035464969316,,,1.0522597454235025,,0.3022831976413727,2.512156275151844,3.3786697387695312
200707,1455.27,26.43933333333333,82.81407764805627,-0.031197,-0.032283,0.057300000000000004,0.0665,0.0501,0.0284,-0.0032,0.0482,0.004,0.01816799173578328,0.01758694471236461,0.0569063319164528,0.31926133918553506,0.25158496439999195,0.001899999999999999,0.0092,-0.0316,-0.0002543772078021922,,-0.015261853125466704,0.00242626150253488,,,,,18.14892578125,0.009542722783761965,28.7886,,-2.157447919972809,,,0.11245592498926449,0.10969206754647365,,,0.5472257701821052,0.03555091891413392,-0.017435140907764435,0.43016284704208374,0.35937862035878826,0.9436859349119061,0.9436859349119061,-2.915138826726377,0.022251031058608303,0.050517402480144226,,,0.8061903230793789,,0.3884052038192749,2.561007309281131,3.567171096801758
200708,1473.99,26.708666666666666,80.7074109813896,0.015094,0.012859,0.0579,0.0665,0.0487,0.0199,0.0152,0.042,0.0042,0.018119978199761643,0.018353066212226366,0.054754381631754355,0.3309320215069895,0.24883985118762977,0.006699999999999998,0.008600000000000003,-0.004700000000000001,-0.0018339022270870142,,-0.012197537101036058,0.005133963812097075,,,,,17.80105972290039,0.008482670180223133,-1.5016,,-2.555813347494728,,,0.1131920158076678,-0.0539641943734015,,,0.5362908104545191,0.03838901947251117,0.021382322534918785,0.39026954770088196,0.3732914238427121,0.9540963443213448,0.9540963443213448,-2.9505402415627087,0.025219112602222322,0.04726350557216479,,,1.0522597454235025,,0.46360236406326294,2.6848863108720993,3.4040756225585938
200709,1526.75,26.978,78.60074431472293,0.037468,0.035923,0.0574,0.0659,0.0489,0.0012,0.0135,0.038900000000000004,0.0032,0.017670214507941706,0.018302702189295722,0.051482393525281105,0.3432283019099436,0.23920743671233688,0.009999999999999995,0.0085,0.0123,0.002755907405358915,,-0.013015005136691977,0.001868476837213755,,,,,13.575128555297852,0.006829051295821199,11.9168,,-2.213898362864513,,,0.1142281034576138,0.10354149770208165,,,0.39616671294326455,0.008500613235907426,0.06404994428157806,0.4095129668712616,0.38089986968110384,0.9925159334619486,0.9925159334619486,-3.0107236577242764,0.02573990908795579,0.028545003774254937,,,1.0522597454235025,,0.46532899141311646,2.5941009880026553,3.6626439094543457
200710,1549.38,27.229333333333333,74.46074431472293,0.01736,0.016292,0.056600000000000004,0.06480000000000001,0.048,0.0155,0.0088,0.039,0.0032,0.01757434156458282,0.017834834343103543,0.04805841324576471,0.36568709571641156,0.2386170601315469,0.009000000000000001,0.008200000000000006,-0.006699999999999999,0.002139191328121237,,-0.017954802420062893,0.001682877827927416,,,,,10.142141342163086,0.008103871162821252,11.6295,,-2.0580552700392074,,,0.11022391254059727,0.15335619794218514,,,0.3570297485576864,0.025008874125904884,-0.007038888055831194,0.4392627477645874,0.39516337488344083,0.9834431498962549,0.9834431498962549,-3.0796419908851473,0.027804164770961995,0.029594493444654108,,,1.0522597454235025,,0.4171888828277588,2.536739338461813,3.71628475189209
200711,1481.14,27.480666666666664,70.32074431472293,-0.041382,-0.043582,0.054400000000000004,0.064,0.0445,0.0468,0.0079,0.0327,0.0034000000000000002,0.01855372663398913,0.01773655698838675,0.047477445963732615,0.3907903270146856,0.2485796916031034,0.011799999999999998,0.009599999999999997,-0.038900000000000004,0.005939617873415681,,-0.025158601327545077,0.005636835982788476,,,,,14.959748268127441,0.007868346850927223,2.8071,,-2.505871543958065,,,0.11436840406678161,-0.059048428207306713,,,0.43453832477848253,0.003906211863452421,0.02918791025876999,0.43716585636138916,0.39597224683819576,0.9440284993571971,0.9440284993571971,-3.088162484240162,0.02710716323474728,0.04686204974955773,,,0.7836451441493966,,0.4087645411491394,2.5416945978147085,3.814774990081787
200712,1468.36,27.732,66.18074431472293,-0.006116,-0.007903,0.054900000000000004,0.0665,0.045,-0.0029,0.0028,0.03,0.0027,0.01888637663788172,0.018723415747329757,0.045071198013241255,0.41903427178334995,0.2505829731427226,0.015,0.0116,0.0057,-0.000670863129647814,,-0.04063729375640201,0.002345330443473616,,,,,25.319271087646484,0.007704082730045431,18.1362,,-2.3583806286546003,,,0.11354485393453828,0.08295711060948086,,,0.619614057087476,0.08057774030231754,-0.03348122164607048,0.4414263665676117,0.3959860831170952,0.9364814787359693,0.9364814787359693,-3.139693651097696,0.026412313207366176,0.04279851945854438,,,-0.5665590540486233,,0.40375521779060364,2.581205935889911,3.760650634765625
200801,1378.55,27.921999999999997,64.25074431472294,-0.061166,-0.062332,0.0533,0.0654,0.0436,0.0213,0.0017,0.0275,0.0021,0.020254615356715387,0.01901577269879321,0.04660748200262808,0.4345786231398058,0.2627544223091714,0.0161,0.0121,-0.0196,0.004970576472604682,,-0.04317809586634482,0.004831785710264179,,,,,5.73569917678833,0.008791346649446934,-24.1685,,-2.457628678660969,,,0.111052079126984,-0.044606565919749874,,,0.5326254994987518,0.04333344098781395,0.06159961223602295,0.3978847563266754,0.3932833657196698,0.8931012889238118,0.8931012889238118,-3.1027117756774443,0.026716078075162013,0.06259465935743581,,,-2.685335776515435,,0.394398957490921,2.635514958361955,3.7288429737091064
200802,1330.63,28.112,62.32074431472294,-0.031419,-0.033693,0.0553,0.0682,0.0438,0.0018,-0.0071,0.0212,0.0013,0.021126834657267606,0.020392441333284973,0.04683551724726102,0.45108575497803693,0.2709793210392829,0.0226,0.012899999999999995,-0.0089,0.0029041121849535667,,-0.04960713412416569,0.0032256416654840104,,,,,27.95594024658203,0.007997014623666086,26.232,,-2.3673523349837216,,,0.105957916254237,0.1102868986582306,,,0.499402816292757,0.02903859396785932,-0.06812690943479538,0.42128005623817444,0.38191404995118183,0.8659934357158338,0.8659934357158338,-3.0978310312847146,0.029350556287946937,0.061117607933307984,,,-2.685335776515435,,0.3522874116897583,2.5355119126830203,3.856881618499756
200803,1322.7,28.302,60.39074431472294,-0.0034,-0.005054,0.055099999999999996,0.0689,0.0432,0.0106,-0.0059,0.0126,0.0017000000000000001,0.021397142209117714,0.021269624162990462,0.04565717420028951,0.4686479744728055,0.25405756718033023,0.030600000000000002,0.013800000000000007,-0.0165,0.008668212930989627,,-0.05183046187838121,0.0063376728223022705,,,,,27.432327270507812,0.007108054261156169,3.2104,,-2.3893920532361776,,,0.10174684491051345,-0.0023580271173118117,,,0.5486196631295605,0.04958986903471876,0.07997968047857285,0.45416346192359924,0.3735343578645243,0.8657463396243997,0.8657463396243997,-3.1210925680636885,0.03202021706194216,0.058140890358195724,,,-2.685335776515435,,0.3897293210029602,2.6197554888598513,4.221583843231201
200804,1385.59,28.438666666666666,57.38382954314862,0.048629,0.04749,0.0555,0.0697,0.0458,-0.0288,0.0091,0.0129,0.0018,0.020524590006182685,0.02150046621808926,0.04141472552713907,0.49558676883498654,0.24301469641883508,0.0329,0.014199999999999997,0.0379,0.006064778389719416,,-0.04884367913683682,0.0029037294854902507,,,,,15.547883033752441,0.006799513936845539,13.4642,,-2.121308448413331,,,0.09411721600971834,0.11975576127634424,,,0.3313154479161372,0.010287015447137877,0.042132314294576645,0.45117276906967163,0.3972918929893499,0.9050868613360273,0.9050868613360273,-3.2202578189477693,0.032015243368982746,0.037670528792474234,,,-2.685335776515435,,0.39085808396339417,2.5317989787006123,4.317625999450684
200805,1400.38,28.575333333333333,54.376914771574306,0.012986,0.010708,0.0557,0.0693,0.0475,-0.0164,-0.0277,0.0173,0.0018,0.020405413768643747,0.020623224282315358,0.0388301138059486,0.5255048664193647,0.24651061216997197,0.0302,0.013600000000000001,-0.011299999999999998,0.00842088603175628,,-0.04546135769966765,0.001640652990154374,,,,,12.202508926391602,0.004524170292335739,13.2069,,-2.0338825216960985,,,0.0868882471469874,0.12005277044854878,,,0.3344403277287852,0.010878324308966972,0.048537034541368484,0.44267743825912476,0.3970228660065904,0.8922512783692786,0.8922512783692786,-3.2866254051724484,0.0291296445825645,0.02741287313365788,,,-2.685335776515435,,0.35703665018081665,2.436692893527395,4.2800374031066895
200806,1280.0,28.712000000000003,51.37,-0.082842,-0.084569,0.056799999999999996,0.0707,0.046,0.022,-0.0061,0.018600000000000002,0.0017000000000000001,0.022431250000000003,0.02050300632685414,0.0401328125,0.5589254428654857,0.2744913881133144,0.027399999999999997,0.013900000000000003,-0.0281,0.010076996934894167,,-0.047376850016676055,0.003425240482590618,,,,,24.663997650146484,0.006664648271471691,24.1558,,-2.0714826154302495,,,0.08340390557776534,0.09901845308205748,,,0.2681805647702301,0.013804045001863146,0.016753915697336197,0.4331280589103699,0.46830964114359586,0.8012980310677446,0.8012980310677446,-3.255742802067318,0.0344052230875687,0.05068548895457978,,,-2.685335776515435,,0.298419326543808,2.4905511430658986,4.672301769256592
200807,1267.38,28.759333333333338,49.56333333333333,-0.007306,-0.008738,0.0567,0.0716,0.0465,-0.0025,-0.0109,0.0163,0.0015,0.022691957686986803,0.02246822916666667,0.03910692399543415,0.5802542201896564,0.27381565509640515,0.0302,0.014899999999999997,-0.0084,0.005251011128121874,,-0.04693181723024975,0.004465846847183643,,,,,18.047714233398438,0.007226942768457459,2.866,,-2.183946329680401,,,0.0786787566979541,-0.11281794798513867,,,0.16933568496143578,-0.01360418060216273,0.06283358484506607,0.4338808059692383,0.4542613707380927,0.8032755057880494,0.8032755057880494,-3.2807726057631346,0.03815765713301998,0.04474506265711967,,,-2.685335776515435,,0.2719152271747589,2.668359901894275,3.965270757675171
200808,1282.83,28.80666666666667,47.75666666666667,0.014955,0.012682,0.0564,0.07150000000000001,0.0449,0.0242,0.0121,0.0172,0.0013,0.022455560492556825,0.022729305075562707,0.03722758796307123,0.6031967613596706,0.269889245509397,0.027700000000000002,0.01510000000000001,-0.0121,-0.00399156225564179,,-0.04633340345319416,0.003447847225659779,,,,,17.21201515197754,0.005671665062644727,15.7629,,-2.1997797148107567,,,0.06171330550956089,-0.06942095514214386,,,0.09079220411947422,-0.012771541970940433,0.033276867121458054,0.4508437514305115,0.48825567135860837,0.8149617389352134,0.8149617389352134,-3.3288676417450973,0.04187155965695708,0.03677236797584309,,,-2.685335776515435,,0.30137374997138977,2.4704363719658105,4.267466068267822
200809,1166.36,28.854000000000003,45.95,-0.085467,-0.087287,0.0565,0.0731,0.0443,0.0112,-0.0863,0.0113,0.0015,0.024738502692136222,0.022492458080961626,0.03939606982406805,0.627943416757345,0.28712354824499153,0.033,0.016599999999999997,-0.0975,-0.0013830185406644713,,-0.048922801359232965,0.023774669175021204,,,,,29.37329864501953,0.013282461825356761,-9.4708,,-2.3214556092188254,,,0.015528578989190578,-0.12851579402855906,,,0.08101613020574598,-0.003492234147707806,-0.04623069241642952,0.432988703250885,0.48627623763406613,0.7660444787084357,0.7660444787084357,-3.2703247108939437,0.045760103061155785,0.14867317139611846,,,-2.685335776515435,,0.46147987246513367,2.286936662460391,3.7026970386505127
200810,968.75,28.698333333333334,35.593333333333334,-0.16698,-0.168455,0.06280000000000001,0.0888,0.0478,-0.0383,-0.045,0.0067,0.0008,0.029624086021505378,0.024605039038833067,0.03674150537634409,0.806283948304926,0.33409937361997466,0.041100000000000005,0.025999999999999995,-0.006699999999999998,-0.01010133328457874,,-0.05595412377029219,0.05808852468624959,,,,,63.15071105957031,0.02440645355945752,-218.5638,,-2.6469206882308667,,,0.024287683078599187,-0.3237338629592851,,,0.07641406231229568,-0.06962004565043238,0.15876522660255432,0.40221959352493286,0.4934242547086697,0.6793173760092314,0.658335292452344,-3.341240345480689,0.04714426086156526,0.28321647167317593,,,-2.685335776515435,,0.6167917251586914,1.818874007971176,3.5320165157318115
200811,896.24,28.54266666666667,25.236666666666665,-0.073512,-0.076514,0.061200000000000004,0.09210000000000002,0.0372,0.1443,0.1174,0.0019,0.0003,0.03184712428218632,0.029463397849462367,0.028158380195780888,1.130999867917052,0.352867355907324,0.0353,0.03090000000000001,-0.026900000000000007,-0.019152895328595876,,-0.052779527559447474,0.03625688051113956,,,,,99.20535278320312,0.021803724997208354,8.306,,-2.510215726560614,,,0.009869722931139968,-0.18928046989720992,,,0.08350891291838343,-0.07863164826311358,0.1151692345738411,0.42560282349586487,0.5131727501238863,0.6431864722376217,0.6233203643184773,-3.6046015105932923,0.052872110059819455,0.2624769578442631,,,-2.685335776515435,,0.6476837992668152,1.5101145219449548,3.360167980194092
200812,903.25,28.387,14.879999999999995,0.011995,0.009229,0.050499999999999996,0.0843,0.0303,0.0967,0.156,0.0003,0.0,0.03142762247439801,0.03167343568686959,0.01647384445059507,1.9077284946236566,0.35498422472109836,0.03,0.033800000000000004,0.059300000000000005,-0.010342473814287434,,-0.02449841790223996,0.020090081348220136,,,,,84.7640151977539,0.01554713904357528,-11.3457,,-2.138056391166431,,,-0.019859871577661004,-0.2890780655678319,,,0.10686035154544712,-0.08806824936887064,-0.03685284033417702,0.43404626846313477,0.5125064159706432,0.6720979920662877,0.6196033331144767,-4.129893160669117,0.04928251068073718,0.12868960191761122,,,-2.685335776515435,,0.6520408987998962,1.4746836537211128,4.284430980682373
200901,825.88,28.009666666666668,12.206666666666663,-0.082615,-0.084039,0.050499999999999996,0.0814,0.0394,-0.1124,-0.0949,0.0013,0.0,0.033914935180252175,0.031009871759387398,0.014780194055633583,2.294620425996724,0.3893931402374245,0.038099999999999995,0.030900000000000004,0.0175,0.004352417375421025,,-0.02505792184115339,0.01197109600555081,,,,,93.48831939697266,0.015096709557160751,70.822,,-2.073560152290721,,,-0.04624054012072598,0.06318471337579612,,,0.03406192174733961,-0.1532491725085015,-0.03888075053691864,0.418161004781723,0.5686975618353416,0.6127077238823114,0.5648517811745253,-4.239354949446202,0.05588835893198767,0.1671905617128202,,,-2.685335776515435,,0.5971448421478271,1.1917331938816877,3.6559102535247803
200902,735.09,27.632333333333335,9.533333333333331,-0.103588,-0.107402,0.0527,0.0808,0.0401,-0.005600000000000001,-0.0308,0.003,0.0001,0.0375904084307137,0.03345804878836312,0.012968933509275506,2.8984965034965042,0.4411030549644411,0.037099999999999994,0.0281,-0.0252,0.004972933035904736,,-0.024929521723809793,0.009961209172644295,,,,,72.31369018554688,0.014702692412487332,77.8161,,-1.795891648746849,,,-0.05346229356115639,0.057991852384375875,,,-0.0024924402328809843,-0.1665665875582033,-0.035535573959350586,0.4333277940750122,0.6084128226027209,0.5408808258412339,0.49863497059203515,-4.373494380693314,0.05300378958250166,0.1849416318418112,,,-2.685335776515435,,0.5069299936294556,1.1958412497187783,3.729614496231079
200903,797.87,27.255000000000003,6.859999999999999,0.087634,0.084154,0.055,0.0842,0.0355,0.0641,-0.0018,0.0021,0.0002,0.03415970020178726,0.03707709260090601,0.008597891887149534,3.9730320699708463,0.4461408452185067,0.0334,0.029199999999999997,-0.0659,0.0024317484554154944,,-0.03742927485440977,0.020364378680067623,,,,,83.31871032714844,0.01555501462613278,31.003,,-2.0932156357757674,,,-0.07035565854609249,0.1250283125707814,,,0.01369809841559234,-0.1622998695375224,0.036288030445575714,0.4534201920032501,0.6025809628946381,0.5826928673170881,0.5371812548669105,-4.784047935812281,0.05496011439149204,0.16613653210997978,,,-2.685335776515435,,0.4983358383178711,1.2647093367101816,3.7674782276153564
200904,872.81,26.701333333333338,7.076666666666666,0.09423,0.09255,0.053899999999999997,0.0839,0.040999999999999995,-0.0649,-0.003,0.0016,0.0001,0.03059237787529169,0.03346576927736766,0.008107911993064546,3.7731512011304766,0.4155974691850757,0.0394,0.030000000000000006,0.0619,0.002496368277788097,,-0.030994752984742913,0.0075510402627314765,,,,,59.499481201171875,0.013105651843293868,38.9557,,-2.0203176327032226,,,-0.07979053353616905,0.013690356351922617,,,-0.16021407116318356,-0.12322104355926844,0.03419758006930351,0.42446592450141907,0.5816029707821242,0.6255165336723284,0.576660150389741,-4.843793864335098,0.05475370132865388,0.11148621972024626,,,-2.439266354171311,,0.4988212287425995,1.2081326544452577,3.755023717880249
200905,919.14,26.14766666666667,7.293333333333333,0.05464,0.051848,0.0554,0.0806,0.0432,-0.0248,0.0489,0.0018,0.0,0.028447969478715616,0.02995802828412446,0.00793495368859296,3.5851462522851927,0.3993550838614501,0.0414,0.025200000000000007,0.0737,0.0028887638341774657,,-0.024350344328931163,0.006381140268378675,,,,,31.152942657470703,0.0062478878426051486,21.9618,,-2.0688247714110464,,,-0.09104729496122754,0.3169811320754716,,,-0.23070173152512796,-0.09372835189979149,0.06939154118299484,0.43306154012680054,0.5621863642652719,0.6725838560821376,0.6001138053998262,-4.868848141397439,0.05624969692222033,0.07256378869514722,,,-1.1019792665865846,,0.4680494964122772,0.9197227453009039,3.971047878265381
200906,919.32,25.594,7.51,0.002476,0.00068,0.056100000000000004,0.075,0.0429,0.0083,0.035,0.0018,0.0001,0.027840142714180047,0.027845594795134584,0.008169081495018056,3.4079893475366183,0.4018764058245531,0.0411,0.018899999999999993,0.0267,0.008589892263953347,,-0.02209749831546453,0.0034725262232549034,,,,,31.857017517089844,0.007507195033111491,24.9186,,-1.7506003946320918,,,-0.09592517206804096,0.05293319258030449,,,-0.19544186988446777,-0.1070301744384958,0.029987448826432228,0.4189305603504181,0.3648364944274242,0.7169197995306539,0.5963487669552042,-4.843923575223059,0.05159942530510535,0.05828166661033796,,,-0.28189254142009545,,0.34541675448417664,0.9181612313714764,4.326688766479492
200907,987.48,25.029666666666667,9.186666666666667,0.074482,0.073101,0.0541,0.0709,0.043,0.0019,0.0565,0.0018,0.0001,0.02534701124748518,0.02722628319482516,0.009303142004563806,2.724564586357039,0.37012585576578155,0.041199999999999994,0.016800000000000002,0.0546,-0.0015855869221532704,,-0.013781638969209037,0.0037710547463786904,,,,,29.756847381591797,0.005846237856525992,26.3099,,-1.7939765394805478,,,-0.08579624085000681,-0.008020624462904413,,,-0.34803449721510826,-0.08443199696121202,0.01638372428715229,0.4373995065689087,0.3527826419645054,0.7784194154816314,0.6475054237592069,-4.71238405482352,0.04130394953406407,0.05736587403752254,,,0.8169939598726187,,0.3677138686180115,1.1909501592775724,4.35768985748291
200908,1020.62,24.465333333333334,10.863333333333333,0.034751,0.032255,0.0526,0.0658,0.0415,0.0231,0.0235,0.0017000000000000001,0.0001,0.023971050276629238,0.02477552287978828,0.01064385700195306,2.2521018717397974,0.3574715572834836,0.0398,0.013199999999999996,0.00040000000000000105,0.002242850044810618,,-0.007921399022661238,0.0021777240316582847,,,,,33.3110466003418,0.006359465196448429,32.887,,-1.8699859019349232,,,-0.07598308193137626,0.01025122725960137,,,-0.3372727997953663,-0.0673783344597477,-0.0020883360411971807,0.4607461988925934,0.3145678683146014,0.8234092438315496,0.6704267631894599,-4.578042974654317,0.040636334627233296,0.05561112606978793,,,0.8169939598726187,,0.36002564430236816,0.9881184790218532,4.464900016784668
200909,1057.08,23.901,12.54,0.036534,0.034978,0.0513,0.06309999999999999,0.0403,0.0176,0.0273,0.0012,0.0001,0.02261039845612442,0.023418118398620447,0.01186286752185265,1.9059808612440192,0.3495214306012594,0.0391,0.011799999999999991,0.0097,0.0006254806934959944,,-1.433471855776579e-05,0.0019126284568230288,,,,,29.858633041381836,0.006603428315703848,36.5844,,-1.8097659579690142,,,-0.0682975437310569,0.007003001286265409,,,-0.40195544752066636,-0.09403178889449541,0.0274407509714365,0.43633997440338135,0.2889467012493235,0.8967054963175384,0.6856761219751026,-4.4677769097911675,0.0382066452629263,0.056441222751003314,,,0.8169939598726187,,0.3419990539550781,0.9329369886856369,4.415439605712891
200910,1036.19,23.40233333333333,25.349999999999998,-0.018259,-0.019458,0.051500000000000004,0.0629,0.042,-0.0171,0.0016,0.0007000000000000001,0.0,0.022584982805598713,0.022138658695021504,0.024464625213522613,0.9231689677843524,0.349505236941622,0.0413,0.011399999999999993,0.0187,0.000963101185818438,,0.003197595576040475,0.0038979662948849334,,,,,43.838741302490234,0.006125129718428304,54.9727,,-1.9904101926951465,,,-0.06669201541915104,0.09338631847856949,,,-0.4245502682336367,-0.07451669289454155,-0.007407764438539743,0.418161004781723,0.3071282557034849,0.9624006286048914,0.6857078914725726,-3.743865133260845,0.03694630563875166,0.08178979068723631,,,1.0522597454235025,,0.3567419946193695,0.8751041540564185,4.616566181182861
200911,1095.63,22.903666666666666,38.16,0.060257,0.057607,0.0519,0.0632,0.0406,0.0208,0.0044,0.0005,0.0,0.020904563280182784,0.022103732584435928,0.03482927630678239,0.6002009084556255,0.3281491062210725,0.0401,0.011300000000000004,-0.016399999999999998,0.0007077533687673832,,0.007531917713862373,0.0020013189924019776,,,,,26.101520538330078,0.0045723503099377935,24.6335,,-1.8350987842495459,,,-0.06344568410059104,0.0019470404984422984,,,-0.7043506590730658,-0.10021198275065156,-0.002016687300056219,0.4534924626350403,0.31551564618023753,0.9885745957723329,0.7303341515743904,-3.3907317487764854,0.030182092018320485,0.05070942122918875,,,1.0522597454235025,,0.3827477991580963,0.8632722435531837,4.650184154510498
200912,1115.1,22.405,50.97,0.018983,0.017346,0.0526,0.0637,0.0458,-0.0584,-0.0275,0.0005,0.0001,0.020092368397453146,0.020449421793853763,0.04570890503093893,0.43957229742986076,0.3255306600946486,0.0453,0.011100000000000006,0.0309,-0.001761198169463296,,0.010594469197633806,0.0009334353481483783,,,,,25.883081436157227,0.004746830480914333,25.778,,-1.6391043181240401,,,-0.06047430855694724,0.02850110117890914,,,-0.8267328068786063,-0.11445496868574598,-0.017902275547385216,0.4633479118347168,0.32294872605312774,0.9885803777026327,0.7362086846510261,-3.1207327557012854,0.03261058389179262,0.039133989110130135,,,1.0522597454235025,,0.3859143555164337,0.9210720963537246,4.265622138977051
201001,1073.87,22.238,54.29,-0.035751,-0.036781,0.0526,0.0625,0.0440589,0.0263637,0.0095528,0.0006,0.0,0.020708279400672335,0.01994260604430096,0.050555467607811,0.40961503039233743,0.33719466829834727,0.043458899999999995,0.009899999999999999,-0.0168109,0.0034174735701484327,,0.013409689657957061,0.0019917025463290212,,,,,23.600799560546875,0.004850891503633728,35.8021,,-1.8882832095588395,,,-0.05070824511715788,-0.08237813326615451,,,-0.5544306784308859,-0.013830856897402833,-0.021320896223187447,0.4215722382068634,0.3011331673228711,0.9386411547136105,0.7107422554790028,-3.0213053604502815,0.030471111358190285,0.051048671671295,,,1.0522597454235025,,0.3420032858848572,0.8834798030973989,4.175087928771973
201002,1104.49,22.070999999999998,57.61,0.030424,0.028014,0.0535,0.0634,0.0440712,0.0031542,0.00388,0.0011,0.0,0.019982978569294423,0.020552767094713514,0.05215982036958234,0.38311057108140945,0.3287713820281523,0.0429712,0.009899999999999999,0.0007258000000000004,0.0002492073820765661,,0.013932073453189295,0.002373245370942489,,,,,13.458837509155273,0.0033134115914544814,8.9274,,-1.7569739870285632,,,-0.048032966633346774,0.09430336307481135,,,-0.5028459034287103,0.0008094158788041284,-0.07535216957330704,0.42239460349082947,0.2865377700426304,0.962689607782625,0.7289518254400251,-2.98967829778646,0.030008074926836457,0.03315141326931164,,,1.0522597454235025,,0.37608253955841064,0.9714904038281312,5.0492262840271
201003,1169.43,21.904,60.93000000000001,0.061014,0.05943,0.0527,0.06269999999999999,0.0457777,-0.0178755,0.0045083,0.0015,0.0001,0.018730492633163162,0.019831777562494907,0.05210230625176368,0.3594945018874117,0.3818781702977812,0.044277699999999996,0.009999999999999995,0.0223838,0.004106283536571276,,0.02639010046303174,0.0006334088319818203,,,,,12.592733383178711,0.0035216362773485763,16.6244,,-1.6248807856418799,,,-0.04226636168133613,0.046788760662318074,,,-0.6227978252182549,-0.0060481682777963975,0.042908892035484314,0.46309471130371094,0.2763783124325965,0.9953435367850508,0.7664659540415388,-2.991167248789381,0.027420570279642644,0.025818262244355832,,,1.0522597454235025,,0.37426578998565674,1.0112007210602776,5.1838836669921875
201004,1186.69,21.94833333333333,62.986666666666665,0.015977,0.014957,0.0529,0.0625,0.0437358,0.0303965,0.0357402,0.0016,0.0001,0.018495422842809268,0.018768402840130087,0.05307760802456131,0.34845999153259943,0.376606129202506,0.0421358,0.009599999999999997,0.0053437,0.001736884910697345,,0.02665111753630418,0.0017938347506958996,,,,,20.886281967163086,0.004199222602458713,27.6992,,-1.8313147046088336,,,-0.039942652224647546,0.031396045536249195,,,-0.50479418103289,-0.023947354506944202,-0.050216663628816605,0.4594832956790924,0.26236606470650103,0.9824703726808407,0.777195572320437,-2.9737774984590892,0.030385434341313453,0.04212743677407106,,,1.0522597454235025,,0.3752691447734833,0.9344955964615862,5.17704439163208
201005,1089.41,21.992666666666665,65.04333333333332,-0.080111,-0.082337,0.0496,0.0605,0.040681,0.0436836,-0.0051031,0.0016,0.0001,0.020187685689195677,0.018532781658787606,0.059705100314237355,0.3381233024137755,0.4090027948144502,0.039081000000000005,0.0109,-0.0487867,0.000775197354237811,,0.02571966170250691,0.008107843195201319,,,,,33.55282211303711,0.007540495764392287,-4.9741,,-2.222239436624979,,,-0.02758305785309556,-0.14023469269199484,,,-0.516893331231236,0.003016148158309468,0.13753773272037506,0.4049953818321228,0.2565498454063429,0.9046499652388257,0.7156347580893965,-2.8519660108134186,0.03113258078965759,0.08395974260092355,,,0.7836451441493966,,0.5407989025115967,0.9206960758142936,5.0988264083862305
201006,1030.71,22.037,67.1,-0.053525,-0.055115,0.048799999999999996,0.0623,0.0376074,0.0445643,0.0519454,0.0012,0.0001,0.021380407680142814,0.020228380499536444,0.06510075578969836,0.32842026825633386,0.42417654148446593,0.0364074,0.013500000000000005,0.0073811000000000015,-0.0009762670846739097,,0.01877587650343213,0.005591754791131248,,,,,63.36650466918945,0.011249335716324737,59.3896,,-1.9665946740685836,,,-0.026790583523242262,0.021486486486486545,,,-0.5796314391031175,-0.018395261236432717,-0.04163552075624466,0.429097980260849,0.362903165962641,0.8722886060992251,0.6900348970279988,-2.7633177872215904,0.033964703950793984,0.09969873181110675,,,-0.5721351946603734,,0.6020168662071228,0.8637403062271166,4.832597255706787
201007,1101.6,22.142333333333333,68.68666666666667,0.070451,0.06862,0.0472,0.0601,0.0376576,0.0024381,0.0169798,0.0016,0.0001,0.020100157346889375,0.021482602607264246,0.06235173081578311,0.3223672716684461,0.39613355322121085,0.0360576,0.012900000000000002,0.0145417,0.00021104305737162932,,0.01555676394676984,0.003348785787552575,,,,,21.241561889648438,0.005293556010155243,14.9573,,-1.9666347161802533,,,-0.024051856227068846,0.04312739780394215,,,-0.588179756788821,-0.03018419180398781,-0.013089340180158615,0.4208632707595825,0.3547204296391481,0.9340394447850653,0.7388836763380077,-2.8046197324731432,0.028220936625031535,0.046532523905008887,,,-0.5973236003329381,,0.627802848815918,0.8959634778767118,4.80043363571167
201008,1049.33,22.247666666666667,70.27333333333333,-0.045434,-0.04784,0.0449,0.056600000000000004,0.0327078,0.0702126,0.0473188,0.0016,0.0001,0.02120178272484983,0.02019577584120068,0.06696971718461621,0.31658761028365434,0.41398161905674846,0.0311078,0.011700000000000002,-0.0228938,0.0013806642784079948,,0.011217718598864744,0.002704602074162892,,,,,29.493844985961914,0.006062889697527852,29.0573,,-1.8287666770721087,,,-0.021441129646225576,-0.0877615726062142,,,-0.573953143537818,-0.004952642770250839,-0.012903468683362007,0.4534192383289337,0.3590295970254452,0.8937700300668537,0.707028048230333,-2.7301566750315507,0.02803511073804474,0.059820814953734355,,,-1.9149604055638574,,0.5533323287963867,0.8561636490976947,4.52133846282959
201009,1141.2,22.353,71.86,0.090383,0.088751,0.0453,0.056600000000000004,0.034063,-0.0153301,-0.0143948,0.0015,0.0001,0.01958727655099895,0.021302164238132908,0.06296880476691202,0.31106317840244924,0.3843057827874361,0.032563,0.011300000000000004,0.0009353,0.0005817362307156682,,0.0033375031058306536,0.002337183435452286,,,,,24.99302864074707,0.006175825340551612,28.2687,,-1.7545985870608038,,,-0.0195410039638384,0.1114972890310022,,,-0.5249155576644735,0.0361783794417727,0.05682779848575592,0.44318994879722595,0.3551327720192646,0.9627863557705779,0.7616242826270974,-2.7912707951308238,0.02468130132101686,0.04468999668960828,,,-0.5929369271505688,,0.500420331954956,0.9340466261498819,4.4878644943237305
201010,1183.26,22.478333333333335,73.69,0.038726,0.037081,0.046799999999999994,0.0572,0.0367157,-0.0317387,-0.0202745,0.0013,0.0001,0.018996951923781195,0.019697102465241267,0.062277098862464714,0.3050391278780477,0.3728872859404231,0.035415699999999994,0.010400000000000006,0.0114642,0.0012451988884769616,,0.0072316501943521854,0.001080070447467861,,,,,21.889005661010742,0.0037159783725168793,22.6484,,-1.5948010063526203,,,-0.02341808536044443,0.018761726078799335,,,-0.4050351734275779,-0.006844639557425507,0.0101139722391963,0.44534993171691895,0.38333165867834224,0.9922766828825982,0.7849529776138,-2.801244295638588,0.02626267332435005,0.03911946981177383,,,0.7880318173317662,,0.4393689036369324,0.9040689067206955,4.831587314605713
201011,1180.55,22.60366666666667,75.52,-5.1e-05,-0.002571,0.0487,0.0592,0.0380256,-0.0137264,-0.0057274,0.0014000000000000002,0.0001,0.01914672539635481,0.019102873980922763,0.0639701833890983,0.29930702683615823,0.3766947543253601,0.0366256,0.010500000000000002,0.007999,0.0004206464238194485,,0.014798012313503108,0.001737952020951429,,,,,25.609649658203125,0.005278667292479207,26.8168,,-1.7252723823719343,,,-0.023584381527371967,0.03278084714548801,,,-0.2404517278718303,0.012137130050997301,0.028229447081685066,0.4451237618923187,0.3702746316207919,0.9617216936617011,0.7770127212127759,-2.776564174979319,0.02592381900525576,0.04748402738030541,,,0.8061903230793789,,0.39895373582839966,0.805426436714075,4.772920608520508
201012,1257.64,22.729,77.35,0.067055,0.065249,0.050199999999999995,0.061,0.0413782,-0.0388143,-0.0036191,0.0014000000000000002,0.0001,0.01807273941668522,0.019252890601838126,0.061504087020132936,0.29384615384615387,0.35810031690752153,0.0399782,0.010800000000000004,0.0351952,0.001718440789203024,,0.012611848285473015,0.0008321360373712551,,,,,16.443984985351562,0.003351683122757637,18.6383,,-1.5089939108888704,,,-0.014878123680159838,0.08630527817403699,,,0.05990637393252963,-0.01997471780404948,0.10382542759180069,0.4575454294681549,0.3603833707990049,0.9993206955663086,0.8173592770109562,-2.8210220307962746,0.02671493451503225,0.027064640763884713,,,1.0522597454235025,,0.33638453483581543,0.6996991889617977,4.692229270935059
201101,1286.12,22.963,78.67,0.023349,0.022319,0.0504,0.060899999999999996,0.0432,-0.0196,-0.0198,0.0015,0.0001,0.017854477031692222,0.018258802200947805,0.06116847572543776,0.29189017414516333,0.3486322237012831,0.0417,0.010499999999999995,-0.00020000000000000226,0.004763230053974166,,0.015367889996054082,0.0008632300541880304,,,,,18.44936180114746,0.0029703660340449434,24.2112,,-1.7434560897807856,,,-0.018014141676683693,-0.004267892317793787,,,0.052765508779782526,0.013044103760277878,-0.04554694890975952,0.433326780796051,0.3446528184711409,0.9918347466144224,0.8395569778877238,-2.827461384310775,0.026808721846913776,0.03279175359126021,,,1.0522597454235025,,0.3075201213359833,0.6085414885114762,4.7963690757751465
201102,1327.22,23.197000000000003,79.99000000000001,0.032508,0.030251,0.052199999999999996,0.061500000000000006,0.0426,0.0113,0.0157,0.0013,0.0001,0.017477886107804284,0.018036419618698105,0.060268832597459354,0.2899987498437305,0.3390965734635222,0.041299999999999996,0.00930000000000001,0.004399999999999999,0.00493136502545144,,0.015918112378717847,0.001065533384029758,,,,,12.911727905273438,0.0029003258792395657,18.6508,,-1.747378063574709,,,-0.02301664222924682,0.06715023628970207,,,0.07737772697973122,-0.020506948862399385,0.014065193943679333,0.4472622871398926,0.3540370802163951,0.986691415313225,0.8631659504409959,-2.844114256228484,0.024946919018917893,0.028801468849010838,,,1.0522597454235025,,0.23325248062610626,0.6106805605005272,4.392582416534424
201103,1325.83,23.431000000000004,81.31,0.000625,-0.000867,0.0513,0.0603,0.0429,-0.0006,-0.0072,0.001,0.0001,0.017672703136902924,0.017654194481698592,0.06132762118823681,0.28816873693272665,0.3542699393574372,0.0419,0.009000000000000001,-0.0066,0.0097510720305094,,0.012476033022314231,0.0023472642623941094,,,,,13.791314125061035,0.0034704275991374062,-1.7329,,-1.9109830255554745,,,-0.013687494149093204,0.0936148300720907,,,0.1323994802727477,0.02683900039435194,0.016337120905518532,0.44235435128211975,0.3691620367522849,0.9942281852113386,0.8697591801492883,-2.825056430387669,0.0224371266612954,0.026026234088481783,,,1.0522597454235025,,0.32701414823532104,0.6471398201642224,4.425463676452637
201104,1363.61,23.73433333333334,82.16333333333333,0.029441,0.028358,0.0516,0.0602,0.0416,0.0199,0.0239,0.0006,0.0,0.01740551428438728,0.01790149063856855,0.0602542760271143,0.28886770254371386,0.34069680122773904,0.040999999999999995,0.008599999999999997,0.004,0.006439429535457064,,0.009380199319843735,0.0006365303011841572,,,,,8.831087112426758,0.0022485504506656127,7.4707,,-1.676722451186004,,,-0.01793892709061584,0.06780299463226291,,,0.2138229282219582,-0.012008334626752958,0.04914950951933861,0.44335877895355225,0.3894651381359873,1.0,0.9044098180454981,-2.843196616312614,0.020889387988280647,0.01855791870877733,,,1.0522597454235025,,0.3326887786388397,0.6181441078494107,4.726950168609619
201105,1345.2,24.03766666666667,83.01666666666667,-0.011313,-0.013572,0.0496,0.057800000000000004,0.0391,0.0355,0.0257,0.0004,0.0,0.017869213995440583,0.017627963029507462,0.06171325205669541,0.2895522987351938,0.34722218907396224,0.038700000000000005,0.008200000000000006,-0.009799999999999996,0.004704187527233561,,0.009116843578262772,0.0009342036221668896,,,,,4.58979606628418,0.0021863446083843956,5.4421,,-1.791620940082174,,,-0.017745598282890462,-0.09427639121615661,,,0.18870152746976068,0.01580214447028115,0.04174036160111427,0.4489697813987732,0.4008417093947115,0.9812068812087547,0.8874131368990006,-2.8164645161391255,0.020285944613459356,0.02053169732131466,,,1.0522597454235025,,0.3488031327724457,0.5741196142249926,4.360199451446533
201106,1320.64,24.341,83.86999999999999,-0.016545,-0.018106,0.0499,0.0575,0.0409,-0.0179,-0.021,0.0004,0.0,0.0184312151684032,0.018094707106749926,0.06350708747274048,0.2902229641111244,0.35157003916438573,0.0405,0.007600000000000003,-0.003100000000000002,-0.0010709670566992902,,0.01173356058834742,0.0022947473904577844,,,,,9.273594856262207,0.0030471018827756707,5.364,,-1.861572147063947,,,-0.01573339801643936,-0.07205452775073029,,,0.1625588450772054,-0.016262601219447982,0.03018471971154213,0.4567112326622009,0.44438936722198485,0.9690723419933898,0.8764385404951665,-2.7861625678094417,0.018242208506976762,0.022288019704278465,,,0.27240373221137537,,0.3553485572338104,0.6684784283169111,4.223488807678223
201107,1292.28,24.621000000000002,84.90666666666665,-0.019828,-0.020982,0.0493,0.0576,0.0378,0.042199999999999994,0.0473,0.0004,0.0,0.019052372550840378,0.018643233583716987,0.0657029952229135,0.2899772298994976,0.3594189030275281,0.0374,0.008300000000000002,0.005100000000000007,0.0008860456667936223,,0.012370557760125899,0.0018307399767004712,,,,,27.20961570739746,0.003652777672770573,36.5825,,-1.8607216741585897,,,-0.011822547412863038,0.003987408184680019,,,0.11821761899808815,-0.007719885100738715,0.016879945993423462,0.4571356773376465,0.4566355258814349,0.9479100802932584,0.8572991832415194,-2.7521695673824262,0.018728291143434005,0.0591664491750135,,,-0.7955483825551599,,0.4118236303329468,0.5987074167839476,4.263260841369629
201108,1218.89,24.901,85.94333333333333,-0.054323,-0.056735,0.0437,0.0536,0.0315,0.0862,0.024,0.0002,0.0001,0.020429242999778486,0.019269043860463676,0.0705095072839496,0.28973742388395457,0.3758125221185979,0.0313,0.009899999999999999,-0.0622,0.0027575889023645495,,0.012726560965933505,0.01922221623612585,,,,,31.088254928588867,0.009258458042789627,-38.6148,,-2.4299816010739725,,,-0.006094399428604902,-0.07180183946488294,,,0.060941551545321354,0.032859043741580135,-0.034169137477874756,0.4137113392353058,0.44773598281727434,0.9065605353092063,0.8199022487862287,-2.6747472101340497,0.022228953548882047,0.08494880584055904,,,-1.9120636657902248,,0.6989982724189758,0.6684188841706331,4.138358116149902
201109,1131.42,25.181,86.97999999999999,-0.070238,-0.071739,0.0409,0.0527,0.0265,0.0704,0.0575,0.0001,0.0,0.022256102950274876,0.0206589602014948,0.07687684502660372,0.2895033340997931,0.3999228470006543,0.0264,0.011799999999999998,-0.012900000000000002,0.0015184621156945077,,0.013049305670501906,0.006915859355428932,,,,,78.66697692871094,0.013019963748801551,77.2966,,-2.2370523691366904,,,-0.007918208422895034,-0.07814435311338808,,,0.15825059801518102,-0.013414684440513507,-0.0082920603454113,0.4076242744922638,0.4664126782630141,0.851906320888893,0.7704724406669334,-2.585157082436313,0.026651471928389042,0.15358515166954181,,,-2.685335776515435,,0.7077887058258057,0.8177703775719518,4.297690391540527
201110,1253.3,25.595666666666666,86.97,0.109014,0.107554,0.0398,0.0537,0.0291,-0.030600000000000002,0.0094,0.0002,0.0,0.020422617622809117,0.022622604043296624,0.06939280300007979,0.29430454946150014,0.3650779045772442,0.028900000000000002,0.013899999999999996,0.04,-0.0020626826333582926,,0.007892505813670314,0.00740085535063373,,,,,28.180675506591797,0.006696775877225831,19.8831,,-2.285695230564241,,,-0.0019942488035074035,0.1382679858311957,,,0.1644460826332965,-0.0035515773170758415,-0.07015080749988556,0.4289555549621582,0.4846039011893612,0.933216710614853,0.8440103554441976,-2.6892442552913423,0.03124493156543836,0.0723071164889368,,,-2.450069990964551,,0.7055755257606506,0.8688153420406223,4.6841816902160645
201111,1246.96,26.010333333333328,86.96,-0.002727,-0.005552,0.0387,0.051399999999999994,0.0273,0.025099999999999997,-0.0356,0.0001,0.0,0.02085899574431684,0.02075347748610335,0.06973760184769358,0.299106869058571,0.3623298975234275,0.027200000000000002,0.012699999999999996,-0.0607,-0.0008435613304419443,,-0.004340315862906149,0.007679602508165436,,,,,1.9424035549163818,0.007703732632204044,2.5655,,-2.0587545221919763,,,-0.0030694075813073596,0.07693958579246707,,,0.19361481217221901,0.021521536533657074,0.11806817352771759,0.48720309138298035,0.48703874126032604,0.9402944762671986,0.8504115561900042,-2.682916287074178,0.029668456006384267,0.06324779968128413,,,-2.450069990964551,,0.6449862122535706,0.7430925132013165,4.72040319442749
201112,1257.6,26.424999999999997,86.95,0.009427,0.007613,0.0393,0.0525,0.0255,0.027000000000000003,0.0512,0.0001,0.0,0.02101224554707379,0.021191537819978182,0.069139631043257,0.30391029327199537,0.35723254070370847,0.0254,0.013199999999999996,0.0242,-0.0024665163771382392,,-0.006497328606750422,0.0027640924377300533,,,,,28.795352935791016,0.005434968257322908,22.1362,,-1.855865839443224,,,0.0012381962163523497,-0.015245117576723755,,,0.1934642963027687,0.04742223475270944,0.051625173538923264,0.46459054946899414,0.4916281654795893,0.9537115531429587,0.8625460922459128,-2.691233710513569,0.02684368835001841,0.04447414956481668,,,-2.685335776515435,,0.6190062761306763,0.697169565288402,4.769919395446777
201201,1312.41,26.734333333333332,87.48,0.045205,0.044003,0.0385,0.052300000000000006,0.0249,0.0002,0.0194,0.0003,0.0,0.02037041270131539,0.02125821670907549,0.06665599926852127,0.30560509068739516,0.34548730260882093,0.024599999999999997,0.013800000000000007,0.019200000000000002,0.004400191428267641,,-0.013062141957184652,0.0006481340248591541,,,,,14.533536911010742,0.0034813655822481513,17.5015,,-1.5966660874943952,,,0.00620400416015876,-0.0037438024891227606,,,0.19583064139315956,0.03250292289548737,0.015385592356324196,0.4383367598056793,0.49084846775609947,0.9861340739734624,0.891869338410805,-2.7277186912655553,0.026388009025506774,0.031168031456513347,,,-0.8188706841112564,,0.5559538006782532,0.6128899787440002,4.728518962860107
201202,1365.68,27.043666666666667,88.00999999999999,0.043341,0.040744,0.0385,0.051399999999999994,0.0272,-0.0196,0.0057,0.0009,0.0,0.0198023451076875,0.02060611140319463,0.06444408646242164,0.30727947581714204,0.3369739354404354,0.026299999999999997,0.012899999999999995,0.0253,0.004402973551276279,,-0.014466309672974274,0.0006237000244188722,,,,,15.114022254943848,0.0038029403327318268,19.9323,,-1.8233884303588874,,,0.008437668704492474,0.08754824294129593,,,0.2041133962443831,0.04023276477046907,0.054229531437158585,0.4530600607395172,0.4732174845881556,0.9959208373317585,0.9144016779942574,-2.7614657740748196,0.025045931570434485,0.026534996760295873,,,0.7878081273736899,,0.3237898647785187,0.5255299140412446,5.097232818603516
201203,1408.47,27.352999999999998,88.53999999999999,0.032866,0.031282,0.039900000000000005,0.052300000000000006,0.0297,-0.0302,-0.0303,0.0008,0.0,0.019420363941014006,0.020028850096655143,0.06286253878321867,0.30893381522475716,0.3461819673570471,0.028900000000000002,0.012400000000000001,-9.99999999999994e-05,0.0075945586239309915,,-0.013775054438346415,0.0011552698926965471,,,,,8.046990394592285,0.0024326271297810953,11.2778,,-1.8838167132096073,,,0.0022735640728202,-0.03782218901755696,,,0.2470985247177372,0.015274202476003543,0.030862074345350266,0.4501460790634155,0.4689493761028806,0.9969274324744432,0.9327552696771443,-2.7882727671463154,0.025208496686054654,0.020839496489469228,,,1.0522597454235025,,0.21984486281871796,0.4714883285350048,5.058333396911621
201204,1397.91,27.675333333333334,88.33333333333333,-0.006034,-0.007237,0.039599999999999996,0.0519,0.0268,0.0409,0.0251,0.0008,0.0,0.01979765030176001,0.019649217472387296,0.06318957109780553,0.3133056603773585,0.3461403111786845,0.026000000000000002,0.012300000000000005,-0.015799999999999998,0.0030210295040804525,,-0.012414016736271362,0.0016275451387254404,,,,,11.264264106750488,0.0027686438311880076,11.1367,,-1.8836674208863808,,,0.008472302202587656,0.01805299427351259,,,0.2394109998423447,-0.003910948774312873,0.021668653935194016,0.4796929657459259,0.47113495727704463,0.9961657025637624,0.9328675219015384,-2.7819087089886696,0.021283902627126552,0.025633625451183882,,,1.0522597454235025,,0.3260251581668854,0.44169150258472434,4.816298961639404
201205,1310.33,27.997666666666667,88.12666666666667,-0.05979,-0.062433,0.038,0.0507,0.0221,0.0643,0.0344,0.0009,0.0001,0.02136688213401713,0.020028232623464075,0.06725532245057861,0.3176980104395189,0.36904735969403196,0.0212,0.012700000000000003,-0.029899999999999996,-0.0011734793663211729,,-0.015270747476820294,0.0014960906320587932,,,,,27.343626022338867,0.006125035352117285,30.2724,,-1.7505490025027515,,,0.009813739595093907,-0.1751358566116885,,,0.21514924114930142,-0.010996964010765501,0.0006314923521131277,0.456642746925354,0.47981523295358125,0.933289505787947,0.8749637298237216,-2.717099037513738,0.02272085926572796,0.04484334950526696,,,0.8169939598726187,,0.3583860397338867,0.4531097636152961,4.753909587860107
201206,1362.16,28.32,87.92,0.041465,0.039888,0.0364,0.050199999999999995,0.0233,-0.013600000000000001,0.0064,0.0009,0.0,0.020790509191284428,0.021612876145703754,0.06454454689610618,0.3221110100090992,0.35510388514365976,0.0224,0.013799999999999993,0.02,-0.0014663968844504938,,-0.019043070858932625,0.0034372280349494926,,,,,-0.2530077397823334,0.0030495141448022957,4.5996,,-1.8624996879091993,,,0.00890782992155259,-0.017105871474803358,,,0.22762115138510622,-0.011651219588129032,0.004046062007546425,0.44408249855041504,0.4932412168835145,0.9699359605762946,0.9093199703767085,-2.756469824194517,0.023984854524872642,0.025066544613853235,,,1.0522597454235025,,0.4498690962791443,0.5617520474829035,4.662256240844727
201207,1379.32,28.743333333333332,87.44666666666667,0.014363,0.013096,0.034,0.0487,0.0216,0.024700000000000003,0.0612,0.001,0.0,0.0208387707952711,0.021101290107867893,0.06339838954460653,0.32869558588091785,0.3515937051261158,0.0206,0.014699999999999998,0.03649999999999999,-0.0016297858618254946,,-0.02032077001774125,0.0015528398791272563,,,,,11.757695198059082,0.003720394818521883,13.6199,,-1.705734848221457,,,0.010047322041596196,0.03574788334901213,,,0.21509375933680813,0.02616373468038241,0.052559830248355865,0.4631066918373108,0.49945889881276295,0.9796194383447345,0.9183982807759946,-2.7735009546912495,0.026098042989187258,0.030759891002538953,,,1.0522597454235025,,0.43549856543540955,0.5412988847924524,4.594047546386719
201208,1406.58,29.166666666666664,86.97333333333333,0.022744,0.019938,0.0348,0.049100000000000005,0.0223,-0.0068000000000000005,-0.0093,0.001,0.0001,0.020735874722139277,0.02114568531353614,0.06183319351429235,0.3353518319791507,0.34938705232055395,0.0213,0.014300000000000007,-0.0024999999999999988,0.005565158181437102,,-0.01978295805870795,0.0007271274024416155,,,,,10.495697021484375,0.003090318469313743,15.3676,,-1.4429100128872214,,,0.004805668923765438,0.09525431425976394,,,0.12499788416173965,-0.06910164529193143,0.07798727601766586,0.4654509127140045,0.49375574947705725,0.9858065021401698,0.9241986850252002,-2.7999753877228035,0.024965988874376642,0.025708164966341852,,,1.0522597454235025,,0.4252927303314209,0.4707252604804785,4.468725681304932
201209,1440.67,29.59,86.5,0.02512,0.023547,0.0349,0.0484,0.0235,-0.0146,-0.0126,0.0011,0.0001,0.02053905474536153,0.021036841132392046,0.06004150846481151,0.34208092485549135,0.34038295380040234,0.0224,0.013499999999999998,0.002,0.004462212267611232,,-0.0174248984527333,0.0010446353443037957,,,,,8.9617919921875,0.0023730182850210694,14.0605,,-1.5756057085440702,,,0.0031222356523867845,-0.04446978335233742,,,0.12766400556934246,0.001134995346558417,0.07313022762537003,0.48826178908348083,0.4909405626732923,0.9882473470114209,0.9486463723116827,-2.8297729027676763,0.022910784458419618,0.020830269055156635,,,1.0522597454235025,,0.32429301738739014,0.3726259301395708,4.280567646026611
201210,1412.16,30.142314022689746,86.50333333333333,-0.017837,-0.019227,0.0347,0.0458,0.0238,-0.0014000000000000002,0.0206,0.001,0.0001,0.02134482921389201,0.020922427775055874,0.06125604275247375,0.3484526302187555,0.349237122092535,0.0228,0.011099999999999999,0.022,-0.00038892514055322014,,-0.015713137276963808,0.0009255332609682772,,,,,11.934394836425781,0.003241854321230189,17.6835,,-1.6386060256293296,,,0.005644635157389111,-0.06454762421349536,,,0.14211068863634138,0.009178491681507743,-0.019593222066760063,0.4781738519668579,0.47755983717787687,0.9622568450751828,0.9245954507491599,-2.8100414155749682,0.022779462013855584,0.030139393014483457,,,1.0522597454235025,,0.29622840881347656,0.22686254979171758,4.6055192947387695
201211,1416.18,30.694628045379496,86.50666666666667,0.005326,0.002154,0.035,0.0451,0.0228,0.0144,-0.0092,0.0009,0.0001,0.02167424200693379,0.021735942135012672,0.061084513738837345,0.3548238445443067,0.3511375309199284,0.0219,0.010099999999999998,-0.0236,-0.00473808669488196,,-0.012093927142904953,0.0019026489332142663,,,,,7.304790019989014,0.0020848871307854212,5.7418,,-1.6153161232326736,,,0.008363919433318046,0.02678882059608023,,,0.08341096852138298,-0.014817658918499997,-0.0064467876218259335,0.47674599289894104,0.5033781649264307,0.9570489671311485,0.9195914019032047,-2.8118622566461684,0.022615677530614903,0.022199382461865563,,,1.0522597454235025,,0.3600524365901947,0.19528147690146228,4.2507781982421875
201212,1426.19,31.246942068069245,86.51000000000002,0.008508,0.005902,0.0365,0.0463,0.0246,-0.0202,-0.0062,0.0007000000000000001,0.0001,0.021909382388089416,0.022064244706230314,0.06065811708117433,0.36119456788890575,0.3490324431820784,0.0239,0.009800000000000003,0.013999999999999999,-0.002693064490207231,,-0.01154912103836373,0.0010357072324698067,,,,,11.418255805969238,0.0025637663516438793,17.928,,-1.491639063320722,,,0.009792921413672495,0.03715834651005179,,,0.043447659075620156,0.041742740638457204,0.07465597987174988,0.4821953773498535,0.49427236586950457,0.9628211298185545,0.9251376501726495,-2.819555572303845,0.023065520450792285,0.030989179344840273,,,1.0522597454235025,,0.36893928050994873,0.15203263717956172,4.150606155395508
201301,1498.11,31.535275401402576,86.90666666666668,0.052361,0.051024,0.038,0.0473,0.0291,-0.0332,-0.0313,0.0007000000000000001,0.0,0.021050039984649042,0.02211155273939838,0.05801087147583735,0.36286370897594245,0.3299840266424638,0.0284,0.009300000000000003,0.001899999999999999,0.002957304192926058,,-0.008016734848388926,0.0009068012903691575,,,,,6.880068778991699,0.0018525898402354563,8.8522,,-1.4342966206017942,,,0.009104198548762099,0.06337798105194392,,,0.06676550171155776,0.011452244934921803,0.08624381572008133,0.42857757210731506,0.4788227954593176,0.9932752489892092,0.9785414694310365,-2.866044731614193,0.02106339338842464,0.01726780563765684,,,1.0522597454235025,,0.37597453594207764,0.014877418031692931,4.173980712890625
201302,1514.68,31.823608734735906,87.30333333333334,0.013013,0.010511,0.039,0.048499999999999995,0.0285,0.011399999999999999,0.0093,0.001,0.0,0.02101012011430527,0.021242504712428265,0.05763813698823074,0.36451768242605365,0.32543123229658283,0.0275,0.009499999999999995,-0.0020999999999999994,0.008190029529268728,,-0.008864254350374445,0.0012427426703674584,,,,,7.767926216125488,0.0023833570866100334,13.4413,,-1.68846185332075,,,0.012840277671799072,-0.057552483358935036,,,0.11838259342462171,0.04540980201334141,0.007231357041746378,0.47008973360061646,0.45530336999456456,0.9985165576464419,0.9922312988853141,-2.8731773595209202,0.0194349643378638,0.020018547069697062,,,1.0522597454235025,,0.35053855180740356,0.0261108144996008,3.429762840270996
201303,1569.19,32.11194206806924,87.69999999999999,0.037584,0.036025,0.0393,0.048499999999999995,0.0287,-0.0062,-0.0018,0.0009,0.0,0.020464024157730572,0.021200479354100694,0.0558887069124835,0.3661566940486801,0.34612999655658244,0.0278,0.009199999999999993,0.004399999999999999,0.0026145085843749527,,-0.00891063799762705,0.00048451997703589835,,,,,3.4523720741271973,0.0016544953917583293,5.4056,,-1.5228352781966439,,,0.015934748698801293,0.056611974356188144,,,0.0699301265122315,-0.027912837832735935,0.029135577380657196,0.469546914100647,0.4516106369332866,1.0,1.0,-2.903803335782804,0.018189494007087043,0.013760233941945548,,,1.0522597454235025,,0.30463188886642456,0.05796834471736968,3.1936533451080322
201304,1597.57,32.49674181955436,88.78333333333333,0.019621,0.018482,0.0373,0.045899999999999996,0.0264,0.0378,0.0349,0.0006,0.0,0.020341357073276514,0.020709246056598855,0.05557398632506452,0.3660229977798501,0.3400362538578687,0.0258,0.008599999999999997,-0.0029,-0.0010396394770870732,,-0.00800486075573369,0.0016827472494780206,,,,,5.368286609649658,0.002113199230795715,2.8809,,-1.683115419675066,,,0.014149296981405435,-0.04134101192924722,,,-0.05321209586335028,0.012262079028940859,-0.04756837338209152,0.44794464111328125,0.4478688000218625,0.9982953406426041,0.9982953406426041,-2.9074869726668653,0.018013750466796513,0.015948687421530286,,,1.0522597454235025,,0.3325841426849365,0.015566095174620499,3.213593006134033
201305,1630.74,32.88154157103948,89.86666666666666,0.02312,0.020441,0.038900000000000004,0.0473,0.0309,-0.0629,-0.0536,0.0004,0.0,0.020163570876436145,0.020582222732674925,0.05510790602221486,0.36589252490029095,0.3338325977783173,0.0305,0.008399999999999998,0.009299999999999996,0.0017804077735872337,,-0.004704685941968192,0.0010155556413159745,,,,,8.207236289978027,0.0020941732871785166,11.2259,,-1.6961534714085014,,,0.014011772455141625,-0.013838232139025908,,,-0.04921035031239793,0.044968900424923,-0.019515441730618477,0.4721386432647705,0.45206178927958635,0.9809324055008019,0.9809324055008019,-2.917578205331807,0.02132751121223801,0.023286354451811004,,,1.0522597454235025,,0.3012941777706146,-0.06327777155958648,3.096506357192993
201306,1606.28,33.266341322524596,90.95,-0.013601,-0.015262,0.042699999999999995,0.0519,0.033,-0.0285,-0.0371,0.0005,0.0,0.020710175886224442,0.02039953721778125,0.056621510571008796,0.365765160225669,0.33844435799753175,0.0325,0.009200000000000007,-0.0086,0.002399708085599528,,0.00011871136469653836,0.0022476742801164954,,,,,6.865630626678467,0.002602525975766428,4.4336,,-1.8983729951016588,,,0.015170267957855366,0.04818883933427598,,,-0.15358474538009237,0.08940229861084299,-0.014053565450012684,0.4453035891056061,0.41037408535801473,0.9675658802846836,0.9675658802846836,-2.894105807517275,0.022562520900495403,0.024443737955308485,,,1.0522597454235025,,0.3943379521369934,-0.20410390105598789,3.0930979251861572
201307,1685.73,33.645531342082776,92.09,0.050672,0.049287,0.0434,0.053200000000000004,0.0344,-0.0173,0.0031,0.0004,0.0,0.019959027449284746,0.02094624308469431,0.05462915176214459,0.3653548848092385,0.3255625650825766,0.034,0.009800000000000003,0.020399999999999998,0.0003939975332329926,,0.008360604939024572,0.0005020653578076516,,,,,4.850831031799316,0.0020537370076789143,6.9345,,-1.6261437809640704,,,0.011153137015670112,0.09070153590701535,,,-0.11250067696911001,0.001327687458976827,0.03489803150296211,0.452322781085968,0.3941611483590381,0.9956191457462676,0.9956191457462676,-2.9326604196286468,0.02317184280970192,0.016518242101467524,,,1.0522597454235025,,0.35355186462402344,-0.14347892504415563,3.1894190311431885
201308,1632.97,34.02472136164096,93.22999999999999,-0.029207,-0.031638,0.0454,0.0542,0.0351,-0.0079,-0.0074,0.0004,0.0,0.020836097026669782,0.020183968584317154,0.05709229195882349,0.36495464294369795,0.3407133274050307,0.0347,0.008799999999999995,0.0005000000000000004,0.0012029315570472043,,0.010332112558112966,0.000950424592618861,,,,,11.5968017578125,0.002570868752917469,16.0349,,-1.7812368883095282,,,0.016012129790336616,0.027402473834443386,,,0.04612917071799468,0.00081022129704966,0.030601955950260162,0.49515533447265625,0.40666803575774435,0.9458404328422644,0.9458404328422644,-2.890117502448001,0.019558035131018767,0.02616254118303115,,,1.0522597454235025,,0.3695058226585388,-0.19914496070686719,3.284550189971924
201309,1681.55,34.403911381199144,94.36999999999999,0.03166,0.030064,0.0464,0.0547,0.0349,0.0060999999999999995,0.0014,0.0002,0.0,0.020459642223662183,0.021068305836114038,0.05612084089084475,0.3645640710098458,0.33352148460607534,0.0347,0.008300000000000002,-0.004699999999999999,0.001163004485263519,,0.010118700518092449,0.0006222223076099544,,,,,10.48776912689209,0.002136696579402882,14.5738,,-1.5857773654922072,,,0.020181264328928528,-0.05204667531024265,,,0.02862156439596761,0.052825149312390435,-0.02211017906665802,0.4620199203491211,0.40661443604857245,0.9650907638863196,0.9650907638863196,-2.9079604786268685,0.019858426909552425,0.025739894135650174,,,1.0522597454235025,,0.2624654769897461,-0.15753321388065686,3.3888721466064453
201310,1756.54,34.59995562404514,96.31333333333333,0.046268,0.044953,0.0453,0.053099999999999994,0.0342,0.0128,0.0211,0.0005,0.0,0.01969778975943909,0.020576227661410686,0.05483127815667923,0.3592436729844792,0.3245948249521573,0.0337,0.0077999999999999944,0.0083,-0.002575283259804717,,0.009622818323363218,0.0014383685762422156,,,,,6.003458499908447,0.0021076075435635896,5.68,,-1.6851664430393378,,,0.018493572372668687,-0.059300508010941666,,,-0.005609120804025078,0.021340644457604523,0.030181290581822395,0.4670795500278473,0.4049543174919377,0.9914160079334964,0.9914160079334964,-2.9293571380982595,0.020053247403025505,0.01589977163726973,,,1.0522597454235025,,0.3297059237957001,-0.24391878617318016,3.4615087509155273
201311,1805.81,34.79599986689113,98.25666666666666,0.030817,0.028398,0.0463,0.0538,0.0361,-0.0236,-0.0086,0.0007000000000000001,0.0,0.01926891526068143,0.019809397945330667,0.05441140909988684,0.35413373002908505,0.3136852784431082,0.0354,0.0075,0.015,-0.002042424190523473,,0.01032477505618076,0.0006443989074447735,,,,,7.661208629608154,0.0015945674785071205,11.1871,,-1.72432493993347,,,0.01993219121184797,-0.038841001142382425,,,-0.016662491940602788,0.047314206304073646,0.023914534598588943,0.47774893045425415,0.37066379374217223,0.9993216266300063,0.9993216266300063,-2.938018074962383,0.022851336524335922,0.01648821805634158,,,1.0522597454235025,,0.29922977089881897,-0.19861386891211946,3.72279953956604
201312,1848.36,34.99204410973712,100.2,0.02595,0.024196,0.0462,0.0538,0.0378,-0.0207,0.0002,0.0007000000000000001,0.0,0.018931400868736136,0.019377478311526197,0.05421021878854769,0.34922199710316487,0.3044081256417155,0.0371,0.007600000000000003,0.0209,-8.58114978825597e-05,,0.01214394603236147,0.0007455164948653067,,,,,7.783432483673096,0.0020568553552909085,9.5654,,-1.7618873757016522,,,0.02104999118938533,0.06072393300918422,,,-0.023888631682825772,0.054670992235490316,0.05836809054017067,0.45645231008529663,0.3659033985614206,1.0,1.0,-2.943473306625515,0.021635040510280507,0.017287746902001907,,,1.0522597454235025,,0.3120759129524231,-0.26321941117314285,3.7633795738220215
201401,1782.59,35.40392243076026,100.41666666666666,-0.034666,-0.035731,0.0449,0.0519,0.0342,0.0548,0.0331,0.0004,0.0,0.019860945271072013,0.019154235338765317,0.05633189161089575,0.35257018188308975,0.3214292766667622,0.033800000000000004,0.006999999999999999,-0.021700000000000004,0.003720247673236088,,0.01376542111667972,0.00130358839722544,,,,,10.7394437789917,0.002566010170949593,18.5216,,-1.893070547723057,,,0.01659913613990671,-0.006315575022919462,,,-0.08420355665098792,-0.0021932125997045277,0.015142565593123436,0.47233766317367554,0.3664703470399767,0.9470454241083548,0.9470454241083548,-2.9046931001193426,0.023864980407887815,0.03030711874040682,,,1.0522597454235025,,0.30827784538269043,-0.3952698294898813,3.737884044647217
201402,1859.45,35.8158007517834,100.63333333333333,0.045757,0.043194,0.044500000000000005,0.051,0.0339,0.0074,0.0168,0.0005,0.0,0.019261502461364058,0.020092001386624744,0.054119945862127684,0.3559039491730712,0.30916307176147595,0.0334,0.006499999999999992,0.009399999999999999,0.003697908650968751,,0.016576156816398444,0.0012535647470090863,,,,,5.448573589324951,0.0018047365076506716,9.1573,,-1.9418960540436017,,,0.023244629304890907,0.05463864684777042,,,-0.12266523104499186,0.007417884572419212,-0.07016600668430328,0.43964293599128723,0.3623595959154813,0.9846199415322507,0.9846199415322507,-2.943291773199906,0.022321007255465382,0.016963532206515173,,,1.0522597454235025,,0.3446349501609802,-0.27959886602065254,4.303745269775391
201403,1872.34,36.22767907280654,100.85000000000001,0.008056,0.006537,0.0438,0.0506,0.0337,0.0063,0.0062,0.0005,0.0,0.01934887844772132,0.019483007917828678,0.05386308042342738,0.35922339189694136,0.35061606571043513,0.0332,0.0068000000000000005,-0.00010000000000000026,0.006440044126228228,,0.01641660318044916,0.0008690325459535974,,,,,3.767385959625244,0.0017986270954734851,5.2474,,-1.9538921046233868,,,0.03200413093904242,-0.01273328149300157,,,-0.10008102978247607,0.019731797267581137,0.0659557431936264,0.4680643379688263,0.34620450101905903,0.9928212317801053,0.9928212317801053,-2.9481466540308703,0.02598541939242413,0.01581246303129843,,,1.0522597454235025,,0.34248843789100647,-0.2863235249502746,4.114863872528076
201404,1883.95,36.61201164751149,101.60666666666667,0.006555,0.005388,0.0424,0.049,0.0326,0.0181,0.016,0.0003,0.0,0.019433642956294746,0.019554147028590686,0.05393278307102984,0.36033080159613695,0.3480113190887796,0.032299999999999995,0.006600000000000002,-0.002100000000000001,0.003296754453157691,,0.016623198353961033,0.0013626924538060882,,,,,4.397511959075928,0.002092846606999238,5.5559,,-1.955760944101213,,,0.032096139426703196,-0.014768140198877622,,,-0.14306644327291906,0.027338461554796297,-0.006666029803454876,0.43074047565460205,0.33747572523441505,1.0,1.0,-2.946756062906031,0.026650715224221463,0.01545425179308781,,,1.0522597454235025,,0.3411777913570404,-0.32316199062347306,4.089597702026367
201405,1923.57,36.99634422221644,102.36333333333334,0.023309,0.020895,0.0416,0.047599999999999996,0.0309,0.0279,0.0188,0.0003,0.0,0.019233167611376993,0.019637646552305762,0.05321528893325086,0.3614218394172696,0.3451732559996698,0.0306,0.005999999999999998,-0.0091,0.0034926098400485106,,0.013985257474441307,0.0005552041652798906,,,,,3.303732395172119,0.0013783384744139489,5.3777,,-1.8694816969252845,,,0.03504917582150302,0.03327670630558632,,,-0.04273897826826503,0.010702856325774843,0.028790656477212906,0.46873098611831665,0.34328751388312867,1.0,1.0,-2.958687345142881,0.02708202050808943,0.010809362006467326,,,1.0522597454235025,,0.30439603328704834,-0.2780352684176043,3.8560938835144043
201406,1960.23,37.38067679692139,103.12,0.020635,0.019048,0.0425,0.048,0.0313,-0.0025,0.002,0.0004,0.0,0.019069536124292248,0.019432969321065204,0.0526060717364799,0.3624968657575775,0.34292845851211773,0.0309,0.005499999999999998,0.0045000000000000005,0.0018621269440941557,,0.013885426240707151,0.0002819997994127916,,,,,3.6004726886749268,0.0012615233923727754,8.2195,,-1.7166098261470304,,,0.03760811446571033,0.02582205029013518,,,-0.002557344079317405,0.020073736585834827,0.03633176535367966,0.45749643445014954,0.4513336086688957,0.9928908106883307,0.9928908106883307,-2.9705914803963704,0.02582753645405276,0.011749661752460968,,,1.0522597454235025,,0.27186328172683716,-0.2645018330095899,3.615326166152954
201407,1930.67,37.75198829679195,104.06666666666666,-0.013974,-0.015278,0.0416,0.0473,0.031,0.005699999999999999,0.0024,0.0003,0.0,0.019553827581508983,0.019258958538942852,0.05390184063908729,0.36276734429973045,0.34837985184111864,0.030699999999999998,0.005700000000000004,-0.0032999999999999995,-0.0003901939641608454,,0.0084376900765418,0.0009491218844922171,,,,,11.26095199584961,0.002440675164691996,17.2004,,-1.7373163698877856,,,0.03896343427093818,-0.07391345337984345,,,0.07993097590473253,0.22981405672643299,-0.07138022035360336,0.4432276785373688,0.4536216753644066,0.9664550536229009,0.9664550536229009,-2.9456734328695307,0.02364634508447664,0.026174694296545387,,,1.0522597454235025,,0.2623312175273895,-0.28917609619260454,3.4185383319854736
201408,2003.37,38.1232997966625,105.01333333333334,0.039777,0.037445,0.0408,0.046900000000000004,0.0287,0.0369,0.0356,0.0003,0.0,0.01902958504752617,0.01974615019483521,0.05241834176079972,0.3630329462607526,0.33747620398340195,0.028399999999999998,0.006100000000000001,-0.0013000000000000025,-0.0016705141657922251,,0.006738969298743987,0.0005462017458948921,,,,,4.3069257736206055,0.0015754886763676237,5.5348,,-1.6408189444175203,,,0.03621404016366281,-0.0037666700600631486,,,-0.0027925618978633564,-0.0012428821242565762,0.0237476397305727,0.4673464298248291,0.4629139456684096,0.99768061990174,0.99768061990174,-2.9724105353458756,0.02132345299234094,0.012139459774680866,,,1.0522597454235025,,0.2711073160171509,-0.25725043152117616,3.5012030601501465
201409,1972.29,38.49461129653305,105.96000000000001,-0.013928,-0.015467,0.041100000000000005,0.048,0.03,-0.017,-0.0271,0.0002,0.0,0.01951772371027235,0.01921492849375455,0.05372435088146267,0.3632938023455365,0.33857618128370165,0.0298,0.006899999999999996,-0.010099999999999998,0.0007525688243108508,,0.007991418162515404,0.0007210232102652173,,,,,10.04576301574707,0.002702995156123051,15.8906,,-1.7854654898134141,,,0.03822771306498485,-0.06836296750459836,,,0.01587188176068483,-0.0020646828231926963,-0.030091334134340286,0.47280243039131165,0.46512136559920386,0.9862937752535629,0.9862937752535629,-2.9488741714640607,0.021176232509359037,0.022491159226927283,,,1.0522597454235025,,0.3224320709705353,-0.30827143666046586,3.466628074645996
201410,2018.05,38.81078789526535,104.74333333333334,0.023972,0.0228,0.0392,0.046900000000000004,0.0282,0.03,0.0225,0.0002,0.0,0.01923182671156084,0.019678033096180252,0.05190323992633153,0.3705322969983644,0.3318083645572415,0.028,0.0077000000000000055,-0.0075,-0.0025122778125539202,,0.008032341977849394,0.0029439983039257623,,,,,3.0022218227386475,0.0021196769352575242,-10.8885,,-2.065743306500204,,,0.03749531173215459,-0.11670505648787977,,,-0.07410409698901683,-0.013640497425973218,0.0005570175126194954,0.4604193866252899,0.494955916393662,1.0,1.0,-2.981113551401992,0.022849075732712498,0.018474785724440217,,,1.0522597454235025,,0.4102749228477478,-0.20814959068900576,3.5126893520355225
201411,2067.56,39.12696449399765,103.52666666666667,0.027631,0.025159,0.0392,0.0479,0.0264,0.0286,0.0173,0.0002,0.0,0.018924222026929158,0.019388501025245978,0.05007190440261307,0.3779409282052706,0.3236617860203811,0.0262,0.0087,-0.011300000000000001,-0.005399417941061246,,0.006891555518483646,0.00015025395227272122,,,,,6.453174114227295,0.0017949174717484155,10.9088,,-1.724077138755995,,,0.04280063509745968,-0.1811747174965852,,,-0.03767809678906827,-0.012728676754987544,0.016851535066962242,0.4722414016723633,0.5137994176550389,1.0,1.0,-3.0173279176706247,0.026577955590180762,0.017425259535432187,,,1.0522597454235025,,0.3607296049594879,-0.31816213045618175,3.6648080348968506
201412,2058.9,39.443141092729945,102.31,-0.002473,-0.004249,0.0379,0.047400000000000005,0.0246,0.028999999999999998,0.0183,0.0003,0.0,0.019157385542148693,0.019077144601718908,0.049691582884064306,0.38552576573873465,0.3237556717220995,0.0243,0.009500000000000001,-0.010699999999999998,-0.005670100910010967,,0.005625011733651848,0.001992839436450897,,,,,19.057376861572266,0.003477693501195718,17.5331,,-1.8546812791296912,,,0.041877648772818965,-0.18941461935092496,,,0.00855267149582222,-0.05105870862583047,0.0018812528578564525,0.477927565574646,0.5072141992553979,0.9872247864843293,0.9872247864843293,-3.0237790530447435,0.027571294266968135,0.030461341197119532,,,1.0522597454235025,,0.4002469778060913,-0.34928277828016596,3.7741000652313232
201501,1994.98999,39.8976306774656,101.28999999999999,-0.02943,-0.030468,0.0346,0.044500000000000005,0.02,0.0709,0.0599,0.0003,0.0,0.019998912715078636,0.019378129427104568,0.05077218457622436,0.3938950604942798,0.33616876250731864,0.0197,0.009900000000000006,-0.011000000000000003,-0.004705892373473297,,0.00019069910007369413,0.0022266292360955367,,,,,17.113367080688477,0.003883540728626057,16.2958,,-1.9992485083377278,,,0.033158411164401436,-0.10589335827876523,,,-0.017574683875993976,-0.02173870053711722,0.019655192270874977,0.4467736482620239,0.4921747447004436,0.9507713373040777,0.9507713373040777,-2.999032086191976,0.026722184360521817,0.042694580371044295,,,0.27240373221137537,,0.37030309438705444,-0.4632484315805016,4.25488805770874
201502,2104.5,40.352120262201254,100.27000000000001,0.056976,0.054305,0.0361,0.0451,0.0238,-0.052300000000000006,-0.032,0.0002,0.0,0.019174207774863984,0.020226728186341053,0.047645521501544316,0.40243462912337935,0.3182272910267086,0.023600000000000003,0.009000000000000001,0.020300000000000006,0.0043430449237722435,,-0.003766694347459578,0.0008135396985315579,,,,,6.052402973175049,0.002250199533576691,7.9046,,-1.8944314725140592,,,0.02591640824911856,0.04289600334798083,,,0.0707060567437118,-0.056247159764259536,0.029847070574760437,0.48582133650779724,0.510965915973094,0.9949590031479482,0.9949590031479482,-3.06357317031371,0.025589068585827657,0.016632894960373797,,,0.5161703067837308,,0.3878558874130249,-0.3918172281256752,4.6934380531311035
201503,2067.889893,40.80660984693691,99.25,-0.014993,-0.016628,0.0364,0.0454,0.023,0.0137,0.0058,0.0003,0.0,0.01973345388701356,0.019390168613417396,0.04799578562474264,0.41114972137971695,0.30745404508970464,0.022699999999999998,0.009000000000000001,-0.0079,0.00595172161109736,,-0.0068897072679604985,0.001720374999878559,,,,,7.067354202270508,0.002197662924921841,9.7785,,-1.8234041024398564,,,0.021732345483746585,-0.04253611556982351,,,-0.03353405409800181,-0.022823890974815353,0.045059315860271454,0.46853750944137573,0.5036188053000905,0.9719765777972433,0.9719765777972433,-3.0568367786988935,0.023223529026694608,0.021626995553464753,,,-0.5269337812810542,,0.38408297300338745,-0.4367396616375344,4.6313910484313965
201504,2085.51001,41.11840716793592,97.80333333333334,0.009101,0.008004,0.0352,0.044800000000000006,0.0249,-0.025,-0.0223,0.0002,0.0,0.019716235822783666,0.019884234313986233,0.046896602204912624,0.4204192819052103,0.3063442096979236,0.0247,0.009600000000000004,0.002700000000000001,0.002032873254587786,,-0.0070749013765133255,0.0005743426526932078,,,,,6.4401164054870605,0.0025162504030824644,10.7024,,-1.6956349196919855,,,0.015433318547225738,0.24937133277451795,,,-0.03422598278481121,-0.03754794850750215,-0.005288891028612852,0.46513262391090393,0.5021590898131578,0.9754978913127992,0.9754978913127992,-3.079024272734613,0.021044766636541444,0.02143517359390035,,,-0.018939278616962662,,0.3084563612937927,-0.3921455027029629,4.535027503967285
201505,2107.389893,41.43020448893493,96.35666666666667,0.012522,0.010141,0.0398,0.0489,0.0262,-0.0159,-0.0204,0.0002,0.0,0.01965948713455984,0.019865742331744998,0.045723227100371536,0.4299671825744795,0.30344995302787015,0.026000000000000002,0.009099999999999997,-0.0045000000000000005,0.0050972320254947245,,-0.00807840754696538,0.0008869954965169414,,,,,6.349033355712891,0.001766149124446337,9.1241,,-1.7462086683654106,,,0.010186117309330278,0.010566923851056842,,,-0.05169694931766126,-0.059094097596350974,-0.000431395776104182,0.47860467433929443,0.5085775362988438,0.9835242696338381,0.9835242696338381,-3.106910350330345,0.02209643458508806,0.017869115425614288,,,0.7880318173317662,,0.3473690152168274,-0.3661815359450028,4.39339017868042
201506,2063.110107,41.74200180993394,94.91,-0.019343,-0.02102,0.04190000000000001,0.0513,0.0285,-0.0298,-0.032,0.0002,0.0,0.020232561349152432,0.019807441398758733,0.04600336146770668,0.43980615119517374,0.31018683266447256,0.028300000000000002,0.009399999999999992,-0.0022000000000000006,0.003502869998528224,,-0.008725356597181554,0.0010521574957602549,,,,,13.507390022277832,0.0032153134498743466,18.7258,,-1.6940740255740074,,,0.006215636834628668,-0.012780082987551955,,,0.03126479459314441,-0.020795766568210253,-0.07081174850463867,0.47063565254211426,0.5014164102445805,0.962163322209717,0.962163322209717,-3.1023666350814874,0.02460956192052388,0.03174991171718171,,,0.5442652427594111,,0.33090707659721375,-0.34038827464259463,4.502908229827881
201507,2103.840088,41.9981333764469,93.49333333333334,0.021297,0.020101,0.0415,0.052000000000000005,0.0263,0.0329,0.0239,0.0003,0.0,0.0199626072418708,0.020356709626863798,0.04443937249157187,0.44920992630255524,0.3089532647516713,0.026,0.010500000000000002,-0.008999999999999998,6.7047159295619e-05,,-0.008357699545674308,0.0011597789523634674,,,,,2.7849786281585693,0.0017617181301438347,0.9648,,-1.8525958159738998,,,0.011859166496128282,-0.20796906523201075,,,-0.01599021716773205,-0.02552678823532207,0.01306870672851801,0.4619225263595581,0.5162866667847615,0.9660049835111638,0.9660049835111638,-3.1365644059445645,0.029923099287190814,0.014091308327161784,,,1.0522597454235025,,0.3625071942806244,-0.2672125141509081,4.3325958251953125
201508,1972.180054,42.254264942959864,92.07666666666667,-0.060073,-0.062419,0.0404,0.0519,0.0264,0.0012,-0.0067,0.0007000000000000001,0.0,0.02142515581032231,0.02008435203035254,0.046687758797639006,0.45890306928602825,0.3306709874074527,0.0257,0.011500000000000003,-0.0079,-0.0014162762828194841,,-0.010160890029270776,0.005846948990457377,,,,,17.087656021118164,0.00528583770234832,-11.7472,,-2.1053296594979614,,,0.009206312654704618,0.044364253873912185,,,0.02933668314421118,-0.047732641598522425,0.010809858329594135,0.5062251687049866,0.48425858832659735,0.9025599607697302,0.9025599607697302,-3.0857411795306504,0.029907323996586407,0.06503990809304419,,,-1.6141367524749692,,0.527301013469696,-0.2239321835933511,3.8780226707458496
201509,1920.030029,42.51039650947283,90.66,-0.024547,-0.026258,0.0407,0.053399999999999996,0.0253,0.0174,0.013300000000000001,0.0002,0.0,0.022140485235855042,0.021555028113813806,0.04721801150538151,0.4688991452622196,0.3356119547796398,0.0251,0.012699999999999996,-0.004099999999999998,-0.0015567565753034085,,-0.013637638010012807,0.0040534913480552584,,,,,20.039718627929688,0.005251545572729553,16.2587,,-1.9379473932022444,,,0.005602611675985081,-0.0841463414634146,,,-0.01730946952736698,-0.06979349145927755,0.01875295303761959,0.4996199905872345,0.47593943841348174,0.8892722359014853,0.8892722359014853,-3.0744477661062266,0.030736936935480613,0.05135402488944965,,,-2.685335776515435,,0.5746247172355652,-0.1483001870381299,4.037227630615234
201510,2079.360107,42.8028934599586,89.28333333333333,0.083449,0.082049,0.0395,0.053399999999999996,0.0259,-0.0053,0.002,0.0002,0.0,0.020584646842009745,0.022292825014956365,0.0429378889364897,0.47940519088996003,0.3094136282987442,0.0257,0.013899999999999996,0.0073,-0.00044968375044651676,,-0.016832542353523775,0.0016189063414524904,,,,,7.1588311195373535,0.002398464964980775,4.276,,-2.021851265790673,,,-4.944787673633044e-05,0.03417665335108744,,,0.06757142953509541,-0.016028580882880204,0.02618180587887764,0.45905569195747375,0.4867612020877576,0.9645677052531101,0.9645677052531101,-3.1684893172672757,0.026709791369779523,0.02145599360273774,,,-1.6360410152153533,,0.5530073046684265,-0.013125270707638116,4.140420436859131
201511,2080.409912,43.095390410444374,87.90666666666667,0.003373,0.000817,0.0406,0.0546,0.0265,-0.006500000000000001,0.002,0.0012,0.0,0.020714855357045796,0.020725313650755913,0.04225449328981406,0.4902402974038113,0.3084291576937142,0.0253,0.014000000000000005,0.0085,-0.0021106803790814643,,-0.01843809658185878,0.0011187587767953339,,,,,11.42462158203125,0.0024279585191845044,14.1915,,-1.8708483761558934,,,-0.00823488040964282,-0.13240343347639483,,,0.003294138200289272,-0.029422154968521567,-0.0009440056746825576,0.4888957440853119,0.5003908320458919,0.9676464950779226,0.9676464950779226,-3.1863929844427106,0.027629074106244742,0.024241768973243778,,,-0.288731713593509,,0.4331013858318329,-0.047807115563228614,3.744861125946045
201512,2043.939941,43.387887360930144,86.53,-0.015247,-0.017076,0.0397,0.0546,0.0268,-0.0022,0.0,0.0023,0.0001,0.021227574495022866,0.020855451183281106,0.042334903420726294,0.5014201705874279,0.31364881437793796,0.0245,0.014900000000000004,0.0022,-0.0034170964371187385,,-0.022251550295840687,0.0028384855623711427,,,,,14.181723594665527,0.0037966608843820948,9.1229,,-1.9378020685216448,,,-0.013948009019577157,-0.08162255750680181,,,-0.04335048851800564,-0.034268416088165936,-0.004419051110744476,0.48716026544570923,0.5131964372503949,0.9515431901570467,0.9515431901570467,-3.1842961978419826,0.026625687663774093,0.02900640077160815,,,-0.5050295185406701,,0.3863857090473175,-0.09872999813792055,3.798513174057007
201601,1940.24,43.55057143838622,86.5,-0.0491,-0.05025,0.04,0.0545,0.0236,0.0476,0.0067,0.0026,0.0001,0.022445971342919546,0.02130716786965817,0.04458211355296252,0.5034748143166037,0.331910629588918,0.020999999999999998,0.014499999999999999,-0.040900000000000006,0.0016531022090686687,,-0.02094405745552788,0.004301314046686569,,,,,8.90187931060791,0.004123614503505395,-15.816,,-2.243230890602753,,,-0.009514570116940568,-0.09345542687853503,,,-0.08510435781774704,0.00098309306448142,0.10184157639741898,0.46295619010925293,0.4994401425287617,0.8991890190193634,0.8991890190193634,-3.1311071330009623,0.031567602710505814,0.03632382818255529,,,-2.685335776515435,,0.47414538264274597,-0.039531062827115486,3.7808830738067627
201602,1932.23,43.7132555158423,86.47,-0.001742,-0.004457,0.039599999999999996,0.053399999999999996,0.0217,0.0294,0.0232,0.0031,0.0002,0.022623215412162268,0.022529818741930017,0.04475140123070235,0.505530883726637,0.33090182544728003,0.018600000000000002,0.0138,-0.006200000000000001,0.000823076533454925,,-0.02471605199666091,0.002601544475945412,,,,,15.834205627441406,0.0037678927778033353,2.0148,,-2.068558871561015,,,-0.015502020941544181,-0.027332144979203665,,,-0.05643619508830129,-0.04894127412505426,-0.04295504465699196,0.44964316487312317,0.5157245227509706,0.9019303324142834,0.9019303324142834,-3.1242759575061614,0.03182489729418403,0.038896906239988795,,,-2.685335776515435,,0.4559018015861511,0.09414868963384646,3.921677827835083
201603,2059.74,43.87593959329838,86.44,0.06734,0.065146,0.0382,0.0513,0.0218,-0.0003,0.0423,0.0029,0.0002,0.021301688365181228,0.022707410397984906,0.04196646178643907,0.5075883803019248,0.3279547912959448,0.0189,0.0131,0.0426,0.004306000143392774,,-0.023709636559986553,0.0012741568780335088,,,,,6.43878698348999,0.0027642534144963057,5.078,,-1.9450212367372017,,,-0.023734859497894334,0.12828344532681712,,,0.1193034055998596,-0.0303336432526003,0.0612868033349514,0.49285200238227844,0.5169642563029411,0.9657445041308098,0.9657445041308098,-3.189608122585205,0.03243750118108296,0.01733517962874922,,,-2.1388080216979555,,0.40184155106544495,-0.0042154997562403465,4.636165618896484
201604,2065.3,44.07058552145557,86.6,0.003747,0.002576,0.0362,0.0479,0.0223,-0.0053,0.0146,0.0023,0.0001,0.021338587866874335,0.021396188607035634,0.04193095434077373,0.5088982161830897,0.3263208886868419,0.02,0.011699999999999995,0.0199,0.004741067979104008,,-0.024210355162022155,0.0008177635042229848,,,,,8.93651294708252,0.0026753975285018746,12.6402,,-1.7940626487445948,,,-0.021139761580549532,0.2447211694639957,,,-0.05068020264726622,0.010242101900040577,-0.07299713790416718,0.47664910554885864,0.4857955627976463,0.9705800280575064,0.9705800280575064,-3.189669102856228,0.02908055272334724,0.02324730631867658,,,-0.7922113893421726,,0.29015153646469116,-0.05498209119174286,4.479176044464111
201605,2096.95,44.26523144961276,86.75999999999999,0.018487,0.015886,0.0365,0.046799999999999994,0.0219,0.0082,0.0016,0.0027,0.0001,0.021109340446654794,0.021432833704359056,0.04137437707146093,0.5102032209498936,0.32607211927678326,0.0192,0.010299999999999997,-0.006600000000000001,0.004045790998115084,,-0.027048300285209034,0.000995568722816392,,,,,7.470032215118408,0.002189630653103919,8.7618,,-1.8173862930319078,,,-0.02418758950979427,0.0678555893866899,,,0.05474386225543976,-0.010158121024091821,0.017714224755764008,0.49560385942459106,0.49034634003850647,0.9803313148593453,0.9713205103211542,-3.203031646203921,0.026589772840173533,0.016610723685726244,,,0.8169939598726187,,0.27449360489845276,-0.15655169802121252,4.648514270782471
201606,2098.86,44.459877377769956,86.92,0.002675,0.001002,0.035,0.0453,0.0179,0.059,0.0377,0.0027,0.0002,0.021182869451878618,0.02120216379874101,0.041412957510267474,0.5115034212812927,0.3234753616705865,0.015199999999999998,0.010299999999999997,-0.0213,0.0032843661672818936,,-0.028679323390465056,0.002864408637998727,,,,,-0.690834105014801,0.0032444976491277982,0.0348,,-1.8947260258548129,,,-0.02024854979564239,-0.01690427698574337,,,0.009538541434088199,-0.08324298834137436,-0.038374148309230804,0.49537888169288635,0.5175248960590318,0.989500144865551,0.9791179633024418,-3.2004284362440147,0.02648895510999868,0.0216868143174401,,,1.0522597454235025,,0.36130595207214355,-0.2435507980801229,4.654141426086426
201607,2173.6,44.64848202109421,87.64333333333333,0.036571,0.035324,0.032799999999999996,0.042199999999999994,0.0175,0.0081,0.0245,0.003,0.0002,0.020541259671095977,0.021272729968218083,0.040321739663844926,0.5094338647673625,0.314661158925882,0.014500000000000002,0.009399999999999999,0.0164,-0.001618136404749948,,-0.03201895883315901,0.000477663541013629,,,,,3.4629054069519043,0.0019647872705957606,6.6532,,-1.6429458145201201,,,-0.019846786786123616,-0.13942407292314074,,,0.0005345549333136454,-0.039259858085618944,0.03972215950489044,0.5086455941200256,0.530471853110368,0.9912455102250441,0.9912455102250441,-3.2257531222188285,0.024724531562673645,0.012708353541133238,,,1.0522597454235025,,0.37427592277526855,-0.2267881149479257,4.718733310699463
201608,2170.95,44.837086664418464,88.36666666666667,0.001247,-0.001396,0.0332,0.0424,0.0186,-0.014,0.0016,0.003,0.0002,0.020653210191122998,0.020628030301995982,0.04070414641823473,0.5073981893370629,0.3151974253405272,0.0156,0.0092,0.015600000000000001,0.0009184301078843937,,-0.030785616262022475,0.0002791631565881453,,,,,6.5967698097229,0.0026560074200283877,11.2992,,-1.6194163231260283,,,-0.022120736376829875,0.07558979297063084,,,-0.021591765404708273,-0.03276402600142468,0.007279002107679844,0.4943273663520813,0.5320843937294134,0.9873809095811613,0.9873809095811613,-3.216904884973239,0.026817004052966838,0.015095481254158211,,,1.0522597454235025,,0.34523287415504456,-0.33010388407621777,4.189494609832764
201609,2168.27,45.02569130774271,89.09,0.000446,-0.001033,0.0341,0.0431,0.0196,-0.0124,-0.0119,0.0029,0.0002,0.02076572166185148,0.02074008673978798,0.04108805637674275,0.5053955697355788,0.31679388687551713,0.0167,0.009000000000000001,0.0004999999999999987,0.002403995864628916,,-0.032607113216422866,0.0016731126764302881,,,,,4.759753227233887,0.002435816159554988,5.6036,,-1.8719066499315604,,,-0.02393824794560384,0.07676812891674123,,,-0.08675318222670465,-0.040074691494608176,-0.0667930319905281,0.4786575436592102,0.49262435996718645,0.9824050697438568,0.9824050697438568,-3.2082063799796496,0.028340678591341175,0.016355293033568637,,,1.0522597454235025,,0.3129572570323944,-0.2829348416085516,4.327451229095459
201610,2126.15,45.25066203359443,90.91,-0.017944,-0.019193,0.0351,0.0438,0.022,-0.0314,-0.0263,0.0033,0.0002,0.021282911381414495,0.020869477525213388,0.042758036827128844,0.4977523048464903,0.3196877814536319,0.018699999999999998,0.0087,0.005099999999999997,0.0012467485130143174,,-0.02903798289687956,0.00036405198147205185,,,,,13.648061752319336,0.002660416868458272,17.1324,,-1.4087005075940389,,,-0.02454021499693937,-0.026605695281646247,,,-0.1474154634846228,0.03961606073827192,-0.0008798301569186151,0.4894299805164337,0.5015950623206942,0.9735120908132355,0.9735120908132355,-3.1696450189158836,0.032835452618686686,0.030226820718800118,,,0.27240373221137537,,0.29100143909454346,-0.3118894844562359,4.605226039886475
201611,2198.81,45.47563275944614,92.73,0.035812,0.033029,0.038599999999999995,0.0471,0.0267,-0.0599,-0.051,0.0045000000000000005,0.0001,0.020681929206910168,0.02138872269569228,0.042172811657214586,0.4904090667469658,0.3032857864479349,0.0222,0.008500000000000008,0.008900000000000005,-0.0015554608673349346,,-0.027456294010046726,0.0009463722803361884,,,,,5.971514701843262,0.0024928680758425385,6.3864,,-1.257746472925303,,,-0.029474625340203175,0.05509288917360666,,,-0.07473241101809337,-0.03629599942708392,0.06884070485830307,0.4722267985343933,0.47122253420830945,0.998508782830535,0.998508782830535,-3.1871537743306733,0.040745520355068246,0.01735721037503195,,,0.5161703067837308,,0.2600172758102417,-0.3025324752848126,4.399969100952148
201612,2238.83,45.70060348529786,94.55,0.019204,0.017577,0.0406,0.0483,0.0272,-0.0057,0.0059,0.0051,0.0003,0.020412717126935882,0.020784243970737745,0.042231880044487524,0.48334852972287534,0.2934790968799652,0.022099999999999998,0.0077000000000000055,0.0116,0.0003273213923173923,,-0.025107883572043785,0.0005240218776429167,,,,,7.837350845336914,0.002485743225954443,12.5386,,-1.2685782673580905,,,-0.023412122936433022,0.08783647035013153,,,-0.06858387800660942,-0.034241318569713984,0.011257518082857132,0.47878870368003845,0.4736882964070322,0.9893855302378718,0.9893855302378718,-3.1891749387140718,0.03890273672494792,0.017627100092683184,,,0.7880318173317662,,0.17344103753566742,-0.49623574600312614,4.425706386566162
201701,2278.870117,45.92787694074595,96.46333333333334,0.019384,0.018311,0.0392,0.0466,0.0278,0.0043,-0.0021,0.0051,0.0004,0.020153793144300533,0.020514231514114942,0.042329456432699954,0.47611745679615003,0.29197964998894116,0.022699999999999998,0.007400000000000004,-0.0063999999999999994,0.0058277278902547636,,-0.022661645912839895,0.0003355712703769508,,,,,4.166114330291748,0.0020073374381248668,7.4651,,-1.3748369001288163,,,-0.026790491553695617,-0.018604651162790753,,,-0.07085669188621646,-0.03849218036007008,-0.003418121486902237,0.4941529631614685,0.47658557613639163,0.9882184438415972,0.9882184438415972,-3.1862815181756647,0.034795485125863584,0.014270509653188606,,,1.0522597454235025,,0.17179469764232635,-0.6299954134253883,4.061636924743652
201702,2363.639893,46.15515039619405,98.37666666666667,0.039459,0.037052,0.0395,0.0464,0.027,0.0137,0.0212,0.0052,0.0004,0.01952714985598445,0.02025352390725744,0.041620835287986345,0.46916765895904233,0.27867783260184326,0.0218,0.006899999999999996,0.0075,0.0031461173864164582,,-0.018712612640183115,0.00022391289844370566,,,,,6.290054798126221,0.002494476501571638,10.9366,,-1.1484148467050075,,,-0.03155558416998616,0.023696682464454888,,,-0.12880683778416852,-0.021914721847480688,0.030744018033146858,0.48382359743118286,0.47514178692017095,0.9987906383893608,0.9987906383893608,-3.203066208874961,0.026628251732692863,0.01517625616665238,,,1.0522597454235025,,0.1402856856584549,-0.5969869894665394,4.263604640960693
201703,2362.719971,46.382423851642145,100.28999999999999,0.001665,5.5e-05,0.0401,0.046799999999999994,0.0274,-0.004,-0.0062,0.0074,0.0003,0.01963094417490838,0.01962330386663606,0.04244684145009074,0.462483037707071,0.2815988893326394,0.02,0.006699999999999998,-0.0021999999999999997,0.0008127978719472129,,-0.016198860368007217,0.0005753039542313166,,,,,4.779869556427002,0.002168829672173716,7.1965,,-1.2763064079714646,,,-0.025716706893739172,-0.06407407407407406,,,-0.16054814279926588,-0.023674229507164263,0.0347299762070179,0.4756808578968048,0.5068549224465811,0.9785783462898197,0.9785783462898197,-3.1840002469517446,0.025552129496692225,0.011198847762985454,,,1.0522597454235025,,0.15353360772132874,-0.5406556009355501,4.156911849975586
201704,2384.199951,46.66128904097401,101.53333333333333,0.010591,0.009439,0.0387,0.045700000000000005,0.0265,0.014499999999999999,0.0176,0.008,0.0005,0.019571046892020515,0.01974897136084436,0.04258591369014474,0.45956620854537766,0.2778700263279923,0.0185,0.007000000000000006,0.003100000000000002,0.002965533365326678,,-0.015574559109407866,0.00039054700234960357,,,,,2.4952902793884277,0.0019798044614105447,4.493,,-1.2409582618884958,,,-0.016315224846413123,-0.02433715868618913,,,-0.13237455657544908,-0.01339196921432472,0.03347804769873619,0.47981277108192444,0.5193207760843721,0.9917103745817655,0.9917103745817655,-3.1789712319084718,0.0253119399931052,0.010565860246934226,,,1.0522597454235025,,0.18994873762130737,-0.47716029527637954,3.939473867416382
201705,2411.800049,46.94015423030588,102.77666666666667,0.014552,0.01192,0.0385,0.0455,0.0256,0.0158,0.0226,0.0089,0.0006,0.01946270556291289,0.019688010735264827,0.04261409096051755,0.4567199516456966,0.2769687672318408,0.0167,0.006999999999999999,0.006799999999999997,0.0008547218268963874,,-0.010186137678939732,0.0005030984170792429,,,,,2.1596851348876953,0.002326558569357887,5.7031,,-1.140264028912216,,,-0.015862735090428792,-0.020685459338876555,,,-0.13399179118865254,-0.0407780873429001,-0.08489606529474258,0.46804696321487427,0.5355988068311532,0.994937380271885,0.994937380271885,-3.1783097936487987,0.026528223726871438,0.010453178993057945,,,1.0522597454235025,,0.23013778030872345,-0.5305578052802744,4.324870586395264
201706,2423.409912,47.219019419637746,104.02,0.005798,0.004364,0.0368,0.0437,0.0258,-0.001,0.0108,0.0098,0.0006,0.01948453672068572,0.019578330898208613,0.04292299023987816,0.4539417363933642,0.2725452275230835,0.016,0.006900000000000003,0.011800000000000001,0.0009071110148610728,,-0.009784990648405288,0.0004475599166924937,,,,,2.1463143825531006,0.002157789966704034,5.9955,,-1.2533996583588698,,,-0.014531390398973443,-0.04700766204183049,,,-0.06083776592153354,0.03230368337717945,-0.02497856691479683,0.45533037185668945,0.4806065486066057,0.99166890783079,0.99166890783079,-3.170011333201475,0.02911898476404003,0.011088098529379326,,,1.0522597454235025,,0.19486761093139648,-0.4447190728031807,4.270674228668213
201707,2470.300049,47.537047272445676,105.03999999999999,0.020696,0.019162,0.037000000000000005,0.043899999999999995,0.0262,-0.0027,0.006,0.010700000000000001,0.0007000000000000001,0.01924343048598048,0.01961576827636813,0.04252115043373826,0.4525613792121637,0.26580367876679495,0.0155,0.0068999999999999895,0.0087,-0.0006899226388520363,,-0.013164534647438698,0.0002588436628937531,,,,,1.9196316003799438,0.0020114347928242467,5.8568,,-1.1791079736755825,,,-0.017651676449681908,0.09104737070838764,,,-0.02722279338268903,-0.04779262336701888,-0.03558476269245148,0.4800635874271393,0.4737030034653243,1.0,1.0,-3.1806886408601405,0.02748271683705436,0.010037275266694403,,,1.0522597454235025,,0.15905730426311493,-0.3709052890857541,4.070486068725586
201708,2471.649902,47.85507512525361,106.06,0.002238,-0.000324,0.0363,0.0431,0.0242,0.028900000000000002,0.015300000000000001,0.0101,0.0009,0.01936159125389499,0.01937217106263095,0.04291060797654991,0.4512075723670904,0.2651136136458018,0.0141,0.0068000000000000005,-0.013600000000000001,0.0029944522971085963,,-0.012213806227681203,0.0007533757631380471,,,,,2.41007661819458,0.002779516475834526,4.5638,,-1.1540167626923241,,,-0.02251766080015205,-0.05875323640709029,,,0.028683797545345082,-0.04322944708448984,-0.0051720840856432915,0.469527930021286,0.5027029654906876,0.9922996308054554,0.9922996308054554,-3.1704955457871358,0.02619487607019092,0.010494204185295952,,,1.0522597454235025,,0.19066382944583893,-0.48011769354940426,4.074265480041504
201709,2519.360107,48.17310297806154,107.08000000000001,0.02005,0.018742,0.0363,0.043,0.0259,-0.020499999999999997,-0.0037,0.0103,0.0009,0.019121166062848013,0.019490261520889757,0.04250285606352185,0.44987955713542715,0.2597061667913033,0.0156,0.006699999999999998,0.016799999999999995,0.005294905893230117,,-0.01108614357142539,0.0002572471195549034,,,,,1.1470255851745605,0.0020220813863729625,4.9171,,-1.2060379256885925,,,-0.022200926488385342,0.09331358442657645,,,0.007445928443263939,-0.01587544859792645,-0.013532040640711784,0.4815143346786499,0.48083567380786313,0.9996653666532962,0.9996653666532962,-3.179945495596566,0.026648124550559604,0.008222929156721003,,,1.0522597454235025,,0.1718195378780365,-0.4729523444948625,4.208497524261475
201710,2575.26001,48.4260750972436,108.01333333333334,0.024132,0.023006,0.036000000000000004,0.0432,0.0261,-0.0013,0.0076,0.010700000000000001,0.0009,0.018804343992140662,0.019221577321436725,0.04194269041335882,0.44833423432826436,0.24890619858272187,0.0154,0.007199999999999998,0.0089,-0.0006320421037276924,,-0.012379020080958382,0.00021815288374614196,,,,,1.9169564247131348,0.002029280472317469,6.5894,,-1.1051410474707515,,,-0.010668973026884743,0.052061157344687414,,,0.03957791700268323,-0.022586815461529117,0.04565754532814026,0.4811919331550598,0.4657250467853452,0.99724764693436,0.99724764693436,-3.194776931766826,0.02822152492426566,0.010133640727156593,,,1.0522597454235025,,0.1543601006269455,-0.42124840183484324,4.417263507843018
201711,2584.840088,48.67904721642566,108.94666666666666,0.031389,0.02886,0.035699999999999996,0.042699999999999995,0.026,0.0036,0.002,0.0123,0.0008,0.01883251789633559,0.01890257567290289,0.04214831980223709,0.44681538872009846,0.2397271007435743,0.013699999999999999,0.006999999999999999,-0.0015999999999999999,2.4324685907517463e-05,,-0.012193436298774622,0.0003553369100767861,,,,,2.863029956817627,0.002560160539642929,6.9722,,-1.2535109384280416,,,-0.008986434680211097,0.05592347314201618,,,-0.0017117158804041694,-0.029402554563987462,0.04768745228648186,0.5097793936729431,0.48084738759489953,1.0,1.0,-3.1897885837911337,0.026205396914894895,0.012087397349099572,,,1.0522597454235025,,0.09660051763057709,-0.42019858445069214,4.4000725746154785
201712,2673.610107,48.93201933560771,109.88,0.011149,0.00985,0.0351,0.042199999999999994,0.0254,0.0102,0.0256,0.0132,0.0009,0.01830185306656896,0.018930385505382844,0.041097989460884395,0.4453223456098263,0.2353933430957158,0.012199999999999999,0.007099999999999995,0.0154,-0.0005878322772623346,,-0.0198797967425457,0.00024411329894817198,,,,,3.436215400695801,0.002252584612265657,6.1073,,-1.2500140886233142,,,-0.007736283818533529,0.05331010452961671,,,0.057811538311727424,0.019391559635016837,-0.0076353359036147594,0.5106770396232605,0.4486841555518118,0.9952374452994686,0.9952374452994686,-3.215512603520457,0.022962162293349943,0.010176235480458535,,,1.0522597454235025,,0.0976114347577095,-0.5136763084562342,4.11386251449585
201801,2823.81,49.289022753262884,111.73333333333332,0.05806,0.057018,0.0355,0.0426,0.0284,-0.0315,-0.024300000000000002,0.0141,0.0011,0.017454794321594896,0.018435381667736523,0.039568290123391206,0.44113087189674427,0.22251914863023572,0.014300000000000002,0.007100000000000002,0.007199999999999998,0.0054477454527752656,,-0.019044488935632986,0.0007742614570670789,,,,,5.713683128356934,0.002821206153456363,10.0329,,-1.3449198674061296,,,-0.00845427934349452,0.07211379424412812,,,0.18813492134939847,-0.045852371684860505,-0.04083702713251114,0.4759860634803772,0.4473333360263586,0.9824426084215517,0.9824426084215517,-3.2552000319296566,0.024024572597777683,0.01843714731344858,,,1.0522597454235025,,0.14523841440677643,-0.30132541694655424,4.549021244049072
201802,2713.83,49.64602617091806,113.58666666666666,-0.037661,-0.039702,0.0382,0.0451,0.0301,-0.022400000000000003,-0.0313,0.015700000000000002,0.0011,0.01829371263893393,0.0175812204684161,0.041854746489893124,0.4370761782860494,0.23247806561935658,0.014399999999999996,0.006900000000000003,-0.008899999999999998,0.004534689974865724,,-0.01832073386155477,0.005361663514893181,,,,,13.5673189163208,0.00538713751146252,-5.9018,,-1.591490090681646,,,-0.006728032852419297,-0.052298673248997174,,,0.22393468621996815,-0.014371856111045446,-0.14179864525794983,0.428842693567276,0.4573813132105568,0.9403566406216246,0.9403566406216246,-3.201748726112671,0.02407893454428904,0.03436559972233008,,,1.0522597454235025,,0.43742239475250244,-0.248163039978153,4.54364013671875
201803,2640.87,50.003029588573234,115.44,-0.025459,-0.027092,0.0387,0.0464,0.0285,0.0259,0.0124,0.017,0.0012,0.01893430179773076,0.018425262300355304,0.04371286735053221,0.43315167696269263,0.2595370472938969,0.0115,0.0076999999999999985,-0.0135,0.002261125904149175,,-0.01822229898275249,0.0032467401893443294,,,,,9.282913208007812,0.004454900528780267,8.6653,,-1.4933194321949377,,,-0.002533128924041783,0.05599869770470467,,,0.23851926254473457,0.010470309025964922,0.02993178926408291,0.47407978773117065,0.44911192746419576,0.9055630842429436,0.9055630842429436,-3.1581169692507123,0.023982984904050493,0.03671615876597795,,,1.0522597454235025,,0.4966859817504883,-0.33980518540377647,4.444096088409424
201804,2648.05,50.332116442041254,117.78666666666666,0.00377,0.002656,0.0385,0.0467,0.03,-0.0177,-0.02,0.0176,0.0014000000000000002,0.019007237945673702,0.01905891484323017,0.04448052969795384,0.42731590821293797,0.25889215603098104,0.012399999999999998,0.008199999999999999,-0.0023,0.003975091563348965,,-0.018606609651494934,0.0023626688640293776,,,,,6.082695960998535,0.003601577531952527,-1.9751,,-1.4453589194215226,,,0.007737911705095968,0.05688299676275621,,,0.03134883364055303,-0.003785798177411332,-0.05820433422923088,0.4639960527420044,0.4556153305754678,0.9078188100633025,0.9078188100633025,-3.1409995895885454,0.022679689330455662,0.023753020075047517,,,1.0522597454235025,,0.5221498608589172,-0.3311282776062052,4.528077125549316
201805,2705.27,50.66120329550927,120.13333333333333,0.0238,0.021317,0.04,0.0483,0.0289,0.016399999999999998,0.013999999999999999,0.018600000000000002,0.0014000000000000002,0.018726856578274727,0.01913151311172722,0.044407150980616844,0.4217081295408652,0.25621277007057713,0.010299999999999997,0.008300000000000002,-0.0023999999999999994,0.004158916925434797,,-0.018934446084461726,0.0009227116230162866,,,,,8.495306968688965,0.004168416797140924,9.4048,,-1.343318192011372,,,-0.0019913855601148,-0.023045507584597447,,,-0.010564483067845236,-0.006300840935986959,-0.008443279191851616,0.5031688809394836,0.43076648458071065,0.9173124702489527,0.9173124702489527,-3.1437193730203274,0.03206876873878005,0.019822724682833248,,,1.0522597454235025,,0.4110904633998871,-0.5333454349647095,4.717838764190674
201806,2718.37,50.990290148977294,122.48,0.00684,0.005507,0.039599999999999996,0.0483,0.0291,0.0007000000000000001,-0.0124,0.019,0.0014000000000000002,0.018757671012031952,0.018848503161968046,0.04505641248248031,0.41631523635677087,0.2577373955612797,0.010100000000000001,0.008700000000000006,-0.0131,0.001593875701543901,,-0.022101278105779776,0.0006228654700564111,,,,,9.386701583862305,0.003625760372528712,13.2745,,-1.4137172390970028,,,0.005068215213750449,0.10674828306957296,,,0.0822074302702097,-0.009532804981562082,0.013810031116008759,0.4913138151168823,0.5125847260414201,0.9118861797720305,0.9118861797720305,-3.1285245974637794,0.031442430975814395,0.022109891312476405,,,1.0522597454235025,,0.30617907643318176,-0.536920749379077,4.563478946685791
201807,2816.29,51.43985860759861,125.11666666666667,0.037144,0.03597,0.0387,0.0479,0.0302,-0.0131,0.0101,0.0196,0.0016,0.018265114248745197,0.018923052640957123,0.04442605934284703,0.41113514272757645,0.2461382346541576,0.010600000000000002,0.0092,0.0232,6.746326228523891e-05,,-0.017095921739531627,0.0006544289286734632,,,,,4.896421432495117,0.003983707304854505,8.1409,,-1.3638198024384296,,,0.006005472908876541,-0.05733171455551056,,,0.08532242646950765,-0.038035592971182225,-0.03155289217829704,0.47083422541618347,0.5151188336024044,0.9548584329167654,0.9548584329167654,-3.142419329978823,0.03098957790269641,0.014577491991908555,,,1.0522597454235025,,0.1940861940383911,-0.45985086288809124,4.318017959594727
201808,2901.52,51.88942706621994,127.75333333333333,0.032938,0.030647,0.0388,0.04769999999999999,0.0293,0.0152,0.0058,0.0203,0.0016,0.01788353244720696,0.018424745699562168,0.0440297958771035,0.40616887021515374,0.24092791708165123,0.009000000000000001,0.008899999999999991,-0.0094,0.0005555423283571947,,-0.021451234147351488,0.00047127355753565585,,,,,5.797894477844238,0.0031837525955628796,8.503,,-1.3542674048095567,,,0.011776298472496727,-0.0005724098454492621,,,0.14489655422940856,-0.007017658058289527,0.015259543433785439,0.4950558841228485,0.5250109023540499,0.9755082427542698,0.9755082427542698,-3.151378965620681,0.02521967446778125,0.01387495803117207,,,1.0522597454235025,,0.16395054757595062,-0.5010477827109031,5.5509490966796875
201809,2913.98,52.33899552484125,130.39,0.005138,0.003758,0.0398,0.048799999999999996,0.0334,-0.0518,-0.012,0.0213,0.0015,0.017961343428864046,0.018038474842441636,0.04474636064763656,0.40140344754077195,0.23643422425695365,0.0121,0.008999999999999994,0.0398,0.0011620251758901468,,-0.020834447976861042,0.00023007407748498282,,,,,4.46824836730957,0.0033561098377428585,7.9528,,-1.3973772293911217,,,0.011758849633318746,0.047537227949598915,,,0.27715684946227487,-0.0015555110934150564,-0.02256755903363228,0.49262794852256775,0.5381288357117033,0.9893361003608354,0.9893361003608354,-3.136303966119779,0.025523063887213468,0.014212179999937659,,,1.0522597454235025,,0.13120287656784058,-0.4134625508123314,5.400509357452393
201810,2711.74,52.80872304476646,131.05666666666667,-0.068409,-0.069492,0.0414,0.0507,0.0352,-0.0204,-0.0323,0.0225,0.0019,0.019474109997553772,0.01812254135058115,0.04832936294285834,0.40294572102220255,0.2490726937986348,0.012700000000000003,0.009300000000000003,-0.0119,0.001766763455725906,,-0.021216895869018416,0.0045776017609032065,,,,,9.76662826538086,0.006164435773150479,-2.2509,,-2.017223899740798,,,0.009991374894629423,-0.10729907053034438,,,0.14555820622647783,-0.03845522393844166,0.02104957029223442,0.48533475399017334,0.5234332340031882,0.9361635193166641,0.9361635193166641,-3.060730028142837,0.029203067142891788,0.045072411138710286,,,0.23823076967430498,,0.32461458444595337,-0.43303881227234253,4.471733570098877
201811,2760.17,53.27845056469167,131.72333333333333,0.019752,0.017259,0.042199999999999994,0.052199999999999996,0.0317,0.050499999999999996,0.0070999999999999995,0.0233,0.0018,0.019302597508375086,0.01964732996699229,0.04772290595627564,0.4044723832630893,0.2449501653584437,0.008399999999999998,0.010000000000000002,-0.043399999999999994,-0.0033493485181009808,,-0.02459306924716925,0.0028376411626886253,,,,,12.529400825500488,0.004333824110539203,2.7329,,-2.017999304476983,,,0.010124264168836383,-0.22247741540346044,,,0.17491308366473823,-0.055161951180893475,-0.005534800235182047,0.45502761006355286,0.561745649210096,0.9519192169190921,0.9519192169190921,-3.073066960267041,0.02944450652681891,0.03474730721723206,,,0.487963203432947,,0.36484014987945557,-0.4447444458428888,3.616952896118164
201812,2506.85,53.74817808461687,132.39,-0.090646,-0.092188,0.04019999999999999,0.0513,0.0284,0.0481,0.037000000000000005,0.023700000000000002,0.0019,0.021440524197545472,0.01947277815664139,0.0528112970460937,0.4059836701005882,0.2681667871255593,0.004699999999999999,0.011100000000000006,-0.011099999999999992,-0.0031939628151310684,,-0.01922791014330778,0.0067931023904227415,,,,,15.472471237182617,0.006387667640637735,-4.0034,,-2.11344489875566,,,0.00971300019412169,-0.1108704214257582,,,0.22552363726418864,-0.02187074154786366,0.11176419258117676,0.4625544250011444,0.5950721540369319,0.8695065190270456,0.8695065190270456,-2.968937105202616,0.030502702323477165,0.0641286006488602,,,-1.1061422498108775,,0.4900859594345093,-0.552806399109615,3.752450704574585
201901,2704.100098,54.14442320688079,133.05666666666667,0.081409,0.080024,0.0393,0.0512,0.0271,0.008,0.0277,0.023700000000000002,0.0021,0.020023083926119064,0.021598589148485465,0.04920552562572581,0.40692754871518994,0.25022930380752567,0.0033999999999999968,0.0119,0.0197,0.0019065966652469513,,-0.019304704542889156,0.0030113956966286545,,,,,9.103384971618652,0.00423352466514061,-3.3645,,-2.004390118771169,,,0.0023954207694769636,0.1924695459579182,,,0.2297844991898936,-0.0460322100898399,0.052370671182870865,0.47319960594177246,0.5860190115060018,0.9318363867529881,0.9318363867529881,-3.03848864951376,0.029079025368081317,0.024992629465711447,,,-0.838641028879159,,0.49800288677215576,-0.4839540652429172,4.957255840301514
201902,2784.48999,54.5406683291447,133.72333333333336,0.031708,0.029398,0.0379,0.0495,0.0268,-0.0091,-0.0074,0.0239,0.0018,0.019587309893380044,0.02016961885748384,0.048024354123583454,0.40786201607157585,0.24138177187837628,0.0029,0.0116,0.0017000000000000001,0.004227053140096748,,-0.023159332499405022,0.0005324027182009451,,,,,8.737018585205078,0.0046136969175260625,10.5938,,-1.7299028035506652,,,-0.0037321146749036416,0.06259286775631501,,,0.2735932409536624,-0.0668690001289028,0.02136392705142498,0.4873991906642914,0.5842414146523696,0.965991623053042,0.965991623053042,-3.062494189186918,0.027537604723883932,0.019423144805611952,,,0.22611953406421795,,0.4924693703651428,-0.44077281705181953,5.096409797668457
201903,2834.399902,54.936913451408614,134.39000000000001,0.019531,0.018007,0.0377,0.0484,0.025699999999999997,0.0447,0.048499999999999995,0.024,0.0019,0.019382202706345074,0.019729614273602977,0.047413916400848084,0.4087872122286525,0.24426966880736453,0.0016999999999999967,0.010700000000000001,0.003799999999999998,0.005641358356806014,,-0.023231497737981485,0.0011070678624015972,,,,,4.6352739334106445,0.0038729602223086875,4.8783,,-1.7891846748626932,,,-0.004001371704704937,0.0520887956650935,,,0.21351954962702213,-0.02492536619587042,-0.03296813741326332,0.49475300312042236,0.6013446149960078,0.9664642567071673,0.9664642567071673,-3.0742148047482987,0.027739676478788368,0.0167204882796249,,,1.0522597454235025,,0.327767938375473,-0.4855219022065605,5.234196186065674
201904,2945.830078,55.317033881531785,134.68333333333334,0.040629,0.039469,0.0369,0.047,0.0253,-0.0126,-0.0089,0.023799999999999998,0.0021,0.01877808034300741,0.019516312374446232,0.04571999394641708,0.41071922198885125,0.23816836754028553,0.0015000000000000013,0.010099999999999998,0.0037,0.0052950016128905375,,-0.021699695498622065,0.0003744381609733841,,,,,5.974257469177246,0.0044102246205962635,9.9063,,-1.7535339458764458,,,-0.010507976936237284,0.06047516198704095,,,0.11455426640700964,-0.049713703903311944,2.0683679395006038e-05,0.4721126854419708,0.6006823096479933,0.9912227308459435,0.9912227308459435,-3.1102048251550203,0.025958340920048964,0.01587995387790049,,,1.0522597454235025,,0.19537131488323212,-0.4911659227699499,3.9917173385620117
201905,2752.060059,55.697154311654955,134.9766666666667,-0.063187,-0.065503,0.036699999999999997,0.0463,0.024,0.053,0.037599999999999995,0.0235,0.0021,0.020238349860683385,0.018907117123832612,0.04904568351452053,0.41264283440339034,0.2552319173836636,0.0005000000000000004,0.009600000000000004,-0.015400000000000004,0.0021287585893843275,,-0.02035831292870687,0.0018316354678563024,,,,,15.318519592285156,0.004482493708387946,6.7321,,-1.8183539721504678,,,-0.009991597248308004,-0.1619927933573554,,,0.22795211492164977,-0.08637030290320342,-0.046556055545806885,0.4784158766269684,0.6006753035266897,0.9249544978286063,0.9249544978286063,-3.0387196252031625,0.025989107516279746,0.03136582638728687,,,0.23823076967430498,,0.2893081307411194,-0.6460934328285853,3.666565179824829
201906,2941.76001,56.077274741778126,135.27,0.069561,0.068056,0.0342,0.0446,0.0207,0.0104,0.0337,0.0217,0.0018,0.01906249134910843,0.02037647200263304,0.0459826768805658,0.41455810410126503,0.23810523687469035,-0.0010000000000000009,0.0104,0.0233,0.00019914718148150712,,-0.012538343192287265,0.0010648134369389752,,,,,9.486639976501465,0.0036952420579882115,9.1481,,-1.8943950431831824,,,-0.010180134524176765,0.08805384183959619,,,0.09727635895630501,-0.08607529639240043,-0.00010574448970146477,0.4743770658969879,0.506449106218654,0.9914855121757213,0.9914855121757213,-3.099979209400928,0.024872279973309368,0.02233292108255646,,,1.0522597454235025,,0.2684614360332489,-0.6067633976805008,3.7269906997680664
201907,2980.379883,56.45801879251466,134.48000000000002,0.014603,0.013367,0.0329,0.042800000000000005,0.0206,0.0024,0.0084,0.021,0.0019,0.01894322905430598,0.01919191864754279,0.04512176476799821,0.41982464896278,0.23576259881890177,-0.00040000000000000105,0.009900000000000006,0.006,0.0016709416224534035,,-0.012604290902086836,0.0005935376264398914,,,,,10.002487182617188,0.0045105034511364606,14.8658,,-1.7049601249575121,,,-0.015669638187996604,0.005670103092783485,,,0.10612329504146958,-0.04916945395386629,-0.027606476098299026,0.4697207510471344,0.4884139616878313,0.9819113598516914,0.9819113598516914,-3.1187812494390337,0.026012137557598007,0.02256777019410708,,,1.0522597454235025,,0.2892788350582123,-0.5568606037072605,3.5758414268493652
201908,2926.459961,56.83876284325119,133.69,-0.016085,-0.018377,0.0298,0.0387,0.0163,0.0797,0.0738,0.0195,0.0016,0.019422361351504304,0.019070979229009643,0.04568318097006077,0.4251534358833958,0.23987891537092654,-0.0032000000000000015,0.008899999999999998,-0.005899999999999989,-5.066823608290694e-05,,-0.010142435804937046,0.0043178809257313315,,,,,15.323646545410156,0.00440164716414067,-2.3684,,-1.8560210342482646,,,-0.00946890371557707,-0.05911498376900737,,,0.10741831362751365,-0.042241576395918114,-0.04504159465432167,0.47331860661506653,0.4976020313002091,0.9650617928328209,0.9650617928328209,-3.1021936612733962,0.029002472733603703,0.03111050270237655,,,1.0522597454235025,,0.40494588017463684,-0.535885178202002,3.089077949523926
201909,2976.73999,57.21950689398771,132.9,0.018791,0.017272,0.030299999999999997,0.0391,0.017,-0.0192,-0.019,0.0189,0.0018,0.019222205192999647,0.01955246531869011,0.04464615668364102,0.43054557482308287,0.2353022247287822,-0.001899999999999999,0.008800000000000006,0.0001999999999999988,0.0007834485769300237,,-0.010838111718759825,0.0006054245640852823,,,,,10.143729209899902,0.003873286716376582,13.0961,,-1.7200469283089765,,,-0.013479426369468861,-0.01779553295805336,,,0.008439315050742144,-0.050290106070630246,-0.003978309687227011,0.44179826974868774,0.46229853661664144,0.9838324714647673,0.9838324714647673,-3.125844168945046,0.03365984872432274,0.024792154488847605,,,1.0522597454235025,,0.3960922360420227,-0.557584254969253,3.1204426288604736
201910,3037.560059,57.55987878123912,135.09,0.021621,0.020441,0.0301,0.0392,0.0171,-0.0052,0.0006,0.0165,0.0015,0.018949379654467968,0.019336549035053316,0.04447319472737379,0.4260854155099498,0.2341764412330757,0.0005999999999999998,0.0091,0.0058,0.002286190552229783,,-0.013157412431048692,0.0015103082008340026,,,,,5.158325672149658,0.003975468538978305,2.4415,,-1.643123395010903,,,-0.022574960532288024,-0.0012941393973008308,,,0.010468468827531182,-0.04482954911133009,-0.03554029017686844,0.4851851463317871,0.4938405407282335,0.9885621488379029,0.9885621488379029,-3.129824077631441,0.03396982811221601,0.01656682693954154,,,1.0522597454235025,,0.42997869849205017,-0.48459326215894505,3.077505350112915
201911,3140.97998,57.90025066849052,137.28,0.036206,0.033979,0.030600000000000002,0.0394,0.0181,-0.0059,0.0014000000000000002,0.0154,0.0012,0.01843381716444131,0.019061434027267253,0.04370610474250778,0.4217675602308459,0.22578508405736206,0.002700000000000001,0.008799999999999995,0.0073,-0.0005362430346691482,,-0.007796236286844715,0.00030636312854375223,,,,,6.033071517944336,0.00293264875584602,9.7633,,-1.5700255733995259,,,-0.01818145828364326,0.0394298407997038,,,0.03080297368308419,-0.07150830965926479,0.03517180681228638,0.5163319110870361,0.5100900888908637,0.9960023434171282,0.9960023434171282,-3.1482056351433787,0.03179927918257139,0.016186958308404047,,,1.0522597454235025,,0.23184619843959808,-0.6270110656850777,3.325439214706421
201912,3230.780029,58.24062255574193,139.47,0.029787,0.028136,0.0301,0.0388,0.018600000000000002,-0.0253,-0.0089,0.0154,0.0014000000000000002,0.018026799111349197,0.018542182034455987,0.043169141429653175,0.41758530548320016,0.22193189681695102,0.0032000000000000015,0.008700000000000003,0.016399999999999998,-0.0009097695250538385,,-0.007199151120591523,0.0005023728230815073,,,,,7.751521110534668,0.0037751670864835073,9.6763,,-1.5056459479030138,,,-0.02111749541270136,0.09848619768477285,,,-0.17946989319472045,-0.049641423522450934,0.01035500131547451,0.5030995607376099,0.5285323747355245,0.9962709362735754,0.9962709362735754,-3.1610584932056702,0.033185487609833454,0.01785275216564174,,,1.0522597454235025,,0.2505953013896942,-0.6436382361259944,3.119565010070801
202001,3225.52,58.68728289928799,131.75666666666666,0.000108,-0.001129,0.0294,0.0377,0.0176,0.0632,0.0519,0.0152,0.0013,0.018194673385775934,0.01816505066036732,0.04084819398629265,0.4454217337462089,0.22415003656131013,0.002400000000000001,0.008299999999999998,-0.011300000000000004,0.003879769937814803,,-0.00769369094212705,0.0011190222873229286,,,,,15.04284954071045,0.003907824789934183,19.774,,-1.6503172869072664,,,-0.028298077195369586,-0.15586116568434838,,,0.026493146680795512,0.005196310348677142,-0.07430298626422882,0.49251502752304077,0.5213355951596527,0.9627890732279092,0.9627890732279092,-3.2153395831190434,0.037107758396706055,0.03177759680812,,,1.0522597454235025,,0.212877556681633,-0.7395728405635446,2.9778149127960205
202002,2954.22,59.13394324283405,124.04333333333332,-0.081872,-0.08408,0.0278,0.0361,0.015,0.0588,0.027999999999999997,0.0152,0.0012,0.020016770329506283,0.0183331503890331,0.041988522633159796,0.47672004334104257,0.24926208908011874,-0.00020000000000000052,0.008300000000000002,-0.0308,0.002740618131495287,,-0.005560160933259963,0.0047766393771941015,,,,,34.83610153198242,0.0071849830187384455,81.5613,,-1.8290058732932784,,,-0.025543009510010428,-0.13188518231186974,,,0.15277902211292568,0.021536233719095948,-0.20884793996810913,0.4711848795413971,0.5317528357208889,0.8598355002906798,0.8598355002906798,-3.1852475811767964,0.04005178971089557,0.1709544774527522,,,0.5057319906060236,,0.4228290021419525,-0.762528707381049,3.2925498485565186
202003,2584.59,59.58060358638012,116.33,-0.121997,-0.123686,0.0302,0.0429,0.0087,0.0625,-0.0351,0.0029,0.0012,0.02305224565071447,0.020167964331153445,0.04500907300577654,0.5121688608818028,0.30250451941808587,0.0058,0.0127,-0.09759999999999999,-0.002176451031784654,,-0.007700292266734335,0.07315314404330317,,,,,104.55075073242188,0.01796167913593231,-403.4021,,-2.812418031194511,,,-0.06604606004971458,-0.5424486148346738,,,0.21809866605314887,-0.0788463045603491,0.03342221677303314,0.40248510241508484,0.5153819047961543,0.7416618220038158,0.7416618220038158,-3.1095535602629347,0.05217278437112633,0.2324347085628686,,,-2.420884158465622,,0.7014957070350647,-0.6893615033343726,3.3883626461029053
202004,2912.43,59.61487292509794,110.63,0.12889,0.127653,0.024300000000000002,0.041299999999999996,0.0066,0.008199999999999999,0.0347,0.0014000000000000002,0.0,0.020469117858660273,0.023065504751275032,0.037985462311540534,0.5388671510901016,0.27232877072438194,0.0052,0.016999999999999994,0.026500000000000003,-0.006686941866997254,,-0.010538055895600537,0.014307538537136935,,,,,61.057369232177734,0.011242226466463959,-18.995,,-2.2558191315292317,,,-0.20806225397187816,-0.080078125,,,0.5444560278314869,-0.07447290630964164,0.0680263340473175,0.39357584714889526,0.5706948476078613,0.8238426444482195,0.8238426444482195,-3.277130078563666,0.06302945254261788,0.09850221059767,,,-2.685335776515435,,0.6910759210586548,-0.5748225052356706,3.9443788528442383
202005,3044.31,59.64914226381576,104.93,0.047818,0.045587,0.025,0.0395,0.0067,-0.0097,0.0084,0.0013,0.0001,0.019593649222259153,0.020480884438017658,0.03446758050264264,0.56846604654356,0.2611988838247165,0.0054,0.014499999999999999,0.018099999999999998,1.9501616683959e-05,,-0.01496691802327173,0.004072032328437233,,,,,33.73447036743164,0.006637913596195448,17.2148,,-2.204036405902558,,,-0.19224914491815337,0.8837579617834399,,,0.11674139462011728,-0.004220625614229425,0.025243647396564484,0.3929295837879181,0.5953184723121884,0.8589472181032249,0.8589472181032249,-3.3744137470643145,0.06439263974913653,0.0644415890408828,,,-0.8573885452003812,,0.6730919480323792,-0.8036988694266554,5.1021504402160645
202006,3100.29,59.683411602533575,99.23,0.020348,0.018885,0.024399999999999998,0.0364,0.0073,0.0023,0.0146,0.0016,0.0001,0.019250912528354952,0.01960490607150178,0.032006683245760885,0.6014653996022732,0.2568500686478998,0.0057,0.012000000000000004,0.0123,0.005472046927775365,,-0.01684502389401335,0.007208550817959626,,,,,46.843746185302734,0.00879560029347709,13.9342,,-2.3520569771691484,,,-0.1293625493690902,0.10650887573964507,,,0.03900433122825291,-0.05690660034993665,-0.10397066920995712,0.45274072885513306,0.5898624875802018,0.8734903432728445,0.8734903432728445,-3.449084030525304,0.05152741626850531,0.07495010189508973,,,0.7779541577223658,,0.5004438757896423,-0.9797732400690646,5.397099018096924
202007,3271.12,59.40601997305916,98.89333333333335,0.05691,0.055682,0.021400000000000002,0.0331,0.0062,0.0287,0.061,0.0013,0.0001,0.018160758386442308,0.019161439727592953,0.03023225480365543,0.6007080353214826,0.25086876502176453,0.0049,0.011699999999999995,0.032299999999999995,0.005058243501669724,,-0.011998150877905407,0.0016079458489850506,,,,,30.381235122680664,0.0057514405108222404,25.2,,-2.0061552581817157,,,-0.09315742367907998,0.021645021645021467,,,0.06489487132474324,-0.025094766352577746,0.06884194165468216,0.44232621788978577,0.5647720216234061,0.8943164152517883,0.8943164152517883,-3.5050267437690383,0.041188743297118025,0.04741094593162132,,,1.0522597454235025,,0.3674479126930237,-0.9870772723318861,5.718523025512695
202008,3500.31,59.12862834358475,98.55666666666667,0.072068,0.070308,0.0225,0.0327,0.006500000000000001,-0.0349,-0.048799999999999996,0.001,0.0001,0.01689239762866282,0.018075958186671463,0.028156553752858082,0.5999454967725987,0.2332053584147759,0.0055000000000000005,0.0102,-0.013899999999999996,0.0031532105240814623,,-0.008503881910410604,0.0007433921261204795,,,,,29.529876708984375,0.006181021837766311,49.0974,,-1.9019923620014385,,,-0.08400354042664837,0.06206380857427729,,,0.05240475335727977,-0.016992227597495812,0.07968759536743164,0.464370995759964,0.6146583634003716,0.9620536001315673,0.9620536001315673,-3.5764541022146004,0.040673734693657135,0.0536536603830837,,,1.0522597454235025,,0.32371604442596436,-1.120441160351321,5.636200904846191
202009,3363.0,58.85123671411033,98.22,-0.038151,-0.039366,0.0231,0.0336,0.0068000000000000005,0.008,0.0040999999999999995,0.0011,0.0001,0.01749962435745178,0.016813149896469263,0.02920606601248885,0.5991777307484253,0.23864774293869706,0.0057,0.010499999999999999,-0.0039000000000000007,0.0013927469432666317,,-0.005698076898353103,0.0049074417277619525,,,,,30.648601531982422,0.008934703237465553,10.045,,-1.998844814945459,,,-0.08445265724112883,-0.05961042008918094,,,-0.0019233419173004217,-0.009435519222524247,-0.028350789099931717,0.41952547430992126,0.6337732283127349,0.9401138760844657,0.9401138760844657,-3.540155835408195,0.03944951751647948,0.06524927599941151,,,1.0522597454235025,,0.29368749260902405,-1.1476036003186356,5.615524768829346
202010,3269.96,58.660439854743615,96.85666666666667,-0.026409,-0.027507,0.0235,0.0344,0.0079,-0.023799999999999998,-0.019,0.001,0.0001,0.017939191872299236,0.017442890233346303,0.029620138064889685,0.6056417371519112,0.2501750837685272,0.006900000000000001,0.0109,0.004799999999999999,0.0004149377593360981,,-0.00189510776403021,0.0036611052326493213,,,,,78.3249740600586,0.009327284697208966,88.3604,,-1.9777758563627144,,,-0.07700549071869833,-0.11130521587222364,,,0.1263575429529952,0.0004951762738227356,-0.05285847559571266,0.43037375807762146,0.6327854259017205,0.8967961607259481,0.8967961607259481,-3.5271697673271256,0.03903509447432654,0.13019938547358603,,,1.0522597454235025,,0.37546929717063904,-1.1599413851109714,5.480925559997559
202011,3621.63,58.46964299537689,95.49333333333334,0.109404,0.107624,0.023,0.033,0.0087,0.009300000000000001,0.0509,0.0009,0.0001,0.016144565567265814,0.01788084349514272,0.026367501189611675,0.6122903134115144,0.22369582409989122,0.0078,0.010000000000000002,0.0416,-0.0006106272178441063,,-0.005261816430697794,0.0024924032781025404,,,,,19.449567794799805,0.004048855197588576,-1.8777,,-1.9464366616839235,,,-0.07404074281060247,0.27323785453524296,,,0.13091089401596157,0.00242370108681672,0.07470233738422394,0.4124835431575775,0.6475073011425847,0.9864342426872713,0.9864342426872713,-3.6442854157755686,0.04377954019509896,0.04359694934555773,,,1.0522597454235025,,0.35905721783638,-1.1793085139911212,5.985570907592773
202012,3756.07,58.27884613601017,94.13,0.041572,0.040137,0.0226,0.0316,0.009300000000000001,-0.0115,0.0,0.0009,0.0001,0.015515910549060633,0.016091882974243688,0.025060768303040142,0.6191314791884647,0.21662210094071582,0.008400000000000001,0.009000000000000005,0.0115,0.0009414784670425114,,-9.78815302328833e-05,0.0006781769353585514,,,,,29.98763084411621,0.005313658058693758,31.6237,,-1.9862879613791917,,,-0.061490327150489854,0.06484340538156141,,,0.22994903734191646,-0.001305936409628858,0.05455951392650604,0.45727577805519104,0.6092514289135235,1.0,1.0,-3.6957086927057476,0.04527231705657918,0.04218892052951727,,,1.0522597454235025,,0.2638835608959198,-1.3353667200149748,6.401161193847656
202101,3714.24,58.06369311230766,105.48666666666665,-0.010052,-0.01109,0.0245,0.032400000000000005,0.0108,-0.0304,-0.0331,0.0008,0.0,0.015632725163777155,0.01545862912893201,0.028400605956175867,0.5504363247706598,0.22112944098947993,0.01,0.007900000000000004,-0.0026999999999999975,0.00425378348702754,,0.002697338402827515,0.0020775884440576383,,,,,54.641746520996094,0.008466323582759741,72.1645,,-2.214942826904182,,,-0.05678433160284513,0.08077879038939506,,,0.19326056530858626,0.007425364170617717,0.010133098810911179,0.464985728263855,0.5755813391004154,0.9613394475763088,0.9613394475763088,-3.5720868940894324,0.07591230686316133,0.08322645243185205,,,1.0522597454235025,,0.19805152714252472,-1.2610075995401242,5.467713832855225
202102,3811.15,57.84854008860515,116.84333333333332,0.026104,0.024631,0.027000000000000003,0.0342,0.0126,-0.0581,-0.04019999999999999,0.0004,0.0,0.015178762339085354,0.015574798636761531,0.030658287743419523,0.4950949141751504,0.21433986467897545,0.0122,0.007199999999999998,0.017900000000000006,0.005474382793923205,,0.007013702423965107,0.0015012680519751894,,,,,33.502933502197266,0.005596987169632712,48.1072,,-2.295436645480831,,,-0.09093952918925474,0.21751628976619375,,,0.390682014888326,0.04358074880398679,-0.07688220590353012,0.4605408012866974,0.5187276487812174,0.967790047262581,0.967790047262581,-3.4973735342458956,0.0789156562232962,0.062674501429072,,,1.0522597454235025,,0.2130996286869049,-1.685307725159998,4.278651714324951
202103,3972.89,57.63338706490264,128.2,0.043314,0.04197,0.0304,0.0374,0.0161,-0.0322,-0.033,0.0003,0.0,0.014506665692959695,0.015122308768981185,0.03226870112185336,0.44955840144229836,0.19383746367287163,0.015799999999999998,0.007000000000000003,-0.0008000000000000021,0.007083273133749568,,0.01571834503892009,0.0024731909837771037,,,,,16.25449562072754,0.004147399444682363,5.9168,,-2.2844872162459433,,,-0.0629244541118199,-0.06878640012592485,,,0.6425806320768411,0.03775593669575214,0.0028357815463095903,0.4329376816749573,0.5094902164003775,0.9942775954083295,0.9942775954083295,-3.449629293567955,0.08281283744468135,0.029201191516411165,,,1.0522597454235025,,0.2518860995769501,-1.7643931637454913,5.373485565185547
202104,4181.17,57.710605421407145,138.38666666666666,0.053904,0.052991,0.028999999999999998,0.036000000000000004,0.016399999999999998,0.023799999999999998,0.0222,0.0002,0.0,0.013802501553729493,0.01452610201173633,0.03309759389516969,0.4170243189715325,0.18872585413662352,0.0162,0.007000000000000006,-0.0015999999999999973,0.008218909154060094,,0.020054240078095194,0.0010592840947490116,,,,,17.38094139099121,0.0033869897176477684,21.7043,,-1.5918855663120648,,,-0.06171339795754349,0.07471264367816088,,,-0.44777900056694203,0.024533191698544513,-0.0017642908496782184,0.4150785803794861,0.47943589557444155,0.9904732860496592,0.9904732860496592,-3.424561663694014,0.05052965765263894,0.029798369283518273,,,1.0522597454235025,,0.23739315569400787,-1.61082791008107,4.954825401306152
202105,4204.11,57.78782377791165,148.57333333333332,0.006208,0.004737,0.0296,0.0362,0.016200000000000003,0.0001,0.0045000000000000005,0.0002,0.0,0.01374555465435292,0.01382096967545248,0.03534002044031515,0.38895151963953817,0.18514804029603718,0.016000000000000004,0.006600000000000002,0.0044,0.008017105154762838,,0.017464300559857496,0.0014964817749421884,,,,,13.295705795288086,0.0027928880443982562,8.7749,,-1.4816398873736636,,,-0.05342153239222114,0.043095312991506596,,,0.1382728907336481,0.030474406114191818,-0.031699735671281815,0.44780784845352173,0.4721972612978026,0.9928600921968521,0.9928600921968521,-3.358809413877893,0.04297727298674783,0.023630666465837422,,,1.0522597454235025,,0.2668386697769165,-1.5419807743109306,5.151946544647217
202106,4297.5,57.86504213441615,158.76,0.023682,0.022564,0.0279,0.0344,0.0152,0.028399999999999998,0.044199999999999996,0.0004,0.0,0.013464814923657045,0.013763922003567023,0.036942408376963345,0.3644812429731428,0.18529260624806718,0.0148,0.006499999999999999,0.015799999999999998,0.00929066290235725,,0.017254590361798692,0.0006073773433205558,,,,,12.243721008300781,0.003155007747008433,14.6339,,-1.375353687098612,,,-0.05029242569039649,0.1100723763570568,,,0.4427319437062843,0.037591278367438405,9.222077642334625e-05,0.43242794275283813,0.5578910015320458,0.9920854592130143,0.9920854592130143,-3.313480746760181,0.041850713715852465,0.018815707272099563,,,1.0522597454235025,,0.24531571567058563,-1.5702170322787619,4.903622150421143
202107,4395.26,58.32818900579217,164.29666666666665,0.024305,0.023309,0.025699999999999997,0.032400000000000005,0.0132,0.0305,0.0239,0.0005,0.0,0.013270702758378836,0.013572586156088928,0.037380420422606774,0.3550174826378635,0.1829962499431094,0.0127,0.006700000000000008,-0.006599999999999998,0.004810523526293853,,0.01607903131505865,0.0011239921666608816,,,,,16.371597290039062,0.003368866754097432,17.6766,,-1.3506638559283894,,,-0.04629663767246317,0.004210812279271892,,,0.5112678006486806,0.012677548352326146,-0.01618613302707672,0.47407886385917664,0.583556545400797,0.9940576440396753,0.9940576440396753,-3.2997218689026044,0.04259226695366329,0.02651594651774164,,,1.0522597454235025,,0.2566375434398651,-1.5899341947255885,4.213512420654297
202108,4522.68,58.791335877168194,169.83333333333334,0.0306,0.029205,0.0255,0.032400000000000005,0.0128,-0.0034999999999999996,-0.0045000000000000005,0.0005,0.0,0.012999225210974066,0.013376076927683047,0.037551481275114165,0.3461707706212062,0.18079547565901496,0.0123,0.006900000000000007,-0.0010000000000000009,0.00206591136361145,,0.01484566327526627,0.0006020918737704154,,,,,13.30028247833252,0.002816137235890923,17.4509,,-1.3723991455717484,,,-0.04890672976175292,-0.07195996212633571,,,0.35164965111403595,0.03888673812173353,0.02008388563990593,0.4514770209789276,0.6033128805563877,0.9925707500828062,0.9925707500828062,-3.2947612258855408,0.03627677882848988,0.021794379131326213,,,1.0522597454235025,,0.19903071224689484,-1.6027767182087587,4.652411937713623
202109,4307.54,59.25448274854421,175.37,-0.046077,-0.047152,0.0253,0.0323,0.0137,-0.025,-0.0194,0.0004,0.0,0.013755991296318599,0.013101630614711677,0.040712332328893056,0.3378826637882432,0.18889833092620478,0.013300000000000001,0.007000000000000003,0.005600000000000001,0.002715970859058281,,0.015597885153208299,0.0013934415025971727,,,,,26.2397403717041,0.005249182017062173,31.5603,,-1.3779179879780514,,,-0.06135760936377199,0.09575863576738097,,,0.4542728452210607,0.009785678832958031,-0.07392960786819458,0.450992226600647,0.610717833965262,0.9499941053293436,0.9499941053293436,-3.2148312302128295,0.03176101016411661,0.0476921338121516,,,1.0522597454235025,,0.24914881587028503,-1.6046886817102635,4.919233798980713
202110,4605.38,59.635360926493675,182.87,0.07051,0.069627,0.0268,0.0335,0.0158,0.0051,0.0159,0.0005,0.0,0.0129490641220689,0.013844412571094795,0.03970790683939219,0.3261079506014856,0.17847957931364877,0.015300000000000001,0.006700000000000001,0.0108,0.008308118552003085,,0.013368225947182934,0.001151121021032341,,,,,11.589757919311523,0.002882412365249345,10.7061,,-1.285429372220864,,,-0.048534963514537566,0.11159882947592425,,,0.49752568108868944,0.008827084177064942,0.010240603238344193,0.460642546415329,0.6231469160043546,1.0,1.0,-3.2419361109347142,0.02809823774792489,0.02383106590363058,,,1.0522597454235025,,0.24563340842723846,-1.5682733685597499,5.594354629516602
202111,4567.0,60.01623910444313,190.37,-0.007256,-0.008666,0.0262,0.032799999999999996,0.015600000000000001,0.021,0.009399999999999999,0.0005,0.0,0.013141282921927552,0.013031766999562062,0.04168381869936501,0.3152610133132486,0.18539357122723418,0.0151,0.006599999999999995,-0.011600000000000003,0.004913427504347645,,0.015639777244335018,0.0013266661711386178,,,,,39.54993438720703,0.006466350861421935,50.6486,,-1.4383576031837395,,,-0.04229690091161409,-0.20808902716285727,,,0.5296605333375786,0.01789601499300196,-0.05329916253685951,0.46790412068367004,0.6332102226168543,0.9465171213832152,0.9465171213832152,-3.1932269012048797,0.03188341587441286,0.06298588076091281,,,1.0522597454235025,,0.24712319672107697,-1.6622015903707217,4.653923034667969
202112,4766.18,60.397117282392585,197.87,0.043485,0.042285,0.0265,0.033,0.0147,-0.011000000000000001,-0.0129,0.0006,0.0001,0.012672017691818728,0.013224680815062971,0.04151542744923607,0.30523635357756396,0.1759317304331793,0.0141,0.006500000000000002,-0.001899999999999999,0.003072517161483601,,0.012970015216677597,0.002518415211274876,,,,,12.699518203735352,0.00358971097138137,2.8255,,-1.2776598391310574,,,-0.04571952719188754,0.13644605621033534,,,0.4493976640062555,0.03238327981706207,0.0070709967985749245,0.4366600513458252,0.6558562617498308,0.9958800864817343,0.9958800864817343,-3.1964348035551855,0.03339829809410083,0.024679399438379993,,,1.0522597454235025,,0.2510530650615692,-1.7268999973440098,4.601179599761963
202201,4515.55,60.9214029629533,197.88333333333333,-0.052243,-0.053087,0.029300000000000003,0.0358,0.0176,-0.018944378887577606,-0.0336618826928371,0.0015,0.0,0.013491469026575567,0.012782018925628764,0.043822642498329845,0.30786525543478466,0.18197328578674743,0.0161,0.006499999999999995,-0.014717503805259491,0.008414573783545265,,0.011640255208501224,0.0027800600323106177,,,,,,0.005404672710888769,7.5857,,-1.2772146215506017,,,-0.05008653304107824,0.17205158888445693,,,0.6144797259264986,0.03160574763433077,0.13334934413433075,0.3906746804714203,0.6208177346691476,0.9546791885248909,0.9546791885248909,-3.1450515567604564,0.04677296987849707,0.05502239281140952,,,0.8061903230793789,,0.27643483877182007,-1.6999118251040335,4.252363204956055
202202,4373.94,61.44568864351402,197.8966666666667,-0.029293,-0.0307,0.0325,0.0397,0.019299999999999998,-0.006588952902849776,-0.02000317184342848,0.0033,0.0,0.014048132494619045,0.013607575742382217,0.045244485902108104,0.31049380304627333,0.1886270159267805,0.015999999999999997,0.007199999999999998,-0.013414218940578704,0.009133979256476854,,0.008486820988286457,0.0036763275926886946,,,,,,0.005968941277464105,34.9365,,-1.241030075191815,,,-0.04441686050744931,0.08587634713556436,,,0.4888921508943531,0.015621168247750946,0.1170995756983757,0.42934277653694153,0.6335158763732631,0.9210033247598821,0.9210033247598821,-3.1147905919707326,0.044914619078692944,0.07513146246716468,,,-0.8196814701133794,,0.30968964099884033,-1.501356295612232,4.373775482177734
202203,4530.41,61.96997432407474,197.91000000000003,0.037925,0.036605,0.034300000000000004,0.0429,0.0213,-0.031135719064368628,-0.025215397755368074,0.0044,0.0,0.013678668006664903,0.014167998263367752,0.04368478791102793,0.3131219964836276,0.2069207444990895,0.0169,0.008599999999999997,0.0059203213090005535,0.013351379548562692,,-0.001122241231861877,0.004746810229091726,,,,,,0.005659841336911184,-2.2249,,-1.183753253613453,,,-0.03914113318944157,0.04763894692854165,,,0.5228759683287186,0.004502942460525771,-0.04589197412133217,0.44099897146224976,0.6148038140497079,0.9423554300108832,0.9423554300108832,-3.151831665806799,0.042361600033958204,0.03925834811189303,,,-0.3101227676838271,,0.33847859501838684,-1.3758829478075276,4.970919132232666
202204,4131.93,62.653184663885526,196.0266666666667,-0.087576,-0.088393,0.037599999999999995,0.0466,0.0275,-0.030979805724888565,-0.054680558672614565,0.0076,0.0,0.01516317669076812,0.013829473417170968,0.047441913746522006,0.31961562030957785,0.21759481775444314,0.0199,0.009000000000000008,-0.023700752947726,0.005582531025655202,,-0.005663067317285468,0.004926536656747887,,,,,,0.007754445461284069,66.6198,,-1.15155431622906,,,-0.03915490201449057,0.04397686477861984,,,0.9366577695931736,0.002381423164368463,-0.016097089275717735,0.45636606216430664,0.6255372188385432,0.8961283599164666,0.8961283599164666,-3.0753778521378674,0.03492315884295304,0.09875852990676554,,,-2.685335776515435,,0.38634225726127625,-1.707149854485205,4.50651216506958
202205,4132.15,63.33639500369632,194.14333333333337,0.000374,-0.001355,0.041299999999999996,0.0512,0.028999999999999998,0.0018273703353965942,0.00933704083126008,0.0098,0.0003,0.015327709546772582,0.015328525653555677,0.04698361224382788,0.32623523000375826,0.21750966653046425,0.0192,0.009900000000000006,0.007509670495863485,0.011023523999598828,,-0.0033718886642956558,0.007760030631818009,,,,,,0.005933068077862031,-10.7172,,-1.2888848074011379,,,-0.04070131433721169,0.0953290667685549,,,0.34262658227600534,-0.0031914291976212583,-0.05469999462366104,0.41908568143844604,0.5907413732963378,0.8964791784704474,0.8964791784704474,-3.086543870588721,0.04179932511998863,0.06396084822709297,,,-2.1773412738513422,,0.4428289234638214,-1.5292727545488385,3.8298232555389404
202206,3785.38,64.01960534350711,192.26000000000002,-0.081683,-0.083126,0.0424,0.0527,0.031400000000000004,-0.008797270053499173,-0.02800010310739931,0.0149,0.0006,0.016912332538214687,0.015493049706207934,0.050790145243013916,0.33298452794916833,0.23316229862588436,0.016500000000000004,0.010299999999999997,-0.019202833053900137,0.013736075758819855,,-0.004815420225512493,0.0072034264480070114,,,,,,0.009185429937417094,6.1808,,-1.2120009956446762,,,-0.04431172270211725,-0.06113194383884191,,,0.25915705230482916,0.01287563092891717,0.014190408401191235,0.44460681080818176,0.6338385940214056,0.8362968126055547,0.8362968126055547,-3.010970037130419,0.04520216860406521,0.07341811322519597,,,-2.685335776515435,,0.5045894980430603,-1.4702161114643075,3.2490415573120117
202207,4130.29,64.4525053435071,190.53333333333336,0.093766,0.092675,0.0406,0.0521,0.028999999999999998,0.015941288862669767,0.032373552206745204,0.0223,0.0008,0.015604837758004184,0.017026693579906667,0.046130739810844604,0.3382741708021716,0.21846983099168737,0.006699999999999998,0.011500000000000003,0.016432263344075437,-0.00011811913833770227,,-0.00611981462877307,0.003187742188769261,,,,,,0.005736536740380138,4.8837,,-0.9950842424920683,,,-0.042772597971608484,-0.05842467025822029,,,0.08111312713844265,0.00915376989638324,0.04359978437423706,0.42556232213974,0.638851495152915,0.8925391953456078,0.8925391953456078,-3.1048632008719004,0.04324853429581787,0.040163560180719454,,,-1.9131133457596061,,0.4950787127017975,-1.4245773607587378,3.0972321033477783
202208,3955.0,64.8854053435071,188.80666666666667,-0.040295,-0.042052,0.0407,0.051500000000000004,0.028999999999999998,-0.024808573149540436,-0.029325823935883344,0.0263,0.0019,0.016405917912391176,0.015709648800328088,0.04773872734934682,0.3436605628871179,0.22772364578966392,0.0026999999999999975,0.010800000000000004,-0.004517250786342908,-0.0003543992763505033,,-0.009731027896860277,0.0033489216113628327,,,,,,0.008917289818215664,31.5503,,-1.0825388174346062,,,-0.04450932461277013,-0.11167011936470361,,,0.2688829616612604,-0.004434706759649639,-0.031986478716135025,0.4727991819381714,0.620575508037842,0.8562698286532616,0.8562698286532616,-3.070599773231212,0.037421924880450756,0.059213022196896614,,,-2.685335776515435,,0.4797206521034241,-1.5616111275207853,3.7241899967193604
202209,3585.62,65.31830534350709,187.08,-0.091495,-0.092876,0.045899999999999996,0.056900000000000006,0.0352,-0.034535775544120795,-0.05255392839539663,0.0313,0.0019,0.018216739460262685,0.016515374296714815,0.05217507711358148,0.3491463830634332,0.24980130901070166,0.0039000000000000007,0.01100000000000001,-0.018018152851275837,0.0021507845130008807,,-0.011291114727565223,0.00493369205542126,,,,,,0.009715227168309557,37.4177,,-1.0792881135035517,,,-0.04305773362268539,-0.11227096057745689,,,0.20313415193545428,-0.009040903983652135,-0.08401523530483246,0.4510476291179657,0.6152778312447229,0.7805919349776423,0.7805919349776423,-2.9877449928049433,0.03265391741521384,0.09248794432786488,,,-2.685335776515435,,0.4512830972671509,-1.6445630248320124,3.753478765487671
202210,3871.98,65.85314634523822,182.30333333333334,0.080248,0.079197,0.051,0.0626,0.0398,-0.01393657660974812,-0.010341745457592477,0.037200000000000004,0.0023,0.017007615314448478,0.01836590222757521,0.04708271564763592,0.3612284270459758,0.21921855500344453,0.002599999999999998,0.011600000000000006,0.003594831152155642,0.004056494434112379,,-0.015251708561557284,0.006503955519433825,,,,,,0.007769954655656611,3.9464,,-1.224839901712457,,,-0.043918278316488646,0.08243682762071569,,,0.29710668802065976,0.003667833479355077,0.00837494246661663,0.4539467394351959,0.6127383383379101,0.8894907967874695,0.8894907967874695,-3.094877703665494,0.03407290870487271,0.06953626817093783,,,-2.685335776515435,,0.5073933005332947,-1.5801056260489954,3.2354190349578857
202211,4080.11,66.38798734696933,177.52666666666667,0.054165,0.052157,0.049,0.060700000000000004,0.038900000000000004,0.0267781294050653,0.05178338331275367,0.0415,0.0029,0.016271126843876594,0.01714574645193656,0.04351026483763101,0.37396064824234476,0.207450642198546,-0.002599999999999998,0.011700000000000002,0.025005253907688374,-0.00101002644188819,,-0.017010668308135614,0.00634274325609423,,,,,,0.008051168677930546,-6.999,,-1.2806058348493474,,,-0.04733529430279404,-0.07026464809892519,,,0.13911170907074427,-0.028762396170880965,0.135855033993721,0.44573819637298584,0.6059116713875846,0.9399483418999908,0.9399483418999908,-3.1729208565402893,0.03618640652674333,0.045583515973553,,,-1.3662071946783207,,0.508816659450531,-1.6988815120165188,2.8787682056427
202212,3839.5,66.92282834870045,172.75,-0.058784,-0.06017,0.0443,0.0559,0.0362,-0.00518231285713644,-0.004387377233939893,0.0425,0.0033,0.017430089425368004,0.01640221179054007,0.04499283760906368,0.38739698031085645,0.2164785917383795,-0.0063,0.0116,0.0007949356231965465,-0.0030700914645410693,,-0.021249309350296362,0.0027013952709264476,,,,,,0.007466301652291855,8.2077,,-1.296731113868177,,,-0.05964930818392222,-0.002734617775015491,,,0.07846130450886532,0.01872493525150651,0.016247287392616272,0.4852144122123718,0.597067694555145,0.9007490560372177,0.9007490560372177,-3.1368121415213697,0.03704109264976328,0.045049770708095044,,,-1.3328072330594294,,0.4927620589733124,-1.8492866833569201,2.8840479850769043
202301,4076.6,67.35236632507292,173.55666666666667,0.06381,0.062777,0.044000000000000004,0.055,0.0353,0.02505951864155853,0.04006805471329433,0.0454,0.0034999999999999996,0.01652170100698448,0.017541962840232562,0.04257387692358011,0.38807132920125753,0.21051638735388445,-0.010100000000000005,0.010999999999999996,0.0150085360717358,0.007995363834540026,,-0.020773372655122285,0.0022864570521444363,,,,,,0.006110715257076369,10.6664,,-1.4011800605398534,,,-0.0527379876137255,-0.01695126511280065,,,0.04622630754116182,-0.005382305974491475,-0.026583820581436157,0.48263803124427795,0.5974213155820065,0.9529742457376777,0.9262598964935808,-3.1912056713479857,0.03683272475260018,0.038227041705090996,,,-0.0039793878767224065,,0.4387758672237396,-1.6719568432483856,3.2005348205566406
202302,3970.15,67.78190430144541,174.36333333333334,-0.024265,-0.025993,0.045599999999999995,0.0559,0.0375,-0.02339929476692104,-0.031809480002461976,0.04650000000000001,0.0034000000000000002,0.017072882460724508,0.0166270677283632,0.04391857570452838,0.3887394385370323,0.21973040754270945,-0.009000000000000008,0.010300000000000004,-0.008410185235540935,0.005582110505732318,,-0.02201143052194823,0.0017403740995827622,,,,,,0.00794098291976267,13.0316,,-1.3998157205778834,,,-0.05184056826179795,-0.024343856979840428,,,0.08687791902884723,-0.01862886167624033,0.04443711042404175,0.50254225730896,0.5924860966370442,0.9252712698605634,0.8874187662110916,-3.1622318847434374,0.03156403584895465,0.03702999283622214,,,-0.7713716395589844,,0.3449155390262604,-1.726091704038538,3.1928510665893555
202303,4109.31,68.21144227781788,175.17000000000002,0.037479,0.035871,0.046,0.0571,0.0366,0.02894455754676506,0.02784273970952822,0.046900000000000004,0.0036,0.01659924470965147,0.017181074336692033,0.04262759441366069,0.3894013945185698,0.220223506836388,-0.010300000000000004,0.011099999999999999,-0.0011018178372368403,0.0033107299561230263,,-0.02233109715227127,0.0028894580250684978,,,,,,0.006720018737647689,-1.4455,,-1.5253434515793496,,,-0.04853967758382716,-0.016634178037686853,,,-0.12285086050842288,0.005171158464395514,0.023322951048612595,0.47119140625,0.6069266495143907,0.946342502543316,0.9041974583997402,-3.1911996059945507,0.03897731554550472,0.03169122436241639,,,0.8169939598726187,,0.32237082719802856,-1.6587253003532314,3.230062961578369
202304,4169.48,68.37927354875264,177.11666666666667,0.015015,0.014065,0.0447,0.0553,0.0346,0.0053590045028057975,0.007655876177921073,0.0492,0.0034999999999999996,0.016399952403837563,0.01664008642539809,0.04247931796451037,0.3860691082078816,0.21490162519033282,-0.014600000000000002,0.010600000000000005,0.002296871675115275,0.005059038683258521,,-0.02138873960454537,0.0010289101478898343,,,,,,0.006193301457177189,13.1457,,-1.3786114626428274,,,-0.04669378430481963,0.0142724990088543,,,-0.49196210704586263,0.014517207017127167,0.1259135752916336,0.49063828587532043,0.6361088454634626,0.9857874163372583,0.9265892474520818,-3.192752836214,0.03503428507459269,0.023384465277926755,,,1.0522597454235025,,0.28653067350387573,-1.6640677084253905,3.0444302558898926
202305,4179.83,68.54710481968739,179.06333333333333,0.005307,0.003474,0.0467,0.057699999999999994,0.035699999999999996,-0.011609589494446682,-0.014484748051310392,0.051399999999999994,0.0036,0.016399495869374447,0.01644020473049095,0.04283986031329823,0.3828092750406042,0.22267199096154253,-0.0157,0.010999999999999996,-0.0028751585568637106,0.0025184350102023245,,-0.020660379261502403,0.0013693868932990489,,,,,,0.007690856060193154,14.946,,-1.5043407220861917,,,-0.05035184925103131,-0.11283387622149832,,,-0.46933018700515305,-0.001924231418668485,0.06478708237409592,0.47504064440727234,0.6540954749969867,0.9513873610607991,0.894254972533706,-3.1853638206812396,0.04195932615330763,0.02829844876503884,,,1.0522597454235025,,0.27297505736351013,-1.6808570099841271,2.4323015213012695
202306,4450.38,68.71493609062215,181.01,0.066951,0.065652,0.04650000000000001,0.0575,0.0375,-0.007509196757027103,0.00411691244677681,0.0516,0.004,0.015440240179630086,0.016439648524131878,0.040672931300248516,0.3796195574312035,0.2129689370952929,-0.014100000000000001,0.010999999999999996,0.011626109203803914,0.003228914236486524,,-0.015673307070584137,0.0011138590193410177,,,,,,0.005462598145304601,6.6005,,-1.5974847546330895,,,-0.05884487054782639,0.037450433250110216,,,-0.4961870911392795,0.042588936867829,0.027621859684586525,0.45982053875923157,0.5557137385743196,0.9947334139544727,0.9349980230790238,-3.2390064595371713,0.034594423270041155,0.014853188049777656,,,1.0522597454235025,,0.21058575809001923,-1.6956616433117409,2.658726692199707
202307,4588.96,68.91433609062216,182.09,0.0317,0.030745,0.0466,0.0574,0.039,-0.003540101659844308,0.0034471614779705284,0.0525,0.0045000000000000005,0.015017419217125919,0.015485045342335297,0.03968001464384087,0.37846304624428667,0.2060699339951906,-0.013499999999999998,0.010799999999999997,0.006987263137814836,0.0019075150192227053,,-0.016677387056597062,0.0005372473147919291,,,,,,0.005570697786460496,7.6799,,-1.5724925583011076,,,-0.051455261423849485,0.15798414496036228,,,-0.4915669618734303,0.004175399943820902,0.035136040300130844,0.4656705856323242,0.5469344216653116,1.0,0.966300766447507,-3.2651663396342143,0.03650840088977403,0.016216022248291447,,,1.0522597454235025,,0.18159042298793793,-1.7561302159998695,2.6326990127563477
202308,4507.66,69.11373609062215,183.17,-0.015424,-0.017192,0.0495,0.0602,0.0417,-0.005182306126226166,-0.007768506319230872,0.053,0.0045000000000000005,0.01533250868313541,0.015060871328279643,0.040635274177733015,0.3773201730120771,0.21104109768155033,-0.011299999999999998,0.010699999999999994,-0.0025862001930047063,0.004367155068353501,,-0.016513947933139327,0.00133653808012953,,,,,,0.007085561579958877,2.8534,,-1.5139007554649715,,,-0.05256076597947423,-0.002078239608801935,,,-0.5870025439236322,-0.013197304739193012,0.022577840834856033,0.5239450335502625,0.5447873862771291,0.97449473319061,0.9435391369211392,-3.2439727614785276,0.03418225905184083,0.016423166580581836,,,1.0522597454235025,,0.1918424814939499,-1.3738504829790512,2.5033183097839355
202309,4288.05,69.31313609062215,184.25,-0.047566,-0.048621,0.0513,0.0616,0.0438,-0.02209415768576295,-0.026694469307261826,0.053200000000000004,0.0043,0.01616425556852699,0.015376744495064435,0.04296824897097748,0.3761906979138244,0.21868984555696486,-0.009400000000000006,0.010300000000000004,-0.004600311621498876,0.002485131552376618,,-0.017989478783492996,0.001022968318518817,,,,,,0.006384595505336034,15.3599,,-1.5895863835111605,,,-0.05119294886764347,0.11221364694352576,,,-0.6093551116807567,0.021947238789424915,-0.028305046260356903,0.5023717284202576,0.5534240021037627,0.9404114656245685,0.9105385513177435,-3.1901617322881473,0.033309883621071394,0.028167052046950216,,,1.0522597454235025,,0.19506020843982697,-1.9012065819016872,2.5109341144561768
202310,4193.8,69.64332137499402,186.97666666666666,-0.02104,-0.022005,0.056100000000000004,0.0663,0.048,-0.012083190259203902,-0.01872568339144065,0.053399999999999996,0.004699999999999999,0.016606257183221427,0.016241256835856394,0.04458406854563085,0.3724706543151232,0.22169784348530094,-0.005399999999999995,0.010199999999999994,-0.006642493132236749,-0.00038337952298483913,,-0.014710631541643766,0.0016780918411319144,,,,,,0.006575583053897822,10.4262,,-1.5772367674121417,,,-0.05710364667260048,-0.10100231303006946,,,-0.9332838229109385,-0.010736766220193166,-0.0240850280970335,0.48237329721450806,0.5298777471574927,0.9276519561232063,0.8981843577316633,-3.15726227716583,0.030600427118424298,0.03148078411590081,,,-0.555453542021643,,0.23910190165042877,-1.9330200348960231,2.5259809494018555
202311,4567.8,69.97350665936588,189.70333333333332,0.090804,0.088667,0.0528,0.0629,0.045,0.03472959389766195,0.05978249675598857,0.0527,0.0044,0.015318863929980707,0.016684988950204083,0.04153056905585475,0.3688575494686399,0.20382666465280833,-0.0076999999999999985,0.010099999999999998,0.02505290285832662,-0.0020151395484137025,,-0.020618290977310678,0.0013413415870289433,,,,,,0.006883266342524612,4.0318,,-1.7294360311213857,,,-0.05360539951608967,-0.07363391325655466,,,-0.7696586167072851,0.025055909977897504,0.048701077699661255,0.49552297592163086,0.5143726861414039,1.0,0.9769356502031948,-3.225342404566119,0.02981479468105623,0.016446804897676748,,,0.5161703067837308,,0.25714802742004395,-1.8801519656464203,2.2559449672698975
202312,4769.83,70.30369194373773,192.42999999999998,0.045506,0.044157,0.047400000000000005,0.0564,0.04019999999999999,0.03365017975814366,0.043353059882547784,0.0524,0.0043,0.014739244783092423,0.015391149337479253,0.040343156883997956,0.3653468375187743,0.19442397015193075,-0.01220000000000001,0.008999999999999994,0.009702880124404123,-0.0009933203278934544,,-0.017441345209419524,0.0007970135007657951,,,,,,0.005746815170298002,5.96,,-1.7390119106389461,,,-0.05661611047668025,-0.049199841290834545,,,,0.04472498361634994,-0.0005045393481850624,0.509056568145752,0.5465372291334412,0.9994547879745745,0.9994547879745745,-3.2497464949586576,0.036563870020219325,0.014325882365347565,,,0.7880318173317662,,0.23950281739234924,-1.924310864211566,3.351642370223999
202401,4845.65,70.47740320664857,192.08333333333331,0.015831,0.014936,0.0487,0.056799999999999996,0.0406,-0.0028062131931545498,-0.00170130857950046,0.052199999999999996,0.004699999999999999,0.014544468380227334,0.014775663536572283,0.03964036472575059,0.36691055899339825,0.19207581591756814,-0.0116,0.008099999999999996,0.0011049046136540897,0.005447503797930464,,-0.01518814015790995,0.0009795054329072334,,,,,,0.005824093095077317,8.7764,,-1.8856493460014476,,,-0.07085418583030378,0.06106551676171934,,,,-0.029560808934835276,-0.05537937581539154,0.4931923747062683,0.5691125129348779,0.9917589766479643,0.9917589766479643,-3.267704838484409,0.039138266908496186,0.01999585540137752,,,1.0522597454235025,,0.21157026290893555,-2.0639961874560235,4.104531288146973
202402,5096.27,70.65111446955943,191.73666666666665,0.053031,0.051399,0.050300000000000004,0.057699999999999994,0.0421,-0.013119302417756606,-0.015029994682124959,0.0524,0.0042,0.013863298936194398,0.01458031728861132,0.0376229412230252,0.3684799349953553,0.18790841921521453,-0.010300000000000004,0.00739999999999999,-0.0019106922643683522,0.0061896717755507424,,-0.01367768517391731,0.0012548828023201948,,,,,,0.006966206961162132,5.6772,,-2.048271160716579,,,-0.060614721842842556,0.03854221289984272,,,,-0.02422104685956646,0.06010622903704643,0.5092180967330933,0.6187230333063263,0.9965465188813215,0.9965465188813215,-3.3213791837513553,0.04367541781341997,0.016105573130777845,,,1.0522597454235025,,0.18644578754901886,-2.0630446929705935,5.4270806312561035
202403,5254.35,70.82482573247027,191.39,0.032211,0.031069,0.0501,0.0575,0.0421,0.006425960881963233,0.012929238074790739,0.0524,0.0043,0.013479274454969744,0.013897384897674234,0.036425057333447516,0.370054996250955,0.19564115891102576,-0.010300000000000004,0.007400000000000004,0.006503277192827506,0.006464169937420605,,-0.011172207050879157,0.0007818500221365714,,,,,,0.005692865035629177,5.7134,,-1.7891819905790551,,,-0.05930607339920613,0.0598333754102498,,,,-0.006761515090893062,0.016058893874287605,0.4987100064754486,0.6323401324821548,1.0,1.0,-3.3537362609046926,0.038860785538417555,0.01512774473991355,,,1.0522597454235025,,0.16616931557655334,-1.9740508979128908,3.261505603790283
202404,5035.69,71.20848368988366,192.9033333333333,-0.0398,-0.040584,0.0528,0.06,0.0454,-0.02327396233777168,-0.025447370635779065,0.0524,0.004699999999999999,0.01414075999314566,0.013552291661172867,0.03830722966134399,0.3691407631968534,0.2059439516478774,-0.006999999999999999,0.007199999999999998,-0.0021734082980073843,0.0038932930343353878,,-0.011515041473311652,0.0015576865262967939,,,,,,0.007413291525081448,2.7431,,-1.8477305910076125,,,-0.06184565944896825,-0.005597903763696954,,,,-0.020842565010034182,-0.0178731270134449,0.49339789152145386,0.6407792737955887,0.9499728316640862,0.9499728316640862,-3.306516223902145,0.0368534135716605,0.02450913976289005,,,1.0522597454235025,,0.17999687790870667,-1.9990613988589414,2.871398687362671
202405,5277.51,71.59214164729707,194.41666666666666,0.049431,0.04789,0.0525,0.059500000000000004,0.044800000000000006,0.014567690505806086,0.01872990996465762,0.0525,0.0044,0.013565515109833438,0.014216947756374415,0.03683871118513592,0.36824076286650875,0.20131043738458454,-0.007699999999999992,0.007000000000000006,0.004162219458851535,0.0016616275657954649,,-0.012130354744654131,0.00082868581627905,,,,,,0.005608429517935294,5.1651,,-1.893915512972522,,,-0.05608588039090012,-0.06611570247933884,,,,-0.015947933326585315,0.012296454980969429,0.51878821849823,0.6269401766838991,0.9670712053593191,0.9670712053593191,-3.345031531863851,0.03210407500151513,0.015602808087473347,,,1.0522597454235025,,0.1703743189573288,-1.9472528303321324,3.6613428592681885
202406,5460.48,71.97579960471046,195.93,0.037199,0.036012,0.0513,0.0582,0.0431,0.010085417309869227,0.006360847820012339,0.0524,0.0040999999999999995,0.013181222091228328,0.013638211884906036,0.03588146097046414,0.36735466546578094,0.19908453364949796,-0.009300000000000003,0.006900000000000003,-0.003724569489856888,0.0003375054526233434,,-0.014269685047759767,0.00035588872853509494,,,,,,0.005712169334858344,6.3316,,-1.793435371747652,,,-0.0561768233303086,0.062331666025394306,,,,-0.04410960395501388,0.02753511071205139,0.49791419506073,0.6287004643862462,0.9778837349347898,0.9778837349347898,-3.369731573079934,0.03146001870283621,0.014068254225739098,,,1.0522597454235025,,0.14382250607013702,-1.5928445361627437,2.717578887939453
202407,5522.3,72.45063293804378,197.37666666666667,0.012147,0.011296,0.0512,0.0584,0.0425,0.021878668409045732,0.023835001887457574,0.052000000000000005,0.0045000000000000005,0.013119648142629661,0.013268180258520092,0.03574175011619554,0.3670678716061192,0.19068139076688934,-0.009500000000000001,0.007199999999999998,0.0019563334784118425,0.0011617728972705965,,-0.011832142676832353,0.0017478781561980129,,,,,,0.007593141267875062,8.8723,,-1.9184109225274324,,,-0.06571446152244764,-0.0418930339249064,,,,-0.011750602206511002,-0.006447932682931423,0.4864404797554016,0.5771014167681892,0.99137605441807,0.99137605441807,-3.3730574771440494,0.03761030431788931,0.024830429554692408,,,1.0522597454235025,,0.11262142658233643,-1.818470708555883,2.608860731124878
202408,5648.4,72.92546627137712,198.82333333333335,0.024282,0.022896,0.0487,0.055999999999999994,0.0387,0.012792391323195318,0.015726269665454984,0.050499999999999996,0.0048,0.012910818332868976,0.013205632847070445,0.035199938625687516,0.36678525125175004,0.18737687389866198,-0.011799999999999998,0.007299999999999994,0.002933878342259666,0.0008138869460163622,,-0.011028220713628233,0.003184233292701922,,,,,,0.005917745741571192,-23.1214,,-1.9952188362617729,,,-0.06156211359462915,-0.060987903225806384,,,,-0.014960345569129414,-0.0870160460472107,0.4994489848613739,0.6174759412842419,1.0,1.0,-3.384680871219657,0.03804465703128256,0.019762912493987674,,,1.0522597454235025,,0.19587714970111847,-1.7146627294016479,2.5111656188964844
202409,5762.48,73.40029960471045,200.27,0.022821,0.021707,0.046799999999999994,0.0542,0.037200000000000004,0.012023027371755202,0.017729751783474912,0.0472,0.004,0.01273762331577905,0.012994883436851226,0.03475413363690634,0.36650671395970663,0.18398139387646867,-0.009999999999999995,0.007400000000000004,0.00570672441171971,0.0016042135224081377,,-0.01028257590783112,0.001465738275808614,,,,,,0.006878949895704891,10.4335,,-1.9245660411812628,,,-0.06816620932547846,-0.07742887815351573,,,,-0.004349961568506546,-0.035662662237882614,0.4797135889530182,0.607328677288738,1.0,1.0,-3.3959815351480853,0.03570703120886922,0.025678310103222354,,,1.0522597454235025,,0.23657254874706268,-1.8308856628675325,2.267241954803467
202410,5705.45,73.87761793306055,203.57,-0.00869,-0.009524,0.0495,0.056299999999999996,0.040999999999999995,-0.023811134983336535,-0.024271329528840258,0.0451,0.0039000000000000003,0.012948604918641046,0.012820455417296121,0.03567992007641816,0.3629101436020069,0.18647784450809393,-0.004100000000000006,0.0067999999999999935,-0.00046019454550372263,0.0011512808395786056,,-0.00945764416791008,0.0010623020532058245,,,,,,0.008873978109151142,35.0558,,-1.954966968765179,,,-0.0719500985073438,0.012072727272727235,,,,0.0034772901271907146,-0.06753400713205338,0.5130042433738708,0.609076721880909,0.9650509948837586,0.9650509948837586,-3.373349000916371,0.029449528670426807,0.04872061464019047,,,1.0522597454235025,,0.25612062215805054,-1.8837221948812348,2.8517396450042725
202411,6032.38,74.35493626141064,206.87,0.060421,0.059016,0.051399999999999994,0.057800000000000004,0.0436,0.007772492136525644,0.01337707770668306,0.044199999999999996,0.004,0.012325970224258194,0.013032264985480662,0.034293264018513424,0.3594283185643672,0.1734100931516244,-0.0005999999999999964,0.00640000000000001,0.0056045855701574165,-0.0005417152415225779,,-0.004120575988285315,0.0012639851227778652,,,,,,0.005435992823986824,3.3578,,-2.057857979673412,,,-0.07410981966829944,-0.018970968669157595,,,,-0.012883974238233904,0.06414907425642014,0.5111255049705505,0.6430894168931537,1.0,1.0,-3.415482602676501,0.030783611752018984,0.01739157782763971,,,1.0522597454235025,,0.1766442060470581,-1.9068403860136551,3.220691204071045
202412,5881.63,74.83225458976072,210.17,-0.023446,-0.024622,0.052000000000000005,0.057999999999999996,0.043899999999999995,-0.015407896546980382,-0.019353569320478714,0.042699999999999995,0.0037,0.012723046942728584,0.012405096262132147,0.035733291621540285,0.35605583380007005,0.18305565362345344,0.0011999999999999997,0.0059999999999999915,-0.003945672773498332,0.00035499995245547034,,-0.00461226683838708,0.0016434849897110045,,,,,,0.007692812912195694,12.3286,,-2.0143397967903387,,,-0.06411680450001445,0.061236448871960114,,,,-0.013071589904117447,-0.07754592597484589,0.542711615562439,0.6284381184291703,0.9451322298553962,0.9451322298553962,-3.374636185753983,0.03364983310954065,0.024268338683946723,,,1.0522597454235025,,0.19543753564357758,-1.9604651863307678,2.8180575370788574
202501,6040.53,75.2699367248546,212.3433333333333,0.028948,0.028135,0.0546,0.0608,0.0463,0.005174130222160178,0.0055266757865937155,0.0421,0.0037,0.012460816637754403,0.012797462051311388,0.03515309638944485,0.3544728037526707,0.17483487358529617,0.004200000000000002,0.006199999999999997,0.00035254556443353735,0.006546157380269646,,-0.006192115291030888,0.0015246590148579179,,,,,,0.005758729182782813,,,-2.1528021384889575,,,-0.06710854639283692,0.005521811154058698,,,,,-0.0514872744679451,0.5155795812606812,0.6284073836400315,0.9895725866862872,0.9895725866862872,-3.393302705271971,0.03442260779389435,0.023079998086899756,,,1.0522597454235025,,0.1715545356273651,-1.9309059671413968,2.555461883544922
202502,5954.5,75.70761885994848,214.51666666666665,-0.014308,-0.015503,0.053200000000000004,0.0592,0.044500000000000005,0.021558670599324703,0.020385889807962077,0.042199999999999994,0.0033,0.012714353658568895,0.012533274209373762,0.03602597475298793,0.35292185001918336,0.17764138563729628,0.0023000000000000104,0.005999999999999998,-0.0011727807913626265,0.004441702264292413,,-0.007631765682151109,0.0012607826453373977,,,,,,0.005831242341565302,,,-1.9963265561502825,,,-0.05718928885432639,-0.039401427786930454,,,,,-0.03340432420372963,0.5077887773513794,0.6432838253322212,0.9739385756088546,0.9739385756088546,-3.367053381795258,0.03361116807634843,0.031825367205130205,,,0.8061903230793789,,0.1699834018945694,-1.8859724688842125,3.5943844318389893
202503,5611.85,76.14530099504236,216.69,-0.0577,-0.058922,0.0529,0.0593,0.042800000000000005,0.0022961917235044815,-0.002882869002788113,0.042,0.0034000000000000002,0.013568662917761943,0.012787858089687187,0.03861293512834448,0.351402007453239,0.1958332222268781,0.0008000000000000021,0.006399999999999996,-0.005179060726292595,0.002247071285750968,,-0.012111914995738006,0.0035319918901065396,,,,,,0.006851682457771863,,,-2.143669985172335,,,-0.05813511257677284,0.027154494783478755,,,,,-0.06889460980892181,0.47638288140296936,0.6310202304405241,0.9330813230716462,0.9330813230716462,-3.296077354772425,0.034201415341120894,0.04400394501298151,,,-1.0903394374642605,,0.20581524074077606,-1.7445003760496867,5.147782325744629
202504,5569.06,76.54644396048892,218.63666666666666,-0.00582,-0.006627,0.0545,0.061799999999999994,0.042800000000000005,0.0063340008145533755,-0.0003268575911189453,0.0421,0.0034999999999999996,0.013744948691608442,0.01364014433038818,0.03925916881245069,0.3501079902448,0.20224906416034086,0.0007000000000000062,0.007299999999999994,-0.006660858405672321,0.0031144562678433463,,-0.012935265463243511,0.019337891327404936,,,,,,0.00982836342332665,,,-2.2904597678990943,,,-0.05762864608079976,-0.17142062056490892,,,,,0.07651383429765701,0.4833638668060303,0.6379404658175866,0.9034816692747418,0.9034816692747418,-3.279479664794019,0.03462649942150205,0.05607797238246099,,,-1.9120636657902248,,0.5076786279678345,-1.6678746677467258,5.225445747375488
202505,5911.69,76.94758692593545,220.58333333333331,0.063333,0.061928,0.0554,0.0629,0.044199999999999996,-0.010282245315233807,-0.00011295135957767322,0.0425,0.0038,0.013016174211762705,0.013816979333304983,0.03731307516688685,0.34883681266007766,0.19459016746364508,0.0016999999999999932,0.0075,0.010169293955656133,0.002088561230692454,,-0.013919579066256963,0.0023763816055930803,,,,,,0.0065833588738307795,,,-2.045316746565721,,,-0.05959106365447919,0.03207388748950457,,,,,0.09512647986412048,0.5076169371604919,0.640818695306734,0.939041907813651,0.939041907813651,-3.3316625150844996,0.03465141732625754,0.03082567264057436,,,-1.6360410152153533,,0.5271401405334473,-1.6824591065264856,5.147310256958008
202506,6204.95,77.34872989138199,222.53,0.050912,0.049719,0.0546,0.061500000000000006,0.0438,0.012544405919085566,0.01868664347929494,0.042300000000000004,0.0034000000000000002,0.012465649181924431,0.013084030098226057,0.03586330268575895,0.34758787530392304,0.18653776853808288,0.0014999999999999944,0.006900000000000003,0.006142237560209374,0.0034093913800881115,,-0.011158310584946504,0.0008617102449127801,,,,,,0.006003190336458584,,,-2.0451161299512473,,,-0.05487431472445525,0.07875040676862999,,,,,-0.00023668417998123914,0.525664746761322,0.6238853965258198,0.9795781493951664,0.9795781493951664,-3.3709086158376653,0.03544361500713979,0.023430062415007176,,,-0.018939278616962662,,0.5432301163673401,-1.6952277269982299,4.567209243774414
202507,6339.39,77.72453610828293,226.37333333333333,0.022965,0.022194,0.0545,0.061,0.043899999999999995,-0.003920727269667856,0.0006536786935764649,0.0425,0.0034000000000000002,0.012260570198123625,0.012526214733121611,0.03570900880578941,0.3433466962022158,0.18638471205488752,0.0013999999999999915,0.006499999999999999,0.004574405963244321,0.0015097919463296083,,-0.009865318831313941,0.000371189652713871,,,,,,0.007480449699046401,,,-2.0543796985646994,,,-0.05113563156210699,0.061236802413273006,,,,,-0.001323763863183558,0.5101469159126282,0.6124133118822646,0.9803825650841382,0.9803825650841382,-3.3753159739618304,0.03406344883826605,0.024206152077647095,,,0.7878081273736899,,0.18166182935237885,-1.6371317933042326,2.8335609436035156
202508,6460.26,78.10034232518387,230.21666666666664,0.019485,0.018284,0.0535,0.06,0.0426,0.010554145426748152,0.01013123359580037,0.0412,0.0038,0.012089349704993898,0.012319851330362048,0.035635820642925614,0.33924712513654043,0.18059856563460044,0.0013999999999999985,0.006499999999999999,-0.00042291183094778084,0.002872638121889093,,-0.00911803872300207,0.0011437437945919773,,,,,,0.005829459613943309,,,-1.8757345704940331,,,-0.0541255842274877,-0.0852757248436613,,,,,0.0003597175527829677,0.48521876335144043,0.6247395713439085,0.9979836491961548,0.9979836491961548,-3.37612154251876,0.03548462109134786,0.02063647373292571,,,1.0522597454235025,,0.12918305397033691,-1.6781180567151466,2.7644779682159424
202509,6688.46,78.4761485420848,234.06,0.03894,0.037804,0.0521,0.0583,0.0412,0.008471317881292961,0.015009787108732242,0.0392,0.0033,0.011733066885663486,0.012147521700687712,0.03499460264395691,0.3352821863713783,0.1772783201994746,0.0020000000000000018,0.006199999999999997,0.006538469227439281,0.002543398276415587,,-0.008640748363009163,0.00045940132540017,,,,,,,,,-1.9968548427965447,,,-0.054039199282711614,-0.018489745183343675,,,,,0.05706659331917763,0.5057111382484436,0.5331165581190512,1.0,1.0,-3.392935333695268,0.03695829768819571,,,,1.0522597454235025,,0.09405519813299179,-1.561750469912213,2.96217679977417
202510,6840.2,78.62415244538795,238.19666666666666,0.023013,0.022302,0.0513,0.0574,0.0406,0.006170613953295545,0.00383988531542534,0.0382,0.0037,0.011494423035201888,0.011755195133915423,0.034823055856066584,0.33008082583882203,0.17293615797364625,0.0023999999999999994,0.006100000000000001,-0.0023307286378702052,-0.001043719211822669,,-0.008995502780084094,0.0016457716371345839,,,,,,,,,-2.058054342767905,,,-0.05879606824816985,-0.022479024853569785,,,,,-0.012242637574672699,0.49565157294273376,0.5495171821530791,0.9969920159509097,0.9969920159509097,-3.397273056848695,0.03881678072802115,,,,1.0522597454235025,,0.13138949871063232,-1.608450107137167,3.241917371749878
202511,6849.09,78.77215634869108,242.33333333333331,0.002286,0.001166,0.0526,0.058600000000000006,0.0409,0.006178076888226247,0.006536836647087263,0.0378,0.003,0.011501112753473977,0.011516060400089338,0.03538182931357791,0.32505704132884905,0.17237965463461005,0.0030999999999999986,0.006000000000000005,0.00035875975886101585,-0.001044809699779048,,-0.008713434597469075,0.001699642673234289,,,,,,,,,-2.0323652865195108,,,-0.06095822433958098,-0.05133603238866402,,,,,0.06011330336332321,0.45786479115486145,0.607992104739417,0.9888425653644548,0.9888425653644548,-3.381642610389912,0.040714076788120265,,,,1.0522597454235025,,0.13283629715442657,-1.6281995023275497,3.1107213497161865
202512,6845.5,78.92016025199422,246.47,0.000834,-0.000293,0.053099999999999994,0.059000000000000004,0.0414,-0.003303396726894725,-0.002004335219435438,0.0359,0.0034000000000000002,0.011528764918850956,0.011522722033437174,0.03600467460375429,0.32020189171904984,0.17113560057998525,0.005499999999999998,0.005900000000000009,0.001299061507459287,-0.00020979754536887274,,-0.029749893944531786,0.0006487744395516872,,,,,,,,,-1.911320688348186,,,-0.056746482070347604,-0.022533287811539737,,,,,-0.019289342686533928,0.48568442463874817,0.6156367396833864,0.9862948060337574,0.9862948060337574,-3.3646724605981975,0.03730606560062413,,,,1.0522597454235025,,0.14851424098014832,-1.6457610581991602,3.204057216644287
